id,label,dim_1,dim_2,dim_3,dim_4,dim_5,dim_6,dim_7,dim_8,dim_9,dim_10,dim_11,dim_12,dim_13,dim_14,dim_15,dim_16,dim_17,dim_18,dim_19,dim_20,dim_21,dim_22,dim_23,dim_24,dim_25,dim_26,dim_27,dim_28,dim_29,dim_30,dim_31,dim_32,dim_33,dim_34,dim_35,dim_36,dim_37,dim_38,dim_39,dim_40,dim_41,dim_42,dim_43,dim_44,dim_45,dim_46,dim_47,dim_48,dim_49,dim_50,dim_51,dim_52,dim_53,dim_54,dim_55,dim_56,dim_57,dim_58,dim_59,dim_60,dim_61,dim_62,dim_63,dim_64,dim_65,dim_66,dim_67,dim_68,dim_69,dim_70,dim_71,dim_72,dim_73,dim_74,dim_75,dim_76,dim_77,dim_78,dim_79,dim_80,dim_81,dim_82,dim_83,dim_84,dim_85,dim_86,dim_87,dim_88,dim_89,dim_90,dim_91,dim_92,dim_93,dim_94,dim_95,dim_96,dim_97,dim_98,dim_99,dim_100
1,sport,-0.007832937,-0.07536806,-0.089521386,0.010501231,-0.040346637,0.2438443,0.099990256,0.106531754,0.02684526,0.049233254,-0.22041991,0.09988522,-0.017476521,0.29619503,-0.17606448,-0.15711132,0.0780349,-0.25886145,-0.17703727,0.07067297,0.18316327,0.037740454,-0.14288805,-0.030016681,0.07668038,0.061912484,-0.07057193,0.10079298,-0.18841943,-0.040636882,0.15103914,-0.22882658,0.1526024,-0.045028258,-0.00925615,-0.2665751,0.16495658,-0.24348491,0.0023345551,-0.06358479,-0.025504002,-0.14392883,0.1617713,-0.12440475,0.035269506,0.076906875,0.16815197,0.1935917,0.30317557,-0.23920082,-0.032041434,-0.37159216,-0.065190785,0.046219647,0.081524044,-0.13217607,-0.08447791,0.06753023,0.0952267,0.28013462,-0.16502199,0.08070532,-0.26528713,0.23863024,0.044817526,-0.028879605,-0.039932687,-0.16051203,-0.078308225,-0.06225491,-0.050185565,0.003877981,-0.13453272,0.09006496,0.10611962,-0.04474202,-0.017012255,0.048447285,-0.09758986,-0.0858221,0.010549734,-0.0135999955,-0.09255723,0.06935468,-0.15387063,0.06197585,0.02876622,-0.26523623,-0.07320728,0.101657756,-0.32228926,0.13572861,0.045778535,-0.2726902,0.1564507,-0.03727769,-0.083651654,0.16894719,-0.07557527,-0.14175616
2,sport,-0.0076923245,-0.0895028,-0.111302145,0.01600657,-0.029429123,0.27909318,0.119728066,0.11871581,0.041412193,0.07291397,-0.22290285,0.117435746,-0.026170125,0.3084243,-0.19952315,-0.16653492,0.09352276,-0.26571456,-0.18423721,0.07538946,0.21178997,0.076244585,-0.13843971,-0.055271298,0.09602595,0.093524076,-0.08031572,0.12044987,-0.2229248,-0.055165306,0.16232233,-0.23370773,0.16734698,-0.063585006,-0.0001824834,-0.30943704,0.16986206,-0.2765126,0.0019273192,-0.074253194,-0.017286511,-0.15854393,0.18560551,-0.13474299,0.013020748,0.0769603,0.19093473,0.21232226,0.35127413,-0.2704511,-0.04410306,-0.39189726,-0.08072933,0.045726497,0.07749481,-0.17307428,-0.08074477,0.09994321,0.10670287,0.3168244,-0.18776174,0.0939165,-0.29370368,0.25110528,0.038371656,-0.050467417,-0.051059216,-0.1899247,-0.07901125,-0.08293249,-0.07083731,-0.0010010058,-0.13821523,0.12123587,0.10969914,-0.06998947,-0.028326953,0.061667435,-0.10489344,-0.09805796,0.023484504,-0.011946269,-0.100698926,0.09414798,-0.14346786,0.0828906,0.043602265,-0.32095695,-0.07491897,0.1209121,-0.340505,0.16887075,0.06467519,-0.31336895,0.13778901,-0.03370688,-0.1009166,0.19913405,-0.07267581,-0.16638312
3,sport,0.0014530172,-0.09702494,-0.10716096,0.013160558,-0.023965098,0.26394668,0.11994202,0.11148383,0.028954724,0.07537978,-0.22420561,0.108650334,-0.02736939,0.29328382,-0.19906154,-0.16808407,0.09260803,-0.26241368,-0.18270724,0.07811632,0.21366957,0.076694064,-0.11982985,-0.06113254,0.09212267,0.11832436,-0.09326903,0.11458138,-0.22216937,-0.055337343,0.16438136,-0.2289248,0.16794457,-0.059776764,-0.0084165055,-0.31751907,0.15149708,-0.27247402,0.009699428,-0.076831065,-0.006357443,-0.14848207,0.1964613,-0.12173209,0.0077069253,0.089461364,0.18538819,0.20850357,0.3606329,-0.25636294,-0.046704676,-0.387465,-0.08694561,0.049949992,0.059302524,-0.19004038,-0.068051055,0.11461701,0.108818986,0.31017634,-0.18873419,0.09482451,-0.27224013,0.24645196,0.0474012,-0.068456054,-0.05246895,-0.17574659,-0.0575232,-0.08648907,-0.06751667,-0.013425926,-0.12722704,0.114371404,0.12045941,-0.061250392,-0.025810847,0.07150688,-0.09340385,-0.10545023,0.031583857,-0.0309003,-0.10355174,0.10046392,-0.14370571,0.076754056,0.029797863,-0.31716996,-0.057309043,0.1305779,-0.33586708,0.16236854,0.07112467,-0.3087788,0.12371381,-0.027106881,-0.09542055,0.20261219,-0.077250764,-0.16178188
4,sport,0.007492181,-0.07852381,-0.10633567,0.030866377,-0.007871907,0.24657677,0.12608635,0.10040938,0.038588677,0.087861665,-0.1865269,0.10022142,-0.033107396,0.24563505,-0.19364263,-0.15985768,0.0711477,-0.21697907,-0.15296857,0.051791307,0.18081112,0.06966479,-0.10394766,-0.06422237,0.08629697,0.10877391,-0.08141677,0.11177137,-0.20927031,-0.04796276,0.1498289,-0.18572499,0.15694936,-0.06562159,0.01102443,-0.2922397,0.13485678,-0.26675165,-0.0172162,-0.065132014,-0.002088008,-0.14988887,0.16972212,-0.12960704,0.0053160894,0.07148878,0.16662045,0.17676735,0.30657902,-0.25387445,-0.047954425,-0.32539043,-0.06627945,0.04285275,0.05169331,-0.15520243,-0.050193816,0.10095052,0.089359395,0.28086,-0.15558986,0.08566127,-0.2668717,0.19874223,0.017966082,-0.06597153,-0.04139503,-0.18324555,-0.096311636,-0.0731353,-0.077556476,-0.005523887,-0.13453898,0.13232575,0.080639675,-0.06668369,-0.027960971,0.07002915,-0.085050814,-0.09254351,0.03514454,0.005774934,-0.08696299,0.097206526,-0.120074295,0.08556339,0.054464906,-0.2929193,-0.05738065,0.104397796,-0.302093,0.15279932,0.06561942,-0.29259828,0.0995618,-0.02312948,-0.09497309,0.18449782,-0.06752137,-0.14479527
5,sport,0.046890788,-0.1716534,-0.0467535,-0.11442302,-0.035821695,0.2287167,0.30547392,0.044632677,-0.16040768,-0.029431803,-0.24413848,0.12115384,0.015256055,0.33379194,-0.22101177,-0.16414991,0.052324098,-0.28534067,-0.17924225,0.14722551,0.30542916,0.036425427,-0.15769617,-0.078508355,0.058221463,0.16622412,-0.21861401,0.10374675,-0.23939878,-0.09767667,0.13493906,-0.27835977,0.24717776,-0.101947814,0.0005119525,-0.36056578,-0.0209353,-0.3448007,-0.06162249,-0.09947689,0.035966393,-0.1342337,0.356574,-0.14671488,0.051083524,0.12133321,0.263066,0.23061754,0.24596849,-0.26952168,-0.20353352,-0.32072517,-0.099808864,0.0030063535,0.22195409,-0.2553051,-0.05784943,0.09947265,0.06661987,0.2523528,-0.20252226,-0.016332693,-0.20560561,0.2936173,0.06015113,-0.20930448,0.046236373,-0.13127053,-0.13193755,-0.053236187,-0.0964983,-0.009491357,-0.10759488,0.07509714,0.07249764,-0.026222125,-0.18948077,0.19911122,0.043321215,-0.023581324,-0.026598185,-0.08040956,-0.04447503,0.07278216,-0.29653883,0.19263391,-0.09598146,-0.34888905,-0.023660943,0.14500758,-0.4748276,0.1357605,0.012776772,-0.4357812,0.07857527,-0.027858812,-0.1117641,0.33648008,-0.018458834,-0.10627269
6,sport,0.01681599,-0.08952768,-0.12916204,0.034526277,0.0052886284,0.28274417,0.1627173,0.11719105,0.049303297,0.10974559,-0.19422784,0.1250778,-0.048762985,0.2534913,-0.22672997,-0.18392554,0.083779745,-0.22015558,-0.16574842,0.05686678,0.20014712,0.09858888,-0.10371559,-0.0873782,0.10313615,0.13939969,-0.08953804,0.13628455,-0.23892245,-0.057433423,0.17719696,-0.19063203,0.18525971,-0.0847853,0.021153575,-0.3397593,0.13702689,-0.31061888,-0.027198406,-0.077228226,0.009084647,-0.16522346,0.19896176,-0.14984672,0.0040007494,0.07117913,0.19317281,0.18649437,0.34317636,-0.28958502,-0.064794555,-0.35401255,-0.07089765,0.052876573,0.0420612,-0.18314788,-0.044364184,0.12530087,0.09534165,0.3152426,-0.17789954,0.09533325,-0.29955128,0.20816758,0.007613967,-0.08820388,-0.04835926,-0.21352987,-0.12909202,-0.08919037,-0.105358206,-0.012088604,-0.14751734,0.17315918,0.074530266,-0.080910705,-0.049580302,0.08739278,-0.089733064,-0.114980035,0.0575929,0.017367354,-0.09463079,0.119798444,-0.11770104,0.10915458,0.06432673,-0.34422567,-0.06377933,0.120113485,-0.34104323,0.18598959,0.07746985,-0.34015867,0.083594866,-0.015784636,-0.11178355,0.21408261,-0.07580678,-0.16894482
7,sport,0.009349393,-0.09820326,-0.07533846,-0.009901585,-0.0292936,0.22773798,0.14881535,0.090585314,-0.021928893,0.026709877,-0.22188948,0.10862275,-0.004178711,0.29569122,-0.18278654,-0.15910098,0.0658064,-0.26132777,-0.17011496,0.07992298,0.2080747,0.034528382,-0.14080282,-0.029154865,0.067072965,0.08202278,-0.10144481,0.094931714,-0.19821125,-0.05414039,0.13871463,-0.23266721,0.15981688,-0.058439218,-0.007138471,-0.28330177,0.11956929,-0.26701865,-0.021597065,-0.06523236,-0.00856982,-0.14263967,0.21252789,-0.12737347,0.032809377,0.08928927,0.19218974,0.20671411,0.2724386,-0.23808521,-0.07847611,-0.3442345,-0.06358719,0.032055564,0.12797329,-0.15054512,-0.07572242,0.07575715,0.07580924,0.26536697,-0.16208093,0.051383737,-0.24096504,0.23584187,0.03826219,-0.07326113,-0.008995945,-0.1589487,-0.0984514,-0.056325737,-0.05553948,0.0049232836,-0.13010384,0.08404275,0.09489402,-0.039134182,-0.059484873,0.09343424,-0.06720604,-0.05545947,-0.0017315308,-0.02467391,-0.07756824,0.0661112,-0.1828185,0.08324227,0.00839048,-0.27550384,-0.066409655,0.104001924,-0.3434346,0.13079175,0.028388862,-0.29587954,0.13491611,-0.034411527,-0.09211266,0.20415717,-0.055519257,-0.12937473
8,sport,0.006590149,-0.08477987,-0.14063597,0.03898338,0.012845875,0.31082627,0.15933329,0.124645695,0.072121754,0.12773143,-0.18100215,0.13300577,-0.060439803,0.25576773,-0.22689994,-0.18580665,0.09665497,-0.21164823,-0.16932765,0.05264049,0.20498177,0.100877635,-0.11070799,-0.09259666,0.11118574,0.1437586,-0.07877751,0.13421448,-0.24408923,-0.05319278,0.18369003,-0.18947291,0.18988599,-0.083168216,0.026905665,-0.34691587,0.15718758,-0.31931025,-0.028707376,-0.08340248,0.014239256,-0.1733139,0.19424482,-0.16319592,-0.0042862277,0.07125565,0.19917084,0.17603399,0.3609375,-0.30023098,-0.058883697,-0.3708798,-0.06454007,0.051140346,0.024840683,-0.18468803,-0.048962753,0.12899417,0.10763174,0.32708362,-0.18932693,0.0973057,-0.31878403,0.21100888,0.005739856,-0.074228555,-0.06069266,-0.2221809,-0.14081417,-0.09400135,-0.11959481,-0.019837344,-0.15882915,0.1934153,0.06715199,-0.078336656,-0.047460526,0.091142334,-0.09913099,-0.12194044,0.070813134,0.031106729,-0.09868264,0.12930144,-0.100798495,0.11466914,0.08158716,-0.36009192,-0.070268095,0.12189127,-0.3423339,0.19443053,0.078348644,-0.3399683,0.07842444,-0.015600142,-0.116991,0.21128629,-0.08609707,-0.17629907
9,sport,-0.0026917437,-0.10891129,-0.11093136,0.0058191237,-0.007370972,0.2867597,0.13918556,0.11697702,0.016933361,0.078775294,-0.2126111,0.12814067,-0.022666007,0.30314612,-0.20019111,-0.16756369,0.09773515,-0.25699663,-0.1892431,0.0773057,0.21895339,0.08031799,-0.13128375,-0.06191716,0.09252448,0.1218881,-0.088336766,0.10979366,-0.22406673,-0.061488207,0.1668013,-0.22224905,0.17212108,-0.074689135,0.00848142,-0.33079126,0.1501919,-0.29699737,-0.01146225,-0.081960216,0.00053742394,-0.16021802,0.21600308,-0.13857557,0.008763478,0.09672368,0.20587882,0.20503284,0.35695645,-0.24977833,-0.063771755,-0.39177155,-0.07350008,0.04747356,0.07510334,-0.19002664,-0.07150039,0.11378033,0.09941599,0.3327804,-0.19951782,0.088376865,-0.2888495,0.2516371,0.040448546,-0.070524,-0.046049412,-0.17906204,-0.09820805,-0.093656495,-0.08172981,-0.012694016,-0.14011021,0.134213,0.10343327,-0.06050252,-0.054972354,0.080896206,-0.09359161,-0.08807658,0.041093256,-0.014316858,-0.100962274,0.10558814,-0.14238665,0.088701084,0.039302144,-0.3364696,-0.06888196,0.12986423,-0.3394113,0.17758937,0.057410743,-0.31811938,0.11419838,-0.026682489,-0.10154554,0.20856772,-0.07946025,-0.16834255
10,sport,0.0022490663,-0.08385593,-0.08393147,-0.0074027022,-0.037904736,0.22982858,0.12379938,0.10104312,0.016092295,0.03731062,-0.22570683,0.10446921,-0.018492373,0.28740212,-0.17355226,-0.1661085,0.08083769,-0.26458463,-0.17173219,0.08095019,0.19960442,0.039092172,-0.13075444,-0.02375475,0.07925283,0.07916905,-0.080418065,0.10122149,-0.19033737,-0.04457403,0.14292982,-0.23273991,0.15730736,-0.045722514,-0.024791507,-0.26607594,0.15497012,-0.25589865,0.0055462588,-0.06657187,-0.0076781614,-0.12010428,0.2046973,-0.10536295,0.017617,0.08687477,0.18298092,0.19902007,0.29940408,-0.23794658,-0.050470885,-0.35801902,-0.06960341,0.039770123,0.09039924,-0.15593965,-0.08904768,0.08615024,0.08248321,0.26617634,-0.15903033,0.061185714,-0.2266731,0.2355767,0.050138235,-0.052994728,-0.038721938,-0.17208183,-0.06134337,-0.06393899,-0.055271186,-0.003996913,-0.108456194,0.080681555,0.11186102,-0.040354226,-0.045407053,0.07442643,-0.078800224,-0.08002756,-0.0025455032,-0.023693494,-0.0855826,0.075552225,-0.1530152,0.056040373,0.01315006,-0.26711172,-0.07225363,0.10986859,-0.32889447,0.13606457,0.03528003,-0.2705375,0.12964581,-0.031726543,-0.081224665,0.19522339,-0.06291513,-0.13370335
11,sport,0.0054326323,-0.103794426,-0.10228166,0.0005896188,-0.01126525,0.26999488,0.14549379,0.10750511,0.00477974,0.06531265,-0.20840687,0.1237501,-0.019481925,0.2922413,-0.19563092,-0.15801844,0.0853174,-0.25299954,-0.18151312,0.0771708,0.21168068,0.06997693,-0.12949435,-0.05696599,0.083703995,0.11124653,-0.09054219,0.10363506,-0.21796262,-0.061160184,0.15545271,-0.21720532,0.16870798,-0.07248307,0.0050576073,-0.31562415,0.13657898,-0.2861355,-0.017479233,-0.075428285,0.0013870915,-0.1544285,0.21442725,-0.13776012,0.015836483,0.08707831,0.19850963,0.20277727,0.329415,-0.24618165,-0.06809576,-0.3670026,-0.07044313,0.041824844,0.08933537,-0.17651868,-0.06771747,0.09990568,0.0906358,0.31005412,-0.18770005,0.077571794,-0.27615944,0.23897785,0.03663732,-0.074307315,-0.035710417,-0.17039709,-0.10121918,-0.08380323,-0.07357722,-0.0016896939,-0.13661057,0.124331765,0.09545041,-0.058177266,-0.057245262,0.08280642,-0.08475306,-0.07773233,0.031757116,-0.016318202,-0.09118943,0.09785631,-0.15229622,0.09367736,0.029439293,-0.3180288,-0.06537995,0.12389571,-0.3368436,0.16540481,0.04978303,-0.3099949,0.117385276,-0.030082075,-0.10141359,0.20447044,-0.070311226,-0.15511544
12,sport,0.029442225,-0.14383772,-0.055639863,-0.06484506,-0.027424157,0.22040309,0.23635614,0.053603828,-0.10951014,-0.0016155117,-0.23634923,0.1020519,0.015804749,0.3180705,-0.20582542,-0.15997055,0.046288002,-0.28372076,-0.1779351,0.11370405,0.2593253,0.025153661,-0.14981148,-0.05738298,0.053934474,0.14011791,-0.17807975,0.08934543,-0.22254883,-0.07831336,0.12804212,-0.25652573,0.21506242,-0.076497875,-0.0022995598,-0.32805303,0.038068786,-0.31506205,-0.056907378,-0.085728,0.0237121,-0.14054742,0.30987898,-0.14377959,0.042658485,0.11532191,0.2326697,0.2155572,0.2579571,-0.25987467,-0.14647423,-0.32161424,-0.081013344,0.01018372,0.18286042,-0.21265778,-0.067214034,0.085220024,0.07082111,0.25793523,-0.17344747,0.011068753,-0.2151824,0.2630141,0.054755714,-0.16209704,0.020628234,-0.14019863,-0.11789803,-0.05687452,-0.0768991,0.0023437715,-0.1251881,0.07148008,0.08263256,-0.030964315,-0.1313063,0.1561991,0.0041399063,-0.031352706,-0.018385716,-0.06258585,-0.05527282,0.07674746,-0.25830767,0.14988202,-0.05307241,-0.3141448,-0.038365547,0.1368493,-0.4161481,0.12206319,0.021430897,-0.37743634,0.1039502,-0.031433187,-0.09335168,0.28257847,-0.040871777,-0.10527719
13,sport,0.0036029082,-0.10051307,-0.14082882,0.029041743,0.015500453,0.31733721,0.17251259,0.13540116,0.054001294,0.11923088,-0.18855608,0.14914626,-0.048943218,0.26796895,-0.23381443,-0.1882885,0.10156708,-0.22001542,-0.1722169,0.057574585,0.22015202,0.13801222,-0.09959715,-0.1017363,0.112606145,0.16225377,-0.08802543,0.14717345,-0.25157645,-0.07030484,0.18648154,-0.18745318,0.18996836,-0.10143194,0.032148466,-0.36075428,0.14966223,-0.3430383,-0.019106325,-0.08896827,0.01893516,-0.1716062,0.21877907,-0.14964737,-0.022109874,0.07224055,0.21601874,0.19218871,0.38093832,-0.29270968,-0.07468082,-0.372364,-0.07194975,0.051210817,0.04047664,-0.21650302,-0.04418468,0.15211062,0.09869847,0.35118312,-0.20467082,0.10583673,-0.3155494,0.22718349,0.006337855,-0.09576406,-0.0639883,-0.23162131,-0.12556916,-0.110266976,-0.12176071,-0.024736067,-0.14062984,0.19345196,0.06928926,-0.09875223,-0.06940577,0.09223486,-0.096989416,-0.11987383,0.06915474,0.020754883,-0.103416845,0.13528262,-0.093705595,0.120981134,0.077747785,-0.3888275,-0.073421404,0.12783061,-0.3445712,0.22655782,0.0807935,-0.35936752,0.06435011,-0.013073827,-0.11743145,0.22917451,-0.0698713,-0.18266834
14,sport,0.08549184,-0.20863988,-0.021832729,-0.14770244,-0.022529468,0.19872831,0.42056784,-0.03220368,-0.24285841,-0.045697,-0.26182488,0.08404615,0.04886201,0.34035024,-0.25226516,-0.17289883,-0.0022499077,-0.31212744,-0.1737879,0.16063832,0.35360095,-0.027261065,-0.17431256,-0.08161455,0.035724334,0.22315674,-0.31603354,0.07564617,-0.2710912,-0.107337356,0.099576235,-0.29754514,0.3161903,-0.10411174,0.010187788,-0.39666083,-0.108599015,-0.4170506,-0.15162565,-0.10662611,0.07142885,-0.14072685,0.48313206,-0.20302255,0.062952355,0.16273828,0.30420876,0.23328945,0.18421635,-0.3338242,-0.27622712,-0.25742292,-0.09700739,-0.036195274,0.3087815,-0.2894875,-0.05584471,0.09369003,0.042471007,0.20618786,-0.15506186,-0.09169127,-0.17594214,0.28834677,0.050768755,-0.31544727,0.10459881,-0.15206599,-0.2044064,-0.026921766,-0.1095434,0.0053241323,-0.14304383,0.06708471,0.04644923,-0.001910355,-0.26090255,0.30370134,0.13759834,0.027333776,-0.07366446,-0.095713325,-0.016272102,0.08825021,-0.4033785,0.26086706,-0.14454418,-0.36446726,0.00028173113,0.16673307,-0.558241,0.08380741,-0.008448932,-0.51563126,0.05391268,-0.019391876,-0.1128595,0.42878863,-0.014022434,-0.046699498
15,sport,0.026484473,-0.1352668,-0.060939416,-0.06763235,-0.03271447,0.22319499,0.22313835,0.0670754,-0.09284935,-0.0016314648,-0.22706379,0.11170166,0.0038570103,0.31092477,-0.19591688,-0.15211762,0.058068715,-0.275103,-0.17542106,0.114127375,0.25146744,0.030493738,-0.1502639,-0.050633803,0.060144734,0.1195408,-0.15597393,0.094943225,-0.21408594,-0.07545424,0.13107045,-0.25215802,0.20388283,-0.07613435,-0.0061063976,-0.31930608,0.051165447,-0.30367434,-0.043639008,-0.081147805,0.015004559,-0.1370614,0.28562346,-0.13878101,0.04506542,0.10280089,0.22898546,0.21817055,0.2539708,-0.24989974,-0.14040467,-0.32399192,-0.07990013,0.017598774,0.17859507,-0.19493343,-0.07153824,0.08041978,0.0667692,0.25615892,-0.18053634,0.01510926,-0.22082052,0.2573456,0.048893627,-0.14086467,0.019499363,-0.13692814,-0.116337374,-0.05597403,-0.07319035,0.0042887116,-0.11547593,0.07837348,0.08131276,-0.031904653,-0.13140422,0.14221531,-0.010510726,-0.029651258,-0.01766487,-0.050903622,-0.058618303,0.07428187,-0.2426781,0.14027552,-0.04826112,-0.30414557,-0.044734646,0.12506059,-0.40234497,0.12648389,0.018837355,-0.35678017,0.105940446,-0.035567287,-0.09419073,0.2676142,-0.039174363,-0.114826955
16,sport,0.00528299,-0.0792344,-0.1475485,0.018285422,-0.055489384,0.30249244,0.11058662,0.14116117,0.11672462,0.08940305,-0.26009405,0.12790549,-0.067411155,0.307496,-0.21947521,-0.19758394,0.1398473,-0.2703887,-0.17748392,0.07091773,0.24361908,0.06165207,-0.13805605,-0.03711229,0.15392333,0.095037326,-0.07272626,0.1485879,-0.24754211,-0.0358364,0.18105459,-0.26336324,0.1917941,-0.03425659,-0.031515416,-0.3054219,0.22193201,-0.27760297,0.024030013,-0.06578297,-0.03631566,-0.14911649,0.19486907,-0.10694241,-0.0019187898,0.08544792,0.20138456,0.23697542,0.3922337,-0.33420935,-0.02525278,-0.43404946,-0.11673847,0.035262313,0.048035763,-0.18990879,-0.12956162,0.14906,0.11953189,0.32331198,-0.18188658,0.09468456,-0.2796102,0.26572615,0.035347085,-0.03791977,-0.075012594,-0.27079272,-0.036458567,-0.07898537,-0.09489782,-0.011885773,-0.12622003,0.15176904,0.1455607,-0.08546531,-0.0056247977,0.08049416,-0.12253119,-0.12232262,-0.0044411635,0.0012957572,-0.1104642,0.10164183,-0.13169946,0.04568091,0.060473166,-0.3398417,-0.08630917,0.118835405,-0.36485267,0.16820133,0.06823181,-0.31362513,0.12876096,-0.029707631,-0.1402228,0.2229026,-0.08447945,-0.19772694
17,sport,0.0006930414,-0.08039043,-0.115203194,0.019708358,-0.046959415,0.2751438,0.10757407,0.12803642,0.050498024,0.05196187,-0.25630274,0.11914507,-0.030784393,0.3299945,-0.20794378,-0.17807315,0.09820127,-0.2853257,-0.1932419,0.06686332,0.21055524,0.043207865,-0.15323266,-0.032049537,0.10589402,0.06878561,-0.0751394,0.12273285,-0.22599576,-0.04396444,0.17631494,-0.25374505,0.17052393,-0.049200587,-0.01141395,-0.29440165,0.19349222,-0.26621968,-0.0018240629,-0.059492998,-0.03523942,-0.16650975,0.17924863,-0.1319655,0.039538253,0.08653196,0.19065294,0.23136774,0.34982318,-0.28309056,-0.032773875,-0.41841292,-0.084673174,0.04744287,0.08935075,-0.14673254,-0.10426306,0.09134156,0.10908033,0.3181618,-0.18169785,0.096719705,-0.29947728,0.25856727,0.039375257,-0.034639236,-0.046313416,-0.19964433,-0.07757555,-0.07058908,-0.06206942,0.012727531,-0.15434286,0.118929535,0.1305992,-0.06856647,-0.009565096,0.050101057,-0.12358441,-0.095093906,0.0062370603,-0.0077417786,-0.09923353,0.081656165,-0.1652374,0.060587447,0.043890353,-0.30276683,-0.08513059,0.11374125,-0.361216,0.15655342,0.0532648,-0.30565208,0.17231424,-0.042041194,-0.11659345,0.18657643,-0.086259805,-0.17421186
18,sport,0.008629265,-0.08759562,-0.14288247,0.0052581504,-0.046530716,0.2996671,0.12920015,0.13330653,0.10528643,0.0933629,-0.24359146,0.1288463,-0.06531949,0.2939535,-0.21694443,-0.19411257,0.1369953,-0.2616278,-0.17088978,0.076290905,0.24779437,0.070013344,-0.13081375,-0.044273045,0.14886414,0.11066034,-0.077405766,0.14741266,-0.24571109,-0.0406321,0.17213546,-0.2529761,0.19665155,-0.041618034,-0.029021513,-0.31248236,0.20289156,-0.28924322,0.02149544,-0.07338647,-0.021454878,-0.14222412,0.21198924,-0.10736345,-0.014231275,0.084510125,0.20943533,0.22931106,0.38275313,-0.32832226,-0.04134831,-0.41180775,-0.11303141,0.032696012,0.051388025,-0.20414443,-0.12132924,0.15564975,0.11230354,0.31390676,-0.1846948,0.083216205,-0.2651118,0.25837958,0.032480285,-0.054953218,-0.0730871,-0.26835904,-0.040143505,-0.08382788,-0.10176217,-0.019081732,-0.1133559,0.15350437,0.13097972,-0.08111548,-0.030103588,0.09783607,-0.10442609,-0.114820115,-0.0030339018,0.0015284399,-0.10678352,0.10845636,-0.12535559,0.057566196,0.055400748,-0.34453052,-0.082932875,0.119950704,-0.35966355,0.169869,0.06554421,-0.31700096,0.103122056,-0.024451436,-0.13102579,0.23786654,-0.074744605,-0.18878323
19,sport,0.010071998,-0.087153584,-0.082888044,0.016847042,-0.036700394,0.23825409,0.121740825,0.1035075,-0.004312277,0.033425372,-0.2489539,0.10919933,-0.007676307,0.315375,-0.19725297,-0.17763379,0.06999823,-0.2844214,-0.19053912,0.07457887,0.19917159,0.029562162,-0.14438303,-0.025453717,0.07630555,0.07968656,-0.09115083,0.10129579,-0.2123312,-0.05000728,0.16165094,-0.24388036,0.15430634,-0.05003988,-0.012469808,-0.28928563,0.15337531,-0.26233405,-0.014100308,-0.057406936,-0.018111208,-0.15083267,0.20920174,-0.1261417,0.046912175,0.09490789,0.18679118,0.22035292,0.3097367,-0.24853884,-0.05510616,-0.38740134,-0.073575675,0.04936007,0.11136623,-0.14380057,-0.08307621,0.07629508,0.085503735,0.29184675,-0.16243005,0.08005244,-0.2632038,0.23971127,0.04443461,-0.059256516,-0.0234369,-0.16825913,-0.08683623,-0.06598055,-0.044942826,0.011313492,-0.1487062,0.08623399,0.12235676,-0.045807347,-0.02466613,0.06747573,-0.09836282,-0.077531435,0.008504274,-0.02984932,-0.08877717,0.07762986,-0.18765648,0.06358192,0.018930692,-0.27707413,-0.07501897,0.118675314,-0.35251373,0.13585779,0.04121819,-0.29616237,0.16599333,-0.03794143,-0.096845485,0.1877668,-0.07813835,-0.14762963
20,sport,-0.0071869157,-0.08740958,-0.08136184,0.0238575,-0.03830982,0.2634402,0.113458894,0.1169759,0.0019399014,0.049850777,-0.23855485,0.11733336,-0.006473901,0.33344236,-0.19065407,-0.18258952,0.07587333,-0.29163668,-0.19748268,0.0859468,0.19828103,0.054368872,-0.15688679,-0.029591003,0.07155258,0.07817298,-0.078425154,0.10548804,-0.21067223,-0.05487169,0.16675529,-0.24767344,0.14292341,-0.057621777,-0.008982275,-0.30265304,0.1752107,-0.2681008,0.0032651688,-0.07230033,-0.01962867,-0.15427852,0.19145055,-0.1253423,0.029300034,0.09016647,0.18817677,0.21260826,0.32917628,-0.24350145,-0.0410532,-0.4079629,-0.062639974,0.05032279,0.10002527,-0.15292329,-0.0812065,0.07421557,0.096743524,0.30982685,-0.18423775,0.09124652,-0.28604499,0.25645146,0.050691027,-0.03953526,-0.04140673,-0.16442837,-0.08470516,-0.07586209,-0.046080325,-0.0047415206,-0.14236476,0.08210239,0.119598,-0.040518444,-0.022518877,0.058279704,-0.109942004,-0.09147333,0.022249103,-0.028440952,-0.09906867,0.07683234,-0.16880523,0.06451114,0.031171534,-0.29452088,-0.08364919,0.1171964,-0.34676063,0.15977857,0.050700493,-0.2969693,0.16952191,-0.03909263,-0.082168095,0.18376724,-0.07392699,-0.15725583
21,sport,0.057548232,-0.18589836,-0.04195618,-0.14143464,-0.03695187,0.22498259,0.3434378,0.029232591,-0.18545732,-0.040935922,-0.23370168,0.1273535,0.015198337,0.3275649,-0.22397539,-0.15677974,0.049748242,-0.27330676,-0.17067197,0.15838933,0.32166404,0.02870433,-0.16181563,-0.08258925,0.06070537,0.1756509,-0.2389467,0.10472389,-0.24252905,-0.103951186,0.13132836,-0.2796283,0.26748154,-0.109643616,0.005389107,-0.3718242,-0.059322603,-0.3548275,-0.078781344,-0.10161347,0.038982537,-0.13661547,0.37570673,-0.1544584,0.059691213,0.120277695,0.27645198,0.2298012,0.21616012,-0.27593815,-0.23570621,-0.2966877,-0.10438561,-0.0060845944,0.2476195,-0.26108566,-0.05716974,0.09890572,0.059012674,0.2373817,-0.20684335,-0.041028343,-0.19197652,0.29516768,0.051628888,-0.23377796,0.06977604,-0.12149553,-0.15715006,-0.04201415,-0.108325206,-0.007340235,-0.10484789,0.080387466,0.05242902,-0.024922276,-0.22457749,0.22644144,0.07150336,-0.0063053775,-0.039734345,-0.079234056,-0.03215797,0.067823835,-0.31711784,0.21930414,-0.114837,-0.35688427,-0.012502906,0.14023268,-0.49279723,0.1303076,0.0036375336,-0.4598126,0.05740325,-0.028512558,-0.1223243,0.36252263,-0.00582074,-0.10001189
22,sport,0.03184598,-0.117509805,-0.10681855,-0.026240597,-0.010834732,0.26446676,0.21574156,0.07707575,-0.0039071995,0.06352587,-0.20830354,0.123655885,-0.029148007,0.28310522,-0.22173205,-0.17520513,0.08089797,-0.25281546,-0.16774796,0.091281265,0.24810508,0.059339315,-0.13145739,-0.06981216,0.09456877,0.14678033,-0.1325127,0.11952749,-0.23998879,-0.06377316,0.14706191,-0.23110047,0.22019766,-0.078726284,0.0012341763,-0.34326482,0.09422173,-0.32903534,-0.04593299,-0.08403467,0.023329359,-0.14534126,0.26792336,-0.15771173,0.0071483725,0.08369837,0.22590235,0.20893696,0.2961314,-0.30394036,-0.11586455,-0.32710513,-0.08379038,0.025281973,0.123451404,-0.2087687,-0.072775654,0.1236316,0.07934666,0.27100357,-0.17483151,0.03313894,-0.25628927,0.22680724,0.022959523,-0.12897943,-0.013564867,-0.20433591,-0.12919922,-0.071181156,-0.10376342,-0.003662138,-0.12785512,0.14009072,0.07564857,-0.052248202,-0.108668685,0.14819348,-0.03150001,-0.067282245,0.014000658,-0.01147862,-0.07282714,0.11249041,-0.18297027,0.13885486,0.008050915,-0.34214783,-0.06204625,0.12902018,-0.3902182,0.14914127,0.042056285,-0.36706474,0.07050447,-0.02058034,-0.11358891,0.2746772,-0.053908907,-0.1372588
23,sport,0.016129673,-0.10182565,-0.15013602,0.036881372,0.02298421,0.31243563,0.16801696,0.121547885,0.06590908,0.14483832,-0.18343973,0.13213332,-0.059814654,0.250188,-0.23822618,-0.18607652,0.10287565,-0.21452855,-0.17318425,0.05663387,0.21677333,0.11727764,-0.09084263,-0.10999706,0.1176406,0.17727734,-0.09513413,0.13865265,-0.25751233,-0.05784691,0.18493274,-0.18319641,0.20196469,-0.09220868,0.028230937,-0.37253788,0.14081931,-0.33553705,-0.02360553,-0.08868157,0.022922734,-0.17387986,0.21732743,-0.15936157,-0.018335935,0.0817886,0.20259938,0.18210942,0.39050022,-0.29962283,-0.069301285,-0.37094557,-0.078530066,0.0567615,0.012409959,-0.21529733,-0.03466532,0.15432233,0.11036494,0.34627998,-0.19764459,0.109432064,-0.31909162,0.21364017,0.011495151,-0.10210715,-0.0650225,-0.22337638,-0.12629035,-0.10941489,-0.123422235,-0.02516782,-0.15332718,0.20275538,0.076611616,-0.08997288,-0.053937387,0.10015737,-0.08854683,-0.12934282,0.080763444,0.018843276,-0.107024945,0.14917313,-0.097496554,0.12171755,0.07429053,-0.3792209,-0.055731054,0.14090335,-0.34011045,0.20461203,0.09220584,-0.35599512,0.05872395,-0.008083058,-0.11889791,0.23084542,-0.08822867,-0.18419331
24,sport,0.016062893,-0.111840226,-0.11267519,0.0056730546,-0.011023484,0.2854163,0.16896753,0.110487364,0.007994643,0.08344057,-0.22605868,0.12438732,-0.031391237,0.30413395,-0.22092134,-0.18561964,0.08779267,-0.26405868,-0.19134437,0.088671975,0.2296605,0.09199671,-0.12133502,-0.08325995,0.09693803,0.14167608,-0.1100986,0.12742592,-0.2459341,-0.06918931,0.1758665,-0.23200068,0.19204016,-0.08703641,0.0055901795,-0.35245594,0.12810497,-0.3157781,-0.008046335,-0.08828974,0.009688536,-0.15972915,0.22974908,-0.14148968,0.01012406,0.09115992,0.20849285,0.20883459,0.36093456,-0.2776382,-0.07909553,-0.38906664,-0.08424593,0.053427093,0.0757676,-0.21018614,-0.056288898,0.12066436,0.1048984,0.32877368,-0.20064768,0.08970726,-0.2928052,0.25196472,0.041685324,-0.095982246,-0.044060607,-0.18470615,-0.101516895,-0.09520117,-0.09039867,-0.016634008,-0.13445725,0.13976131,0.09811527,-0.06735643,-0.06364313,0.093907975,-0.07928175,-0.11224743,0.048662663,-0.020554438,-0.09652355,0.11385876,-0.15957467,0.11088989,0.026601853,-0.3532484,-0.05844847,0.14121945,-0.3720072,0.18453526,0.07162601,-0.35591632,0.10597454,-0.020967556,-0.1028861,0.23712823,-0.072542176,-0.16877404
25,sport,0.009570092,-0.096118435,-0.119070895,0.014607429,-0.010383606,0.2808822,0.14793868,0.110714175,0.032727618,0.09021935,-0.20251828,0.12216196,-0.040922422,0.27955407,-0.20886596,-0.17396758,0.09246397,-0.23695263,-0.18036838,0.07126117,0.20520955,0.07929296,-0.12075621,-0.07750904,0.10081139,0.12059535,-0.0912081,0.12139219,-0.22836907,-0.053110927,0.16618004,-0.20854093,0.18447927,-0.075917885,0.011988392,-0.32417354,0.13880336,-0.29905427,-0.011516047,-0.07744216,0.00093674636,-0.1600412,0.19974118,-0.14458665,0.00923059,0.07637227,0.19559129,0.18912663,0.3416844,-0.27490786,-0.06837962,-0.37170413,-0.07518127,0.048644476,0.058909565,-0.18013029,-0.058385253,0.11046761,0.10233172,0.3161978,-0.18715668,0.089939415,-0.29318696,0.23355767,0.032417648,-0.0730873,-0.045817155,-0.19002804,-0.10589215,-0.08584142,-0.09049449,-0.009292995,-0.14428867,0.14995782,0.08694568,-0.070204005,-0.049524613,0.08354112,-0.089080326,-0.10372465,0.045464806,0.0037981058,-0.092895485,0.11028403,-0.13311392,0.101813585,0.04772889,-0.32680067,-0.06416238,0.12245002,-0.34479973,0.17485835,0.06518694,-0.32484296,0.104360156,-0.022177802,-0.106455326,0.21089967,-0.07864528,-0.16289377
26,sport,0.043482147,-0.15509664,-0.042915847,-0.09535246,-0.03315308,0.21236353,0.2871021,0.03426264,-0.1409247,-0.026093299,-0.24128994,0.10463819,0.015193895,0.3193384,-0.20965931,-0.16808446,0.038456667,-0.28661886,-0.17218144,0.13529126,0.28474155,0.009524658,-0.15883195,-0.054783855,0.05409248,0.14854129,-0.20798828,0.091993116,-0.2269609,-0.08345825,0.12574728,-0.27101102,0.2302747,-0.08447984,-0.007879032,-0.33873796,-0.001829111,-0.33552024,-0.0730725,-0.09065403,0.03201808,-0.12888247,0.33907676,-0.14727408,0.052295458,0.12234366,0.252353,0.21908884,0.22086287,-0.26818955,-0.1843139,-0.30445156,-0.082858846,-0.00025075054,0.21371509,-0.22557999,-0.06642873,0.084588915,0.05899776,0.22875491,-0.17178321,-0.023507897,-0.19483453,0.27146274,0.05289521,-0.19336487,0.043886967,-0.13908459,-0.14102326,-0.045693193,-0.08648656,-0.0040355884,-0.121304065,0.06573779,0.06942803,-0.0140529815,-0.17392738,0.19840042,0.0392116,-0.017770663,-0.036652807,-0.06692195,-0.04087091,0.06900309,-0.29527813,0.17205751,-0.08632967,-0.31681824,-0.02770593,0.1339463,-0.45999977,0.11249205,0.007707832,-0.40599564,0.088706434,-0.027293414,-0.10174546,0.31551707,-0.027331578,-0.09377711
27,sport,-0.019567454,-0.09069235,-0.121229626,0.025743412,-0.043881673,0.30308324,0.09332767,0.1301554,0.06960316,0.09602235,-0.23924114,0.110307574,-0.03687787,0.33239716,-0.20124151,-0.1655796,0.108492546,-0.29001442,-0.203428,0.086614504,0.21066001,0.08192317,-0.14991194,-0.063763015,0.10403506,0.0886244,-0.06643011,0.12462903,-0.23184536,-0.05479074,0.17239965,-0.25786838,0.17495255,-0.05715055,-0.008341905,-0.32051072,0.20762295,-0.27249393,0.027553227,-0.08529926,-0.026180238,-0.16046706,0.16662063,-0.13962807,0.014045595,0.07743787,0.18788846,0.2106618,0.39114544,-0.28109038,-0.016922425,-0.4374636,-0.08453176,0.061472096,0.051331297,-0.1769223,-0.08993372,0.09680285,0.13389604,0.3430152,-0.20874657,0.11742984,-0.3227875,0.27645552,0.055223957,-0.024665726,-0.07890505,-0.18026926,-0.06017737,-0.09416648,-0.070866,-0.008521969,-0.14283599,0.117844924,0.131102,-0.07025282,-0.004614174,0.038081802,-0.12967594,-0.12762466,0.035057794,-0.014763067,-0.11762892,0.09821877,-0.13927524,0.07717059,0.04711378,-0.33467293,-0.079559036,0.13730556,-0.34566388,0.17652546,0.08465837,-0.3146427,0.1626212,-0.032668773,-0.09051966,0.19505313,-0.08777355,-0.18769528
28,sport,0.0032846637,-0.091660246,-0.07840387,0.01377313,-0.034122698,0.24191797,0.12890153,0.10489131,-0.019799154,0.027906926,-0.24253653,0.11482015,0.0045836233,0.32379392,-0.18894994,-0.17065616,0.066451795,-0.2840566,-0.18614136,0.073804796,0.20123076,0.031893995,-0.15253216,-0.016160896,0.065037526,0.06719272,-0.09252905,0.095745586,-0.20331302,-0.055386927,0.14931579,-0.23982127,0.14932892,-0.054832786,-0.0022019236,-0.28873804,0.15336762,-0.27107897,-0.023318542,-0.058566827,-0.020710845,-0.16040292,0.2095644,-0.1342754,0.04204869,0.09484352,0.19102146,0.22087876,0.29355323,-0.24138106,-0.061161455,-0.38032106,-0.059085984,0.039595712,0.13387495,-0.13449547,-0.08378623,0.06779326,0.07900347,0.29730573,-0.16042437,0.07292463,-0.2688508,0.24544041,0.03662128,-0.05516163,-0.0123548675,-0.16778831,-0.10746417,-0.05795279,-0.043940365,0.0134323845,-0.1523378,0.08132115,0.107468046,-0.04071458,-0.03678106,0.071244374,-0.09445101,-0.058534227,0.0022208209,-0.019679148,-0.08689407,0.06832591,-0.18828827,0.06885881,0.026911698,-0.27893046,-0.08188416,0.10654913,-0.347664,0.13777313,0.031505276,-0.2944939,0.1680279,-0.043991216,-0.09600974,0.19001263,-0.06811934,-0.1412097
29,sport,-0.00095367926,-0.0902898,-0.12834705,0.03480496,-0.007222248,0.3017338,0.13984239,0.12867275,0.06759723,0.11030739,-0.19710167,0.13031028,-0.040360633,0.27767766,-0.21465792,-0.18220037,0.09699934,-0.23393334,-0.16967724,0.05742082,0.21135998,0.101604514,-0.122446835,-0.06391234,0.112021536,0.12156554,-0.07415642,0.13200597,-0.23443206,-0.054366883,0.16935602,-0.200329,0.17036495,-0.072995566,0.013795648,-0.32849184,0.17349508,-0.30762926,-0.0115408255,-0.0751164,-0.0029662547,-0.16456692,0.19459325,-0.14028147,-0.009486346,0.070175715,0.20536815,0.19715407,0.35597166,-0.28849956,-0.05695238,-0.37570834,-0.0758328,0.041375842,0.054864578,-0.18329899,-0.06855791,0.1294255,0.097488545,0.32738206,-0.18685463,0.09898716,-0.30275092,0.2263178,0.009563169,-0.0634919,-0.059151303,-0.23201782,-0.10618096,-0.09692107,-0.09674974,-0.013056342,-0.14278731,0.1623274,0.08845396,-0.08268465,-0.042467657,0.08325874,-0.10747042,-0.100547306,0.036737192,0.018205479,-0.10327508,0.11422156,-0.10540068,0.09002231,0.07883378,-0.35142875,-0.08286782,0.11446248,-0.33476877,0.1959811,0.0667421,-0.3242734,0.09591131,-0.023502141,-0.11128543,0.21017028,-0.071748905,-0.17780322
30,sport,0.07328594,-0.19633952,-0.020842643,-0.14777818,-0.027400365,0.20396486,0.3776038,-0.002179962,-0.22416386,-0.052664142,-0.2461775,0.1022458,0.032727137,0.32649085,-0.22483794,-0.16114925,0.022805944,-0.28758946,-0.16030572,0.16009533,0.33207238,-0.0008591638,-0.1632106,-0.073173314,0.04730873,0.19261393,-0.27148113,0.08386584,-0.24290839,-0.107378,0.10918299,-0.2857222,0.2769695,-0.10707446,0.0030119917,-0.37392825,-0.09101597,-0.36767113,-0.106946915,-0.10055499,0.055925187,-0.13574004,0.42273363,-0.16367663,0.066839986,0.14118764,0.28901476,0.23238903,0.1803017,-0.28265467,-0.2579933,-0.26534835,-0.09955356,-0.024064675,0.28555068,-0.26340088,-0.0561266,0.08964609,0.04420933,0.2115484,-0.17594492,-0.06759718,-0.16861638,0.2862283,0.052457903,-0.26860893,0.09117327,-0.12373409,-0.17777188,-0.03453175,-0.104550526,-0.001755358,-0.11666269,0.06209238,0.046451807,-0.005846401,-0.24552876,0.2599943,0.10339042,0.018386519,-0.057251323,-0.092259474,-0.01414295,0.06728947,-0.36388028,0.23257618,-0.13711992,-0.34926894,-0.009669264,0.14908092,-0.5123816,0.10113296,-0.012304792,-0.47229147,0.054801345,-0.022861362,-0.11677258,0.3851898,-0.0067983977,-0.06731998
31,sport,0.036639355,-0.16646223,-0.04815014,-0.10037716,-0.043904185,0.23420832,0.28252205,0.057988852,-0.15120104,-0.030547401,-0.25049827,0.12920144,0.019415973,0.34490803,-0.2159698,-0.1669354,0.05601611,-0.29254875,-0.18876037,0.14151725,0.29404274,0.042045932,-0.16341777,-0.0678848,0.06005695,0.14951491,-0.20310609,0.10637981,-0.23308764,-0.095940694,0.14379914,-0.28074294,0.22883822,-0.097467825,0.0012009217,-0.3563309,0.0051444666,-0.3414276,-0.054792013,-0.09320169,0.02596526,-0.14155878,0.33555272,-0.13981624,0.051233325,0.119276896,0.2580933,0.23471527,0.25406915,-0.25905946,-0.1893733,-0.34150743,-0.09268731,0.0123133445,0.21606931,-0.2412651,-0.065720126,0.095062464,0.0683094,0.2692044,-0.2058824,-0.0036446524,-0.21350768,0.2982918,0.06182933,-0.1852791,0.041900016,-0.12975204,-0.13581562,-0.05597494,-0.08874491,-0.010057573,-0.111268185,0.07124294,0.076203525,-0.030374717,-0.17481424,0.1822488,0.0234322,-0.026670855,-0.026756493,-0.073229514,-0.05186586,0.065737456,-0.28476405,0.17206088,-0.08203571,-0.34137395,-0.032588266,0.13596222,-0.46478707,0.14405465,0.015304968,-0.4206982,0.09606288,-0.031170055,-0.108064055,0.31519446,-0.021848958,-0.116852924
32,sport,0.054911405,-0.18815248,-0.042174056,-0.13086574,-0.043020565,0.2280455,0.3265714,0.033854265,-0.18301517,-0.03840301,-0.246038,0.123812154,0.020030547,0.3442331,-0.22419573,-0.15688024,0.053004134,-0.29373854,-0.1814351,0.16172598,0.32591736,0.030577205,-0.16630997,-0.08079156,0.061365392,0.17503673,-0.23568565,0.10106987,-0.24573101,-0.100133516,0.13481717,-0.28821462,0.26260242,-0.10587345,0.00056431035,-0.37811106,-0.044529516,-0.34858134,-0.07176644,-0.10281755,0.03366219,-0.13539395,0.376871,-0.14797576,0.061649617,0.12721364,0.27893862,0.23820771,0.23758963,-0.27530056,-0.22261834,-0.321486,-0.108967885,-0.004212255,0.24434881,-0.2669953,-0.060039785,0.099943526,0.067025736,0.2541191,-0.21011157,-0.030172426,-0.19836217,0.30523485,0.06437201,-0.22752139,0.06269088,-0.116063885,-0.14395058,-0.046738386,-0.098297305,-0.007532613,-0.107540324,0.07116909,0.07280509,-0.02433521,-0.21108767,0.21438621,0.06046015,-0.013611632,-0.03768074,-0.090226196,-0.03976729,0.0696144,-0.3202491,0.20952578,-0.115363285,-0.36137894,-0.014188423,0.15294859,-0.49380356,0.1331133,0.006915623,-0.45709756,0.072992,-0.029781535,-0.11921501,0.35425738,-0.009934465,-0.10926171
33,sport,0.05588405,-0.18682095,-0.035885856,-0.13857464,-0.040890414,0.22410955,0.34353316,0.033018485,-0.19918571,-0.050419893,-0.24435247,0.13254945,0.028580677,0.3432282,-0.2273317,-0.15760288,0.04673946,-0.28819987,-0.17549172,0.1592535,0.32098892,0.02591495,-0.16716525,-0.07602255,0.05324742,0.16870481,-0.24061668,0.10395682,-0.24162054,-0.10504626,0.13008301,-0.28584722,0.2619751,-0.11108696,0.0068675596,-0.3718951,-0.052545685,-0.3595462,-0.08291402,-0.09806687,0.03544628,-0.14220667,0.38501555,-0.15705906,0.062165216,0.1230882,0.2814727,0.2393767,0.21598281,-0.27367663,-0.23542076,-0.30424988,-0.10029128,-0.0074928105,0.26354495,-0.2589186,-0.05840002,0.09406541,0.051866807,0.24561507,-0.20258377,-0.039520003,-0.19782871,0.30241206,0.054215495,-0.2336716,0.076333545,-0.12120082,-0.16382328,-0.04058202,-0.099240065,-0.0013970262,-0.10874978,0.071323685,0.054634787,-0.02520712,-0.22515628,0.22422434,0.07002697,0.00049859827,-0.04571854,-0.082945734,-0.034538303,0.065703094,-0.32609367,0.21881859,-0.11406575,-0.35744372,-0.01720761,0.1375369,-0.4985475,0.13213372,-0.00022835161,-0.46202087,0.06871387,-0.032403316,-0.11914236,0.36153728,-0.005220133,-0.097033404
34,sport,0.021538625,-0.120036215,-0.07670308,-0.051832154,-0.027603744,0.23903795,0.20658349,0.07474397,-0.053519584,0.019625755,-0.21426219,0.12225073,-0.0059203543,0.29642385,-0.19295876,-0.15462013,0.07559496,-0.25763336,-0.16746859,0.10222231,0.24355616,0.041882526,-0.14043301,-0.044969257,0.075938106,0.11667223,-0.13189673,0.09998827,-0.21109445,-0.06954162,0.13437903,-0.23550923,0.1974081,-0.07552143,-0.0051868395,-0.30688637,0.07500898,-0.2932195,-0.035238534,-0.07547671,0.012379221,-0.13362089,0.26495698,-0.13414197,0.022932246,0.09361461,0.21633865,0.20786926,0.27028376,-0.2492139,-0.12246705,-0.32445213,-0.077918984,0.01725402,0.15341236,-0.19165309,-0.078057624,0.090562955,0.067330085,0.26242232,-0.1757937,0.025989737,-0.22777197,0.25079334,0.04137667,-0.117916554,0.0031904737,-0.15860014,-0.10992609,-0.060056992,-0.077051274,0.00040572125,-0.11381815,0.09579728,0.0802431,-0.042934835,-0.11557585,0.13003045,-0.026308294,-0.044632662,-0.009951526,-0.036190458,-0.065853424,0.08124001,-0.20384774,0.12329425,-0.023583364,-0.3062662,-0.05557906,0.120324776,-0.37759054,0.14055316,0.019877477,-0.33676833,0.09506554,-0.031580806,-0.10338869,0.25601578,-0.04855254,-0.12144253
35,sport,0.038192537,-0.16239731,-0.04185923,-0.08948195,-0.028881958,0.23056805,0.28193465,0.04731346,-0.15617727,-0.024181338,-0.24119838,0.11540928,0.01766125,0.33706588,-0.21352176,-0.16193005,0.045193177,-0.2862697,-0.17960545,0.13180275,0.2875933,0.035602525,-0.15690738,-0.06560811,0.05266547,0.15475474,-0.20164046,0.09492208,-0.23289652,-0.09997941,0.13160309,-0.27477577,0.229783,-0.09506405,0.0073507163,-0.3559737,-0.00071291346,-0.33368507,-0.06411835,-0.09417729,0.030483829,-0.15130137,0.33716094,-0.15323274,0.059339352,0.12345551,0.25726485,0.23092835,0.23899668,-0.2535639,-0.18914686,-0.32717142,-0.090407334,0.009328775,0.22274667,-0.22854765,-0.058228746,0.08239282,0.06975269,0.26234964,-0.19592687,-0.003510957,-0.21690795,0.28309414,0.050832134,-0.19053435,0.044713367,-0.124787994,-0.1408343,-0.053248715,-0.08806127,-0.002944925,-0.12526882,0.06917383,0.07087206,-0.02339637,-0.16758643,0.1809554,0.016866181,-0.017482817,-0.0213678,-0.07542996,-0.046293847,0.06289598,-0.29470265,0.17687047,-0.07873881,-0.3350581,-0.03479385,0.13813841,-0.4520813,0.12833667,0.017387694,-0.41190132,0.097195014,-0.03424492,-0.11079416,0.31351817,-0.023544144,-0.107170746
36,sport,0.013030304,-0.08319531,-0.09052281,-0.0029734161,-0.038189214,0.2196702,0.093502715,0.074554116,0.05671513,0.07894753,-0.18356852,0.075121164,-0.042458456,0.24621585,-0.16552722,-0.13469242,0.07357806,-0.22676669,-0.15522172,0.08219962,0.16542184,0.01472506,-0.12980482,-0.045042876,0.09766929,0.06379956,-0.06568173,0.09421241,-0.19080204,-0.02137149,0.123004384,-0.21430673,0.16273203,-0.033805165,-0.019521365,-0.2622298,0.14195901,-0.22897628,-8.3035586e-05,-0.07147334,-0.014723229,-0.1367739,0.16256559,-0.112750076,0.01886286,0.073813714,0.166344,0.16365601,0.2593639,-0.24575654,-0.037657395,-0.31262052,-0.06326037,0.050854813,0.06919835,-0.12262243,-0.08284384,0.07032557,0.09462567,0.24344055,-0.14305995,0.067918584,-0.22810164,0.1958221,0.028339665,-0.033021674,-0.048097283,-0.15068506,-0.087286174,-0.07240034,-0.06750522,0.0010751112,-0.12328588,0.10033567,0.08064981,-0.037931617,-0.03462537,0.07065975,-0.080748454,-0.067116156,0.012242887,0.017629521,-0.07651894,0.08769118,-0.14075613,0.06802748,0.02589532,-0.24639194,-0.06889043,0.10513008,-0.28641278,0.10059131,0.053198084,-0.24839078,0.112832114,-0.022726797,-0.06843189,0.18634978,-0.058913067,-0.13825497
37,sport,0.023097778,-0.11383888,-0.07563328,-0.04365427,-0.0237694,0.23077856,0.20175815,0.0697509,-0.037305493,0.028373068,-0.20161852,0.1121421,-0.013614669,0.27514544,-0.18940526,-0.14966156,0.07138847,-0.23932074,-0.15901786,0.09984904,0.23152688,0.045962956,-0.13372393,-0.051695663,0.07307309,0.11674148,-0.12271838,0.09953587,-0.20634706,-0.06658069,0.1308855,-0.22165303,0.19161251,-0.06994572,-0.0013446528,-0.30132353,0.071004614,-0.28327963,-0.032136817,-0.07714267,0.012959401,-0.12747927,0.24229136,-0.13594718,0.019330949,0.08349718,0.20260254,0.19184506,0.2593649,-0.25117782,-0.11469236,-0.31070486,-0.07571729,0.019476883,0.13139333,-0.18436402,-0.06658329,0.090247974,0.07180195,0.24390708,-0.16822496,0.028150974,-0.22709857,0.2348529,0.032167867,-0.11360566,-0.00022517216,-0.15266441,-0.10609247,-0.057924602,-0.08242088,-0.0012163101,-0.11037415,0.09880689,0.07517917,-0.036949903,-0.10498689,0.13081045,-0.025983583,-0.0529673,-0.0015103224,-0.030244522,-0.062093027,0.08082783,-0.1903041,0.12574849,-0.018835282,-0.29914206,-0.049482718,0.11690076,-0.36537683,0.13340434,0.028366277,-0.32899758,0.08750255,-0.023642346,-0.09972389,0.24637128,-0.048367117,-0.11864765
38,sport,0.026292317,-0.105573945,-0.044244304,-0.055562418,-0.025154827,0.17706397,0.19335267,0.044121116,-0.08318407,-0.008360954,-0.18311526,0.0904277,0.00734773,0.24679121,-0.16184667,-0.13180959,0.038932275,-0.2157939,-0.13592651,0.089133,0.20388702,0.015299714,-0.119193494,-0.038979918,0.047395993,0.09957042,-0.13724558,0.075064845,-0.17259362,-0.060792156,0.10239608,-0.20131248,0.16599038,-0.06442086,-0.0044690254,-0.25452334,0.030387767,-0.2524178,-0.04794755,-0.060953435,0.015764125,-0.1104553,0.23791976,-0.114591286,0.03365356,0.084487475,0.18575495,0.17389558,0.18778099,-0.20708895,-0.124548584,-0.24589987,-0.061601035,0.008244146,0.1531195,-0.1566971,-0.055817626,0.064204045,0.04695152,0.19343202,-0.13411513,0.0026875613,-0.17087208,0.2028595,0.03304044,-0.12160035,0.024908619,-0.11922083,-0.1068696,-0.03986328,-0.060366176,0.0017707115,-0.09872397,0.064365335,0.05844719,-0.023602081,-0.11190521,0.13042915,0.0006297951,-0.020987391,-0.020188771,-0.035528753,-0.041269753,0.057125967,-0.20039663,0.115159,-0.039362676,-0.24279769,-0.035691794,0.09513073,-0.33632424,0.09863228,0.0123317735,-0.29506427,0.08049057,-0.02704198,-0.08182382,0.22251593,-0.0294677,-0.08364619
39,sport,0.06910636,-0.19260354,-0.022291297,-0.15122025,-0.03087103,0.20600109,0.3785351,0.003665392,-0.22576687,-0.059624128,-0.24539018,0.110131726,0.034788977,0.32617894,-0.22453733,-0.16082588,0.025063856,-0.28216144,-0.16099332,0.158697,0.3301216,0.0048642405,-0.16375707,-0.07582232,0.048058137,0.18768205,-0.26957622,0.08897998,-0.24083862,-0.109184,0.112288795,-0.28416085,0.27383417,-0.10895208,0.008083251,-0.37241358,-0.08723846,-0.3731728,-0.10591086,-0.099039994,0.05405286,-0.13836779,0.41676193,-0.16405796,0.06656662,0.13815847,0.28930408,0.23351921,0.1784175,-0.2797293,-0.26252326,-0.26822922,-0.09879726,-0.021814363,0.2835486,-0.2612611,-0.050873023,0.09001402,0.042039417,0.21400174,-0.1799356,-0.06717331,-0.16850097,0.28923813,0.04898422,-0.26654327,0.093442604,-0.12594879,-0.18446192,-0.030614903,-0.10821918,-0.0030896494,-0.11544368,0.065048166,0.03845486,-0.007770809,-0.2476519,0.25878572,0.10217742,0.017874999,-0.059087515,-0.08784211,-0.014717797,0.06131652,-0.35899356,0.23366423,-0.13357908,-0.3467906,-0.00966248,0.13989916,-0.5155321,0.106297344,-0.0093901,-0.47275266,0.053336114,-0.025383288,-0.11969894,0.38533613,-0.0013931904,-0.068684466
40,sport,0.07396438,-0.1983534,-0.023703253,-0.15835322,-0.037148554,0.20507722,0.38750368,0.0011226406,-0.22858469,-0.061593805,-0.24952443,0.11171429,0.036248837,0.32930994,-0.23243546,-0.16078798,0.024777357,-0.28788155,-0.16462162,0.16468981,0.33857828,-0.00072183507,-0.17128281,-0.075421706,0.048733506,0.18855955,-0.27818444,0.09198644,-0.24560632,-0.10835115,0.11433429,-0.2898921,0.28246868,-0.10901356,0.0047576283,-0.37664366,-0.0910914,-0.38040662,-0.11205865,-0.09804864,0.053449202,-0.13561234,0.42458504,-0.16586514,0.06815649,0.1370766,0.29373524,0.23851071,0.18032192,-0.29242867,-0.26545933,-0.26999518,-0.100980766,-0.022716403,0.2888721,-0.26810664,-0.055395138,0.0942868,0.03947746,0.2109159,-0.18109378,-0.07334296,-0.16971411,0.2950208,0.049470253,-0.2736343,0.09677757,-0.12971565,-0.186766,-0.03040673,-0.107606485,-0.0011833179,-0.114919305,0.0653645,0.041827347,-0.009765963,-0.2532798,0.26853946,0.11178745,0.018421875,-0.06544946,-0.09018055,-0.016285716,0.06377939,-0.36832467,0.24010874,-0.13897045,-0.35253295,-0.005487788,0.14124341,-0.52988905,0.10602697,-0.010265537,-0.48624736,0.05246103,-0.026738787,-0.121052034,0.393718,-0.0026294824,-0.07127982
41,sport,0.07557053,-0.19569397,-0.016476257,-0.20331837,-0.055831127,0.19594012,0.40977514,0.0048546526,-0.24436268,-0.09717717,-0.2282508,0.12667578,0.023292148,0.31896108,-0.21839622,-0.1580814,0.02977397,-0.25713095,-0.15483353,0.1788973,0.34251985,-0.005004152,-0.17503591,-0.077295795,0.05043954,0.17793688,-0.28588372,0.10174591,-0.22791332,-0.10355206,0.111734815,-0.29261634,0.28879446,-0.1168113,0.0009334585,-0.35734117,-0.12947382,-0.37131548,-0.1007184,-0.100753814,0.049866814,-0.11966141,0.41469562,-0.14931406,0.07349136,0.12713644,0.2972158,0.22201806,0.13660567,-0.2796686,-0.2950929,-0.2450143,-0.10598224,-0.0320852,0.29679534,-0.27188256,-0.060139634,0.085408084,0.034154017,0.17969088,-0.19930808,-0.10156282,-0.13803901,0.305531,0.05306231,-0.27435565,0.11128134,-0.11025809,-0.18390626,-0.012632664,-0.119014435,-0.011456243,-0.08651484,0.06235004,0.02147286,-0.007752224,-0.28973603,0.2855463,0.13642892,0.030289711,-0.07994937,-0.08056698,0.0019319027,0.04066839,-0.36291018,0.24887708,-0.16773565,-0.33685872,0.006875184,0.119342655,-0.5495088,0.109798856,-0.026345674,-0.4879747,0.033600394,-0.026169702,-0.12810455,0.40447348,0.022520449,-0.062001713
42,sport,0.0686412,-0.18408845,-0.019379072,-0.17764953,-0.055246778,0.18987276,0.3795366,0.0109900525,-0.22741416,-0.08843771,-0.22704995,0.122983485,0.01993958,0.31161788,-0.21467827,-0.15166774,0.02789238,-0.25708082,-0.15808083,0.16818625,0.3223193,-0.00018458984,-0.17462152,-0.07255651,0.044406846,0.16275553,-0.26812795,0.099164605,-0.22314833,-0.104792126,0.11155156,-0.28554988,0.27084512,-0.104964234,0.00073267607,-0.35055223,-0.10252774,-0.3576305,-0.09763996,-0.089909196,0.04521001,-0.12564488,0.38123628,-0.1494162,0.07385859,0.11542664,0.27854368,0.22503236,0.14285535,-0.27517313,-0.27177235,-0.25348136,-0.09803766,-0.015880695,0.2786088,-0.25014895,-0.054782845,0.0802629,0.040948763,0.1814316,-0.19453365,-0.08557711,-0.14886521,0.2902337,0.046831258,-0.25251105,0.10064231,-0.10716937,-0.17564206,-0.016801871,-0.107499465,-0.006826274,-0.09280519,0.061278895,0.025609657,-0.0070462087,-0.25763947,0.26477832,0.11122958,0.021920403,-0.0685912,-0.077828825,-0.0061838566,0.033441734,-0.34953114,0.23465812,-0.1468433,-0.3201446,0.002511738,0.11183085,-0.52748394,0.10541492,-0.013595307,-0.46464345,0.049853597,-0.031970814,-0.12044923,0.37608948,0.01656475,-0.071348436
43,sport,0.08553897,-0.21835656,-0.007860157,-0.23241939,-0.066932626,0.20678307,0.46769318,0.00199515,-0.30126113,-0.13011295,-0.24598204,0.15053535,0.026132122,0.34730574,-0.24305123,-0.16739061,0.02591528,-0.27477026,-0.16890337,0.20128652,0.37760565,0.0035478105,-0.19108054,-0.09679498,0.04536861,0.19618535,-0.32885072,0.11797795,-0.25088736,-0.13488728,0.12089445,-0.32650065,0.31390283,-0.13529167,0.006600213,-0.39758772,-0.16312262,-0.41629863,-0.11777357,-0.10319329,0.062838286,-0.13536672,0.45154074,-0.16444199,0.08689329,0.12759763,0.32812634,0.25207907,0.12754962,-0.3038771,-0.34832424,-0.2605013,-0.11599953,-0.024700658,0.3417941,-0.30254802,-0.05249711,0.089818485,0.036692448,0.18501951,-0.23134993,-0.119366474,-0.14556456,0.33112028,0.053692438,-0.3124731,0.1311588,-0.11218072,-0.21035692,-0.01205564,-0.13146931,-0.013467161,-0.09108938,0.06802778,0.0071135294,-0.008556011,-0.32905823,0.32497638,0.1565715,0.036534265,-0.08531082,-0.09220912,0.010921937,0.02527954,-0.40944415,0.28769168,-0.19046505,-0.36673197,0.015143919,0.12011065,-0.62219363,0.12191628,-0.019841377,-0.5489255,0.033919632,-0.038591187,-0.14272045,0.4494724,0.041599803,-0.071336396
44,sport,0.08671024,-0.21994011,-0.008762592,-0.23012824,-0.061730012,0.20582655,0.47091827,-0.0031036711,-0.3001037,-0.1238544,-0.24835949,0.14574935,0.026060013,0.34321523,-0.24567652,-0.1700324,0.023324223,-0.2769853,-0.16697091,0.19985309,0.3796559,-0.00083845184,-0.18791868,-0.09525768,0.046634883,0.20315336,-0.33185074,0.11520187,-0.254009,-0.13374461,0.11903844,-0.32593656,0.3179739,-0.13304292,0.004321164,-0.4013263,-0.16446285,-0.4190694,-0.12240173,-0.10483557,0.06703433,-0.1340912,0.4607651,-0.16568351,0.0842243,0.1331134,0.32894793,0.2524042,0.12816349,-0.30817312,-0.34759596,-0.25616562,-0.116969064,-0.028430164,0.3413338,-0.30431366,-0.052400023,0.09263313,0.035039656,0.18244258,-0.223761,-0.12226042,-0.14087628,0.32784513,0.0531855,-0.32036385,0.13031416,-0.11829325,-0.21153751,-0.01265619,-0.1332853,-0.012868747,-0.094054036,0.06851041,0.008859708,-0.0050720978,-0.32899523,0.32975194,0.16121951,0.036798105,-0.0853518,-0.09384922,0.011105282,0.031232838,-0.41390178,0.2882931,-0.19180927,-0.36612642,0.015934179,0.12628737,-0.6215221,0.11599128,-0.019212637,-0.5493396,0.030791668,-0.035911825,-0.14208251,0.45446593,0.037905198,-0.06592332
45,sport,0.09063191,-0.21613072,-0.0020958711,-0.20215642,-0.045338884,0.19868574,0.4649064,-0.01771563,-0.29929742,-0.10534341,-0.25838792,0.11957829,0.03695228,0.33982927,-0.24909352,-0.17307815,0.0036944859,-0.29251248,-0.16515188,0.18761842,0.36968154,-0.014896183,-0.18395036,-0.087755434,0.037293438,0.21067867,-0.33042735,0.09913469,-0.25843176,-0.1316999,0.112032756,-0.31740704,0.31330487,-0.12485808,0.009452913,-0.40634087,-0.15175748,-0.4211978,-0.13915674,-0.102952726,0.07269998,-0.14546563,0.47402403,-0.17975515,0.08973117,0.14732473,0.32538828,0.25489995,0.12884195,-0.31055105,-0.3326912,-0.2518917,-0.10838501,-0.03016872,0.34755751,-0.2851232,-0.04400048,0.08515133,0.030663772,0.18685375,-0.19608718,-0.11477867,-0.14674926,0.30900285,0.046952553,-0.32599846,0.13345188,-0.122717865,-0.23001988,-0.013259586,-0.1260349,-0.0023470167,-0.117087536,0.061008696,0.012963658,0.008477168,-0.3119624,0.3237636,0.15476033,0.041170325,-0.08315208,-0.09773508,0.008834548,0.040226325,-0.4311826,0.2822609,-0.18035647,-0.35928863,0.008679165,0.13554218,-0.60424286,0.095396675,-0.017057655,-0.5402921,0.042409267,-0.034464292,-0.13396308,0.4479847,0.024436908,-0.05270975
46,sport,0.0793432,-0.19821948,-0.018968249,-0.18638776,-0.0426367,0.20202509,0.41408297,-0.0119499555,-0.23427741,-0.07533329,-0.24205282,0.09999189,0.032815106,0.3292442,-0.22046988,-0.16813089,0.017789269,-0.27704588,-0.15521184,0.1746174,0.35093787,-0.016113628,-0.16961862,-0.07843359,0.049551647,0.20024747,-0.29578352,0.086024486,-0.23818026,-0.09568453,0.10502227,-0.29942903,0.30091512,-0.11579555,0.0033531785,-0.36812422,-0.12706418,-0.37986836,-0.11083271,-0.10642583,0.055111554,-0.12294001,0.4451182,-0.16766985,0.06479522,0.1492339,0.30410442,0.21570122,0.15341854,-0.29924574,-0.28688002,-0.24588318,-0.10763976,-0.04568292,0.29908627,-0.2851287,-0.06507125,0.0877911,0.034934722,0.18883637,-0.17664002,-0.0990531,-0.14790381,0.30734798,0.05947593,-0.28426424,0.11054383,-0.1245286,-0.19215971,-0.018532403,-0.115134425,-0.010576691,-0.10656941,0.058452856,0.033356473,-0.006362424,-0.28425628,0.29001746,0.14102748,0.02821904,-0.07576319,-0.08637988,0.0012742756,0.063911684,-0.37736064,0.24959163,-0.1672649,-0.35240462,0.0024975974,0.14556113,-0.5492298,0.09929195,-0.027174998,-0.4983578,0.033088792,-0.01286211,-0.12505947,0.4153112,0.00043110322,-0.044243224
47,sport,0.0121333925,-0.08292337,-0.14801902,0.06445332,0.004615866,0.3054799,0.13468264,0.13588011,0.08328401,0.14024384,-0.21389687,0.124075785,-0.057028603,0.26731515,-0.24460545,-0.20747367,0.091719314,-0.23997365,-0.18237388,0.043965615,0.2017025,0.10080878,-0.10053111,-0.08393292,0.11736721,0.14840384,-0.08373015,0.14649615,-0.25674522,-0.051090714,0.2000351,-0.19767454,0.18326394,-0.0779745,0.016349735,-0.3601978,0.17693356,-0.3250444,-0.015331008,-0.07445199,0.00033712768,-0.18369113,0.19162084,-0.15271847,-0.0032191228,0.08211527,0.19082235,0.20076223,0.39764848,-0.30923995,-0.03978637,-0.39737454,-0.079948194,0.06682561,0.010209418,-0.18549478,-0.045980264,0.14321777,0.11224727,0.3496588,-0.18720871,0.12747061,-0.33172023,0.21536873,0.008460825,-0.07392647,-0.06736742,-0.24038748,-0.1193393,-0.10042135,-0.10227148,-0.016285751,-0.16562212,0.18882856,0.094060704,-0.09147773,-0.012885886,0.072818086,-0.116857715,-0.13589878,0.066650555,0.023271732,-0.11786411,0.13601328,-0.10752907,0.08763253,0.08924352,-0.35885072,-0.07149399,0.12407534,-0.3458615,0.19820182,0.0936036,-0.34503248,0.104740776,-0.01687744,-0.115872085,0.20631409,-0.097447105,-0.18788761
48,sport,0.061114512,-0.17192468,-0.017729145,-0.14581203,-0.033616032,0.18766621,0.35720822,-0.004599322,-0.2031289,-0.062208682,-0.22410153,0.09564155,0.032193575,0.3023879,-0.2015837,-0.15407701,0.014385832,-0.26068392,-0.14579225,0.14830855,0.30644068,-0.01653694,-0.16300033,-0.059997566,0.037107557,0.16583529,-0.2555126,0.07820199,-0.21606891,-0.09072898,0.09393844,-0.2692022,0.25928038,-0.09697268,0.0050040656,-0.3330468,-0.08397123,-0.35246104,-0.10799592,-0.08688155,0.048416313,-0.12571535,0.389853,-0.16256356,0.058763575,0.12916301,0.27355805,0.20737249,0.14466365,-0.27365118,-0.24877298,-0.23333162,-0.08592364,-0.031416513,0.27210572,-0.23779283,-0.06212838,0.07350864,0.02971392,0.177903,-0.15439306,-0.079970844,-0.15190622,0.26793236,0.04145532,-0.24158074,0.09433598,-0.12584575,-0.18087482,-0.022643067,-0.09786026,-0.0034082823,-0.11280117,0.054047376,0.03103387,-0.0050886488,-0.23739804,0.2572159,0.10476956,0.028471507,-0.06439632,-0.0701472,-0.0072621126,0.057438906,-0.34011778,0.21712866,-0.12923317,-0.31179294,-0.0072512017,0.12363435,-0.4897454,0.08899355,-0.019162312,-0.43987387,0.0502476,-0.023217093,-0.10922735,0.36145085,-0.006480387,-0.046975773
49,sport,0.044069406,-0.13231975,-0.083694056,-0.0907255,-0.025688238,0.25670996,0.28109625,0.06565009,-0.077376395,0.01131936,-0.19770356,0.12843536,-0.024105025,0.28503114,-0.21173282,-0.16674013,0.06833806,-0.22642137,-0.15687445,0.116464436,0.26714408,0.051222812,-0.13272035,-0.0897226,0.08948973,0.15554065,-0.17536125,0.11986342,-0.2285733,-0.07333232,0.14354388,-0.23463593,0.23768856,-0.10794174,0.01355952,-0.33805645,0.0027195187,-0.32932696,-0.053095125,-0.08919863,0.02359856,-0.13980348,0.29214823,-0.15068114,0.028923767,0.088747874,0.24547404,0.19119087,0.24063443,-0.2825365,-0.18018919,-0.2971236,-0.094818294,0.004766537,0.16235691,-0.22928041,-0.055050224,0.10410954,0.067301005,0.25141868,-0.19527034,0.00151435,-0.22731476,0.25767547,0.034091193,-0.16517434,0.028697979,-0.16138868,-0.15366206,-0.051330544,-0.11502798,-0.013275365,-0.11455729,0.12981834,0.042348295,-0.05355569,-0.17562538,0.17515557,0.016951472,-0.045830384,-0.0046605566,-0.017584404,-0.043050867,0.08448869,-0.21712452,0.18103546,-0.046326026,-0.34365052,-0.029953571,0.11726516,-0.43714285,0.15944624,0.02140268,-0.40602058,0.051342927,-0.01548355,-0.12792657,0.30608636,-0.03252649,-0.1178458
50,sport,0.014313592,-0.1158554,-0.064351186,-0.030214185,-0.03266325,0.22466768,0.18083291,0.065919496,-0.0535256,0.021825392,-0.23463431,0.09516377,0.003118613,0.3131579,-0.1893379,-0.16560721,0.0562094,-0.28750077,-0.17869212,0.10478857,0.235392,0.02565475,-0.15187666,-0.036596213,0.062232886,0.10758833,-0.13406159,0.09073572,-0.20999467,-0.06296068,0.13684507,-0.25224555,0.18088217,-0.0595436,-0.014616696,-0.30693743,0.09167578,-0.2842869,-0.031209517,-0.08224794,0.005214019,-0.13041882,0.25500438,-0.13169876,0.03964542,0.10953107,0.2093026,0.20698558,0.27404204,-0.2468783,-0.09861639,-0.34838367,-0.07304374,0.023273205,0.14605361,-0.18213019,-0.077206664,0.07661836,0.07996777,0.26074442,-0.1652662,0.033615157,-0.2316013,0.25025287,0.05418369,-0.108743906,-0.0058628866,-0.14648572,-0.09778815,-0.061050933,-0.06496065,-0.0040101274,-0.12759905,0.067322396,0.101960674,-0.021490315,-0.08647819,0.11870201,-0.036603946,-0.054939173,-0.009682245,-0.04960869,-0.070560955,0.07510687,-0.22335584,0.10546795,-0.026037972,-0.2918563,-0.053391743,0.13032049,-0.37934154,0.12022631,0.027306357,-0.32738775,0.12945218,-0.029787213,-0.084126726,0.23894651,-0.055736504,-0.12164025
51,sport,0.019379225,-0.11825492,-0.07410101,-0.05601983,-0.026890323,0.22873406,0.2011863,0.06871356,-0.057679396,0.014509353,-0.20791194,0.11548872,-0.002750132,0.29000336,-0.18711694,-0.14487015,0.07143049,-0.25441745,-0.16381948,0.10294138,0.24090683,0.04108904,-0.13684796,-0.047258187,0.068990186,0.11426175,-0.13132145,0.091241464,-0.2054275,-0.06772862,0.12472014,-0.23234522,0.19600675,-0.07265669,-0.009532069,-0.2970978,0.06823257,-0.28791767,-0.030991636,-0.07266827,0.017548326,-0.12682502,0.26546353,-0.13052447,0.022546645,0.08798848,0.21465522,0.20564042,0.26238456,-0.24430203,-0.12309537,-0.31344256,-0.07651162,0.017424826,0.15365158,-0.190157,-0.07434639,0.087383926,0.06507923,0.25180325,-0.17307107,0.022487609,-0.21808991,0.24520431,0.046801183,-0.119208865,0.0015534463,-0.15138331,-0.096218884,-0.05966462,-0.07382852,0.0026418925,-0.10904905,0.091223225,0.07940869,-0.042053968,-0.11542499,0.13099535,-0.023325892,-0.041889194,-0.00985015,-0.04080502,-0.062110167,0.08099104,-0.2020852,0.12592271,-0.026880901,-0.29817593,-0.053432737,0.1223034,-0.3704181,0.1333491,0.018848442,-0.32993245,0.09328959,-0.03256661,-0.09468198,0.25203106,-0.043641135,-0.11483559
52,sport,0.0069080107,-0.10650698,-0.10252454,0.00042222557,-0.030142047,0.27078366,0.12416231,0.10152883,0.028078813,0.08268629,-0.22356479,0.10512156,-0.026668908,0.3047484,-0.19702011,-0.1613039,0.08832461,-0.27472022,-0.185759,0.09049585,0.21336822,0.060764413,-0.13965267,-0.061240718,0.10045794,0.10165038,-0.08657632,0.10996926,-0.22851212,-0.050173227,0.15344705,-0.23809204,0.17617583,-0.06309502,-0.009460275,-0.3198989,0.15775609,-0.28338352,0.004891828,-0.08554119,-0.008018817,-0.15526886,0.20992024,-0.12652266,0.012787362,0.093122676,0.200395,0.2063167,0.33859226,-0.26411608,-0.056015894,-0.38040268,-0.07820181,0.05415646,0.089012206,-0.17623161,-0.07804896,0.099286444,0.10325779,0.3192224,-0.18612303,0.086697966,-0.27508026,0.24575844,0.045525637,-0.061131056,-0.055026487,-0.1733702,-0.087078415,-0.09219989,-0.070998654,-0.004441814,-0.13260241,0.1128168,0.10365486,-0.057556637,-0.04498675,0.072086655,-0.09257811,-0.08835927,0.02759097,-0.011044528,-0.09812856,0.10712479,-0.16064301,0.08637716,0.028408622,-0.32141444,-0.071036644,0.13711068,-0.33689943,0.15593444,0.06282228,-0.31074232,0.125216,-0.027806135,-0.0837131,0.21711595,-0.06562956,-0.1647654
53,sport,0.027322521,-0.11955397,-0.08146548,-0.051316112,-0.020936219,0.24261063,0.21789159,0.069651686,-0.045109387,0.03021322,-0.20315196,0.11990311,-0.015178945,0.28393456,-0.1980642,-0.15754737,0.07470574,-0.24353075,-0.16531812,0.104291126,0.24301188,0.04490514,-0.1374649,-0.059572026,0.077337116,0.12777843,-0.13533932,0.102706864,-0.21534838,-0.0659636,0.13549867,-0.22932512,0.20535137,-0.0770017,0.0012313713,-0.3172041,0.06283717,-0.30233902,-0.03910875,-0.08221631,0.017195225,-0.13595891,0.260292,-0.14347981,0.019487334,0.08926348,0.21457677,0.19596368,0.2680333,-0.26112258,-0.1287193,-0.31887305,-0.079225406,0.019731866,0.13798214,-0.19693318,-0.06669087,0.0953708,0.07409827,0.25340682,-0.17778073,0.0245163,-0.23511034,0.24435057,0.034658313,-0.12393303,0.0037688725,-0.15938619,-0.11805117,-0.061505742,-0.09141061,-0.0039747204,-0.11795025,0.10863432,0.07006664,-0.038982287,-0.118369535,0.14562729,-0.020463547,-0.052173663,0.002392697,-0.027416283,-0.062170938,0.08640327,-0.19864146,0.13624895,-0.020411478,-0.3133795,-0.04861336,0.12108118,-0.38534567,0.13947734,0.025652492,-0.34884733,0.08403609,-0.023676615,-0.10523304,0.2632442,-0.049455207,-0.12154364
54,sport,-0.0056190323,-0.09198404,-0.08520749,0.009248335,-0.027480138,0.2487137,0.13297275,0.092951044,-0.0034319384,0.05021918,-0.21374318,0.10241179,-0.009159082,0.3046922,-0.18687895,-0.1541892,0.069363244,-0.2683868,-0.1803893,0.07999181,0.20046473,0.04371395,-0.14204444,-0.038742006,0.06758047,0.08840192,-0.09380496,0.09348916,-0.20481785,-0.0552264,0.13877955,-0.22936231,0.16299039,-0.0571449,-0.0013159645,-0.2903743,0.14010482,-0.27258092,-0.017040528,-0.06936966,-0.007549601,-0.15001254,0.20463692,-0.1411544,0.030711748,0.08453582,0.19096881,0.1960623,0.3010024,-0.24363181,-0.061957456,-0.35901707,-0.06251159,0.03448751,0.10715963,-0.15394504,-0.07668248,0.07257542,0.09325515,0.28875715,-0.16786426,0.072569035,-0.2702583,0.24000849,0.04161143,-0.06297852,-0.027732603,-0.15756552,-0.095417365,-0.06973418,-0.05906435,0.0051953667,-0.14313936,0.09151011,0.099478655,-0.046472352,-0.045901116,0.07459727,-0.08255014,-0.069243476,0.01125793,-0.018918974,-0.0830713,0.08310989,-0.17071459,0.09054458,0.021969823,-0.29061815,-0.069535054,0.1168703,-0.3389777,0.1405666,0.04396516,-0.29919726,0.14075707,-0.0369284,-0.08568554,0.19700226,-0.067545824,-0.13843447
55,sport,0.0039058975,-0.09953481,-0.112068176,0.0020652157,-0.03824904,0.27585632,0.13517638,0.10800018,0.03631674,0.069840096,-0.23736571,0.11453583,-0.030082151,0.3174173,-0.202433,-0.17058957,0.102419704,-0.28238913,-0.19030456,0.09339932,0.23038846,0.06450262,-0.1419387,-0.05230597,0.10090629,0.100196674,-0.09227363,0.11644041,-0.2286064,-0.059168905,0.16050033,-0.25146708,0.18858457,-0.057539336,-0.016826993,-0.31851202,0.16248095,-0.2763555,0.002140118,-0.07656413,-0.013650168,-0.1431749,0.20480123,-0.1347725,0.014462286,0.08260148,0.19443758,0.21844968,0.35446498,-0.28116992,-0.052548863,-0.39700115,-0.08932551,0.043573122,0.08621884,-0.18551987,-0.09056967,0.10380691,0.10928292,0.30642265,-0.18940978,0.08144699,-0.28356594,0.26155776,0.04812481,-0.059522968,-0.046843685,-0.18680395,-0.06651857,-0.07569176,-0.07119902,-0.0023910443,-0.12790638,0.11338902,0.12401343,-0.059178855,-0.036971595,0.07864653,-0.08917566,-0.10203258,0.013566539,-0.025351023,-0.09851611,0.09670409,-0.16380368,0.08672016,0.024358686,-0.3212696,-0.07205044,0.13376923,-0.3577685,0.15500675,0.06059879,-0.32098225,0.13595258,-0.032280143,-0.103847876,0.22063522,-0.07834895,-0.16601717
56,sport,0.022926351,-0.1337919,-0.06895161,-0.055370856,-0.03172297,0.23835087,0.21539947,0.07044996,-0.06835707,0.015174603,-0.24118789,0.10902115,0.0036207614,0.3211708,-0.20374154,-0.1708442,0.06502418,-0.29006162,-0.18462387,0.11309921,0.25957075,0.034352146,-0.14968418,-0.050660685,0.06870603,0.13151336,-0.15518656,0.098295726,-0.22477686,-0.06986451,0.13910812,-0.26024407,0.21187602,-0.07602518,-0.010311398,-0.32542822,0.07616234,-0.31422317,-0.03287838,-0.084764555,0.01914043,-0.13231081,0.29509947,-0.13847852,0.033220302,0.10949249,0.23154357,0.22137749,0.28955615,-0.26627156,-0.124227986,-0.34853604,-0.08519772,0.020617228,0.16018921,-0.21313748,-0.07869403,0.093965486,0.073846824,0.27254197,-0.18049558,0.025817629,-0.22811446,0.26939866,0.058293883,-0.13426474,0.0019827501,-0.16162975,-0.10337556,-0.0651041,-0.07434895,-0.006516725,-0.120854646,0.08146469,0.09829262,-0.03559006,-0.11606901,0.1406928,-0.01920773,-0.05307192,-0.012314164,-0.05525538,-0.07148921,0.08855884,-0.2335554,0.12770951,-0.035590783,-0.3177288,-0.05063592,0.13892607,-0.40744355,0.13900918,0.024999706,-0.3650278,0.1101328,-0.030248938,-0.092896685,0.2707503,-0.051911205,-0.118979506
57,sport,0.07577216,-0.20024872,-0.016949339,-0.21781896,-0.05863811,0.21784101,0.44004387,0.009302816,-0.2687831,-0.107789405,-0.23080039,0.13934657,0.01825713,0.33302608,-0.22956699,-0.16763765,0.03062609,-0.26480347,-0.15946724,0.18702342,0.35948598,0.009899173,-0.1736885,-0.09284372,0.05431414,0.19434968,-0.30135524,0.11239597,-0.24056847,-0.121379666,0.11820301,-0.30920234,0.30163673,-0.13262936,0.0070160744,-0.38220283,-0.14372213,-0.3948294,-0.1012944,-0.1058675,0.05739739,-0.12812723,0.43386525,-0.16140805,0.072231814,0.130654,0.31507584,0.23388943,0.14019513,-0.28873596,-0.32111803,-0.25752607,-0.11242787,-0.026574682,0.31246388,-0.2924532,-0.054937683,0.08856798,0.038164783,0.1935645,-0.2233147,-0.10397264,-0.1479403,0.3255664,0.05757421,-0.29096457,0.115070514,-0.118648715,-0.19633341,-0.01786312,-0.13310176,-0.018122368,-0.08728755,0.074015774,0.012816996,-0.012905896,-0.30887458,0.29856986,0.13716021,0.025366863,-0.07645368,-0.079022005,0.0073209633,0.037172012,-0.37297267,0.26724914,-0.1726039,-0.36257923,0.0043925685,0.1228677,-0.58512515,0.12650335,-0.018311901,-0.51909393,0.029211786,-0.028992308,-0.14031862,0.42893648,0.029063093,-0.06356415
58,sport,0.072137825,-0.21090849,-0.015227284,-0.21692015,-0.056306183,0.21758555,0.44380018,0.008861544,-0.2895668,-0.1187903,-0.2342364,0.14761755,0.025205763,0.34004492,-0.23418605,-0.16128366,0.03062044,-0.2704908,-0.16556817,0.18903248,0.36756387,0.013212089,-0.17851287,-0.09373095,0.046801064,0.19565788,-0.31174397,0.10950941,-0.24520119,-0.13326728,0.11220413,-0.31174362,0.29839116,-0.13436463,0.007652858,-0.3898562,-0.1467895,-0.40912583,-0.11078161,-0.09963095,0.065218,-0.13687341,0.44128466,-0.16440964,0.07219979,0.12706007,0.3231816,0.24776262,0.14249218,-0.28851065,-0.33369163,-0.25754628,-0.1083869,-0.024010042,0.32817662,-0.29568925,-0.052094277,0.09025162,0.036929656,0.19966851,-0.22939391,-0.10504085,-0.15165229,0.32515925,0.05297786,-0.2993052,0.11846015,-0.11698891,-0.19682848,-0.025229212,-0.12872061,-0.0138731245,-0.09563994,0.07197174,0.009814755,-0.017615145,-0.31489757,0.30753458,0.13732627,0.03709244,-0.07512957,-0.08559751,0.004546027,0.03569254,-0.38416928,0.27637282,-0.17185219,-0.36633253,0.005728326,0.123095855,-0.59360266,0.13013487,-0.01686242,-0.52746004,0.03362734,-0.038673032,-0.14267904,0.4300833,0.034897685,-0.06866795
59,sport,0.04601593,-0.14489928,-0.030737456,-0.10728445,-0.026660757,0.18098237,0.28306985,0.01120904,-0.14945987,-0.035088364,-0.20286019,0.0854226,0.025053034,0.2771665,-0.18028753,-0.13775566,0.024569537,-0.2421336,-0.14196567,0.1240184,0.26494265,0.0016271204,-0.14240769,-0.054673985,0.039591663,0.14506234,-0.20318176,0.068911746,-0.1968577,-0.0745209,0.09349257,-0.23446795,0.22209057,-0.08056662,0.0032938821,-0.29622915,-0.035078533,-0.30861676,-0.0766134,-0.07998584,0.039730176,-0.114380434,0.32793018,-0.13919431,0.04093054,0.11265817,0.23737217,0.18805064,0.16925792,-0.24064358,-0.18990386,-0.23584977,-0.07424475,-0.016469881,0.2168338,-0.20964566,-0.05765419,0.07442885,0.039341267,0.18888982,-0.14474109,-0.044367988,-0.15313654,0.24201965,0.043362614,-0.19087683,0.059668273,-0.116481535,-0.13961512,-0.033713765,-0.08341218,-0.005322334,-0.10369198,0.053701222,0.04591207,-0.01114011,-0.18305792,0.20494728,0.06263397,0.00710312,-0.04362831,-0.06019496,-0.025130454,0.061939973,-0.27610406,0.17377983,-0.09001269,-0.2830558,-0.016339144,0.11747362,-0.41589874,0.092698745,-0.007842452,-0.37368864,0.057269428,-0.020360555,-0.09189318,0.30178976,-0.016251585,-0.057885293
60,sport,0.07589709,-0.20568913,-0.020376848,-0.1958375,-0.042698037,0.21142837,0.42944783,0.0009120041,-0.26596275,-0.09072047,-0.23726752,0.12980498,0.02895182,0.33067542,-0.23618957,-0.16380636,0.022450335,-0.2762913,-0.16573915,0.17784446,0.35623693,0.005673467,-0.17619585,-0.09069426,0.047108073,0.19647445,-0.30391484,0.103193015,-0.24796668,-0.12286546,0.11470791,-0.3011482,0.29333106,-0.1252572,0.0075825355,-0.39126995,-0.13035585,-0.40369743,-0.11830479,-0.10099529,0.06387797,-0.13922457,0.4353936,-0.17098895,0.06818235,0.13318701,0.31046548,0.24288383,0.15437141,-0.29433084,-0.30671623,-0.2549834,-0.10316063,-0.024883317,0.31430113,-0.28467515,-0.049261782,0.09105004,0.035589274,0.19863744,-0.2064671,-0.096706726,-0.15992151,0.31170306,0.047681488,-0.29394102,0.11210919,-0.124836676,-0.20288588,-0.02669904,-0.12306727,-0.008948076,-0.10483113,0.07316621,0.018356059,-0.008585687,-0.2926769,0.30163905,0.13272241,0.029606847,-0.06687955,-0.08775757,-0.0053202077,0.049953382,-0.3814507,0.2659319,-0.15972261,-0.36165157,0.0038944194,0.12910742,-0.57085055,0.115891084,-0.013793164,-0.51565343,0.037633523,-0.030913636,-0.1319468,0.41931528,0.017067032,-0.06514514
61,sport,0.08929187,-0.20631747,-0.012831442,-0.131741,-0.012495399,0.19248007,0.41428706,-0.03553492,-0.25629455,-0.04403015,-0.2805133,0.075531,0.065655895,0.3469104,-0.26043996,-0.18422513,-0.019046294,-0.33273292,-0.18089649,0.15029383,0.3457128,-0.036409553,-0.17597643,-0.0695869,0.025992006,0.2255632,-0.32055846,0.06736867,-0.2728568,-0.1076461,0.10349255,-0.29711396,0.30436686,-0.09952433,0.012172342,-0.40182588,-0.09183018,-0.4286084,-0.16238737,-0.09916937,0.07493017,-0.1564348,0.49714327,-0.20517574,0.06874223,0.1790804,0.3084887,0.24786595,0.18507928,-0.32798347,-0.2690974,-0.2627188,-0.08925656,-0.029064225,0.32181275,-0.27557743,-0.05196849,0.08971179,0.031221211,0.21815515,-0.13614768,-0.08548221,-0.1749444,0.28499964,0.046656366,-0.31930733,0.108677775,-0.16109943,-0.22138497,-0.029516464,-0.09737141,0.010402995,-0.16227199,0.05665577,0.052817393,0.009372582,-0.24829304,0.30537257,0.12853998,0.034736443,-0.07412812,-0.10088664,-0.019921716,0.08731703,-0.42237225,0.24513191,-0.13685061,-0.3562828,-0.006312596,0.16481835,-0.5564984,0.075209185,-0.009804847,-0.5102437,0.07082203,-0.023986982,-0.107495725,0.42165238,-0.02475048,-0.035991844
62,sport,0.040076092,-0.14244482,-0.047758367,-0.07399912,-0.026544036,0.20825028,0.2548741,0.04153723,-0.1220959,-0.007359107,-0.24236505,0.094207965,0.016509548,0.3100165,-0.2055363,-0.16463432,0.03720816,-0.2875346,-0.16936687,0.11689456,0.26564103,0.007855844,-0.15248491,-0.04427402,0.050283816,0.14439252,-0.18844308,0.08406931,-0.22119963,-0.07485149,0.123554386,-0.26079988,0.21927905,-0.072715685,-0.0065857237,-0.32917407,0.028465414,-0.32316184,-0.06621208,-0.0824833,0.029233798,-0.13778748,0.33078066,-0.147643,0.04976898,0.12269115,0.23909214,0.22201413,0.23593076,-0.2641016,-0.15959615,-0.30771664,-0.08051028,0.007425437,0.20161304,-0.20370609,-0.06673325,0.08158268,0.056147534,0.23732004,-0.15950054,-0.00638536,-0.20055248,0.2557167,0.049044922,-0.17809743,0.035408773,-0.14350243,-0.13244706,-0.048445232,-0.07726218,0.0040850323,-0.12691028,0.061901778,0.077789895,-0.01493008,-0.14426406,0.17572083,0.01750861,-0.018541276,-0.032756187,-0.062774785,-0.047989108,0.075218484,-0.28018343,0.15184583,-0.06286123,-0.3018231,-0.03899802,0.13343051,-0.4255281,0.104196824,0.010159689,-0.37762612,0.09920212,-0.031216724,-0.09125057,0.29513907,-0.03922456,-0.09023817
63,sport,0.046062913,-0.16618423,-0.056087393,-0.09926431,-0.023874635,0.23697218,0.29924542,0.04412569,-0.14944972,-0.011280252,-0.23800425,0.12438253,0.01811396,0.32383084,-0.2237744,-0.16442835,0.05289872,-0.27930257,-0.17520656,0.13210589,0.30060852,0.04207506,-0.14947622,-0.07559802,0.06346068,0.1743238,-0.2135162,0.10028235,-0.2444385,-0.09636555,0.1332307,-0.26166612,0.24303572,-0.10058257,0.00787654,-0.36507124,-0.008324362,-0.35679978,-0.07068517,-0.0942552,0.040068567,-0.14742498,0.3592821,-0.15186442,0.038644005,0.12440483,0.26746598,0.22972873,0.2526319,-0.27178058,-0.19893841,-0.31551963,-0.093565755,0.0048130956,0.21440084,-0.2510727,-0.055988368,0.108065076,0.06064082,0.26680717,-0.19394976,-0.011873036,-0.20682855,0.2818844,0.04794261,-0.20886092,0.041473817,-0.14581153,-0.14610879,-0.059861552,-0.09951794,-0.00989935,-0.11993126,0.08913157,0.06429243,-0.033030923,-0.18534094,0.20560274,0.036311794,-0.020982167,-0.022608647,-0.06779362,-0.050181694,0.083374955,-0.28386915,0.18772934,-0.07573792,-0.35301852,-0.025754593,0.14181878,-0.46429107,0.14083642,0.0154590495,-0.43256313,0.070260346,-0.026899401,-0.114360936,0.3320477,-0.024759775,-0.107411936
64,sport,0.03134668,-0.14293472,-0.064523846,-0.059768766,-0.030188683,0.23691173,0.23109087,0.068276994,-0.09781263,0.008130509,-0.24711266,0.1155796,0.007158679,0.32646266,-0.20972748,-0.16979851,0.06074816,-0.29212794,-0.18667668,0.11885539,0.2663088,0.04324274,-0.14817198,-0.059306845,0.06523332,0.13844524,-0.16878556,0.10141416,-0.22894506,-0.084876634,0.14199975,-0.26654056,0.21119192,-0.082417004,-0.007257925,-0.34095117,0.05330984,-0.31901535,-0.04063867,-0.08611399,0.020456567,-0.1421754,0.3037658,-0.13909793,0.03770981,0.11410725,0.23467064,0.2292904,0.2868117,-0.2609642,-0.14148408,-0.3480755,-0.08735253,0.022903081,0.17634241,-0.21773939,-0.069321945,0.095735185,0.07386988,0.2756386,-0.18684258,0.025386902,-0.23308164,0.27200478,0.056170948,-0.15072235,0.0130852945,-0.1485468,-0.108156964,-0.06626221,-0.07669531,-0.0034639717,-0.11981228,0.0805406,0.094238944,-0.035596624,-0.12609383,0.14701544,-0.013025366,-0.047078215,-0.008463278,-0.06573893,-0.06655651,0.08205191,-0.24964628,0.14028357,-0.048625965,-0.3281131,-0.046954542,0.14055766,-0.4171937,0.14040266,0.027612288,-0.37931642,0.10893644,-0.032911025,-0.09910312,0.28207412,-0.04615212,-0.12293342
65,sport,0.018990656,-0.10230917,-0.10484181,-0.032080468,-0.021848705,0.2635459,0.19749142,0.08919016,0.019965647,0.06314428,-0.18379982,0.120762385,-0.037047036,0.25592738,-0.19620624,-0.16914919,0.09739873,-0.21174043,-0.14807089,0.0882119,0.2414846,0.07849087,-0.123334974,-0.063784145,0.11009559,0.13388786,-0.114495136,0.12660515,-0.22350179,-0.06473678,0.13662209,-0.21053061,0.19322808,-0.06921016,0.0022578696,-0.308781,0.094763316,-0.29654595,-0.017421104,-0.079308495,0.013795068,-0.12554353,0.23202553,-0.12514047,-0.011136041,0.07612082,0.21389996,0.1839282,0.28644153,-0.27716953,-0.11376324,-0.32072875,-0.09141452,0.013685673,0.09495491,-0.21313807,-0.07323174,0.13015583,0.084032565,0.25537685,-0.1814226,0.0385924,-0.22801574,0.22578168,0.013507029,-0.1076654,-0.0268759,-0.21125822,-0.09370847,-0.07372195,-0.110749476,-0.027920011,-0.10215724,0.13597225,0.068171896,-0.056883384,-0.10218816,0.14043638,-0.040179584,-0.07066357,0.003937401,-0.006816772,-0.073135786,0.09133609,-0.1406972,0.11468878,0.019988537,-0.3287332,-0.058811717,0.10934041,-0.36641437,0.15956038,0.041502003,-0.3312171,0.054697655,-0.013463679,-0.11849433,0.25800207,-0.044809587,-0.14298993
66,sport,0.03797904,-0.14342688,-0.044487137,-0.0607078,-0.024033139,0.21441221,0.2533125,0.04345268,-0.13170747,-0.00400021,-0.23573141,0.10032197,0.023917634,0.3170828,-0.2110716,-0.16269399,0.034444757,-0.28464088,-0.17301853,0.11445878,0.2627692,0.017901205,-0.15179887,-0.05120105,0.046285465,0.1421107,-0.18946739,0.084562875,-0.22478957,-0.084017135,0.12496314,-0.25725654,0.2112484,-0.07958204,0.0012354152,-0.3343018,0.023982957,-0.32682532,-0.07161144,-0.07999549,0.028255379,-0.14766447,0.3251307,-0.15259857,0.0481233,0.12000126,0.2380239,0.22173196,0.23786978,-0.25940475,-0.1611466,-0.3111616,-0.075464204,0.01127839,0.20722134,-0.20357358,-0.05962252,0.07951542,0.05662048,0.24899669,-0.16320445,0.0025612172,-0.21602143,0.25279748,0.04303502,-0.17542592,0.035272587,-0.14137265,-0.13993615,-0.054162987,-0.071938574,0.004361232,-0.13601363,0.067323,0.07310441,-0.02027165,-0.1386905,0.17190024,0.01168885,-0.019961061,-0.019877598,-0.061005693,-0.050511748,0.07706632,-0.2768012,0.15544061,-0.05651181,-0.31085795,-0.040832274,0.13281822,-0.42147937,0.11474855,0.01575536,-0.38523257,0.103331536,-0.033619765,-0.09541391,0.2884233,-0.03875618,-0.09668402
67,sport,0.02209558,-0.11023193,-0.08545748,-0.027312603,-0.026093734,0.23877232,0.18058898,0.08228187,-0.026774349,0.036642876,-0.21620815,0.10993054,-0.013637173,0.2903153,-0.19626895,-0.1585509,0.07026721,-0.25632715,-0.1710771,0.09386373,0.22486292,0.0438074,-0.13258913,-0.051984884,0.07748149,0.11122286,-0.11941989,0.10259423,-0.21367706,-0.06410699,0.14071096,-0.23138312,0.18794064,-0.06817554,-0.004593516,-0.30809483,0.09476667,-0.2847104,-0.02847033,-0.07313109,0.005350213,-0.13815531,0.23682813,-0.13723204,0.028887333,0.089266405,0.2026076,0.2028383,0.2830215,-0.25414035,-0.09648877,-0.33779177,-0.0767144,0.030058831,0.122718714,-0.17826574,-0.07066542,0.09043472,0.07876899,0.2671657,-0.17321791,0.046740092,-0.24415247,0.23720977,0.04069746,-0.101310976,-0.0098663755,-0.16041958,-0.10274779,-0.06367219,-0.07271842,0.0039763064,-0.12280591,0.10219104,0.090660624,-0.045314312,-0.08484559,0.10923973,-0.04787765,-0.062961206,0.004558595,-0.028568707,-0.07276925,0.08586932,-0.19136794,0.1111899,-0.0055614393,-0.29960105,-0.057321858,0.12157928,-0.36455718,0.13719401,0.03741891,-0.3267252,0.10875571,-0.029285895,-0.09942461,0.23276865,-0.05787408,-0.1333012
68,sport,-0.012678973,-0.08064466,-0.105712004,0.0132941175,-0.04982488,0.27366394,0.09466274,0.1149325,0.056985326,0.07125729,-0.23341945,0.10047295,-0.031935267,0.31897336,-0.19131,-0.16728939,0.09674545,-0.2827867,-0.19930406,0.08482444,0.19787161,0.052530028,-0.1509217,-0.0475201,0.09426861,0.07457186,-0.07127174,0.11270543,-0.2132487,-0.044588387,0.157936,-0.25536984,0.1699782,-0.045358002,-0.017291317,-0.29051077,0.18750632,-0.2588058,0.022791995,-0.07594431,-0.022958677,-0.14995806,0.1725764,-0.13275394,0.024445105,0.07640573,0.18492022,0.20310445,0.3499021,-0.2719014,-0.026488658,-0.41244638,-0.07752852,0.054851186,0.06944603,-0.15727855,-0.09364264,0.08088044,0.122060195,0.3041228,-0.18784766,0.096247196,-0.28880236,0.255549,0.052166086,-0.022527838,-0.06583395,-0.17472063,-0.062560216,-0.07667387,-0.059990533,0.00016676677,-0.13981916,0.10221136,0.12193283,-0.056068722,-0.012129256,0.048105326,-0.115244925,-0.10960169,0.021798665,-0.012956351,-0.101986706,0.087315306,-0.14995019,0.071708605,0.036235854,-0.30177635,-0.0843428,0.12608825,-0.34603828,0.14895709,0.06590071,-0.29693073,0.16183375,-0.038613707,-0.083742075,0.19001386,-0.08345825,-0.16606194
69,sport,0.008023648,-0.102992184,-0.09739568,-0.0053856443,-0.034831896,0.25262204,0.1186895,0.09524072,0.029130016,0.07250691,-0.21522494,0.10046727,-0.031229438,0.2917965,-0.18696481,-0.15203112,0.08379586,-0.26129943,-0.1769206,0.08896505,0.20626701,0.044590905,-0.14012566,-0.050376877,0.09690282,0.08694795,-0.08416921,0.102503926,-0.21521601,-0.044076174,0.14472209,-0.23503923,0.1720994,-0.052151714,-0.012527135,-0.30062175,0.14585742,-0.26419643,0.0026206446,-0.07809889,-0.012049598,-0.14955819,0.19459103,-0.12147998,0.022149403,0.08980195,0.1916497,0.19755124,0.3109685,-0.25377148,-0.05387727,-0.36376274,-0.07545286,0.05062717,0.087472275,-0.1604827,-0.08466423,0.08942086,0.099334046,0.2951835,-0.1774609,0.078085974,-0.25858855,0.23819917,0.04320826,-0.05394789,-0.044950932,-0.1645399,-0.0838594,-0.08024116,-0.068912484,-0.0018432913,-0.13025507,0.10691326,0.10178943,-0.051082913,-0.044132676,0.07763642,-0.086331435,-0.07631063,0.015865393,-0.00960289,-0.091067664,0.09083752,-0.16116142,0.079686135,0.02051814,-0.29714778,-0.06778168,0.12280514,-0.32802826,0.13597278,0.05371639,-0.29436147,0.12636445,-0.029010875,-0.08472666,0.20574497,-0.06273296,-0.156342
70,sport,0.022241177,-0.11139587,-0.077069074,-0.044261776,-0.022564624,0.23406312,0.20630968,0.06961377,-0.04394971,0.025985243,-0.20153025,0.113533214,-0.011641428,0.28232718,-0.18970709,-0.15186645,0.06917425,-0.2439696,-0.16222568,0.09836532,0.23050348,0.036563765,-0.13875939,-0.051388327,0.07005579,0.11382949,-0.1270098,0.09682796,-0.20597345,-0.06313811,0.13003296,-0.22480553,0.19525099,-0.07151123,0.0015905316,-0.30238262,0.07156605,-0.2913775,-0.03899026,-0.076296926,0.014070348,-0.13589981,0.24840485,-0.14419807,0.024533797,0.08560826,0.2080002,0.1929427,0.25777698,-0.2518865,-0.12017747,-0.31235233,-0.07148673,0.020553421,0.14010866,-0.1804167,-0.06731274,0.083840735,0.07081508,0.2465925,-0.16910857,0.025025036,-0.23385447,0.23732272,0.033976648,-0.11219462,0.0028621051,-0.15309016,-0.11809493,-0.05585506,-0.082832985,0.0010923307,-0.11997102,0.10092912,0.0687993,-0.034657758,-0.110346444,0.1349323,-0.025488723,-0.047885817,-0.0022628603,-0.025475945,-0.06074075,0.07998514,-0.19765392,0.12853593,-0.016021281,-0.29743817,-0.05219036,0.11453366,-0.3738621,0.13165388,0.023594262,-0.33192217,0.09431635,-0.026877543,-0.09913623,0.24893647,-0.05123372,-0.11595745
71,sport,0.07996005,-0.20662887,-0.013343346,-0.19805866,-0.046951693,0.19930837,0.43204695,-0.0052199382,-0.27747473,-0.10216635,-0.2501352,0.12616467,0.03691281,0.33573765,-0.2368178,-0.16361195,0.01971555,-0.28506488,-0.1648736,0.17992848,0.35770422,-0.0059361416,-0.17560244,-0.08139168,0.039322745,0.19639745,-0.3073682,0.098166496,-0.2471512,-0.12085083,0.11013768,-0.30515897,0.29753578,-0.121689245,0.0030511604,-0.3828634,-0.1288907,-0.40415013,-0.120897666,-0.097573385,0.06550722,-0.13430165,0.45338482,-0.16889302,0.07143584,0.13686016,0.31343472,0.24720667,0.14789043,-0.29486883,-0.30866528,-0.25362375,-0.10070151,-0.026946448,0.32536745,-0.28074288,-0.05141324,0.08874504,0.028685,0.19337395,-0.1948491,-0.103773355,-0.14699695,0.31029114,0.052822348,-0.30274642,0.11724293,-0.122368395,-0.20147772,-0.019885857,-0.11907723,-0.005274628,-0.10097105,0.060304366,0.021988843,-0.0028212417,-0.2968077,0.30550072,0.13822253,0.033660218,-0.08014958,-0.09241027,-0.0032522741,0.04879405,-0.3928703,0.26418814,-0.16523412,-0.35377774,0.0032720536,0.12982485,-0.5762881,0.106139116,-0.018569585,-0.5146391,0.040309753,-0.034196403,-0.12726958,0.42402735,0.02002985,-0.055459242
72,sport,0.045016017,-0.11873367,-0.10424362,-0.061183125,-0.024426283,0.26756826,0.26024383,0.0798023,-0.044239778,0.025150394,-0.20699619,0.1341508,-0.040585604,0.28432506,-0.22266448,-0.17696336,0.08188884,-0.22307332,-0.16416788,0.10139476,0.2547679,0.057078958,-0.12353699,-0.0922438,0.104255944,0.14975472,-0.16181803,0.12907,-0.24007103,-0.068839885,0.15662548,-0.23105992,0.24001412,-0.10283019,0.014859705,-0.33756566,0.03235909,-0.32920256,-0.04964462,-0.08156365,0.016889347,-0.15083766,0.2723586,-0.1543738,0.02695228,0.08163695,0.23393288,0.19475375,0.2725702,-0.30005702,-0.16076642,-0.32075244,-0.10209963,0.016965581,0.13168724,-0.2199396,-0.055609774,0.11161795,0.08053832,0.2709299,-0.19538604,0.025538798,-0.25111154,0.25074753,0.03122496,-0.14765225,0.011737078,-0.18087547,-0.14083321,-0.056674495,-0.1143912,-0.0054122643,-0.1301472,0.15182795,0.054168064,-0.069171526,-0.14135662,0.15437979,-0.01133269,-0.06904812,0.011973919,-0.006479726,-0.051338047,0.09236145,-0.20108354,0.16994824,-0.019562632,-0.34364375,-0.033945583,0.121479884,-0.43359125,0.16821067,0.035216626,-0.39853883,0.06471518,-0.017831745,-0.14106308,0.29141355,-0.04785255,-0.13373499
73,sport,0.05968484,-0.17955372,-0.028964467,-0.1505259,-0.04022224,0.20797502,0.35238993,0.024352066,-0.21068963,-0.06875685,-0.23916814,0.121572286,0.025768079,0.32360622,-0.22092763,-0.1548098,0.03055209,-0.27929634,-0.16874328,0.15531412,0.31594405,0.014465056,-0.16355516,-0.07530842,0.043939937,0.17049101,-0.25218207,0.09821061,-0.23433362,-0.10891071,0.11813839,-0.28483567,0.2595923,-0.108238764,0.005035127,-0.3591155,-0.065475054,-0.36353385,-0.08823256,-0.09426874,0.047577403,-0.13549384,0.38028544,-0.15651043,0.060610276,0.12309793,0.2799904,0.23444214,0.18814364,-0.2722771,-0.24377035,-0.28137684,-0.09318819,-0.0067459047,0.26687205,-0.25361657,-0.052585214,0.08611146,0.04501448,0.2193178,-0.19517109,-0.05685659,-0.17670225,0.2931664,0.048809763,-0.24167046,0.08096992,-0.12097704,-0.16821055,-0.030480603,-0.099263966,-0.0023255674,-0.10723433,0.065457255,0.046951845,-0.013377434,-0.23106818,0.24368031,0.08112884,0.0064143594,-0.05304512,-0.079663016,-0.026032507,0.05075742,-0.33565408,0.2182864,-0.12418043,-0.33500838,-0.0069646942,0.12458704,-0.5138816,0.11736835,7.016538e-05,-0.45660427,0.06728362,-0.033976693,-0.11569907,0.36450598,0.00033558413,-0.07926263
74,sport,0.002135417,-0.10645409,-0.12605612,0.01713548,0.00437513,0.300084,0.1478238,0.12026336,0.03534395,0.1041206,-0.1977131,0.13252562,-0.03891276,0.2827939,-0.21377768,-0.17374218,0.10188165,-0.23817909,-0.17982306,0.06956692,0.22485392,0.09746954,-0.11599737,-0.07900886,0.10372948,0.1477758,-0.09116811,0.11991254,-0.23988274,-0.055897612,0.17210694,-0.20610122,0.18305798,-0.07808484,0.014591842,-0.34808713,0.14794151,-0.30973527,-0.013657826,-0.08750218,0.010326942,-0.16478333,0.22359656,-0.14211227,-0.006112478,0.092253014,0.20898479,0.19677745,0.37204707,-0.26867467,-0.06664017,-0.38674545,-0.077215634,0.04689469,0.049501415,-0.20364045,-0.05896816,0.13289349,0.10661998,0.33932137,-0.20004721,0.09437714,-0.29069737,0.23830406,0.029157039,-0.08266995,-0.054095734,-0.1973801,-0.1057377,-0.101661526,-0.10023128,-0.022570038,-0.14258121,0.15909211,0.09114993,-0.07191001,-0.05585881,0.092648774,-0.08840235,-0.101957805,0.0554049,-0.004090681,-0.10535713,0.1256193,-0.12188728,0.09972799,0.05122012,-0.35649768,-0.062130947,0.13648345,-0.33773348,0.18975726,0.06791426,-0.33316198,0.088844635,-0.018327257,-0.11039211,0.2170833,-0.077617936,-0.17656012
75,sport,0.010262668,-0.083806895,-0.14714111,0.020039659,-0.008961283,0.31676707,0.16204606,0.14712805,0.09569137,0.115562186,-0.22382082,0.14858778,-0.05953976,0.27431983,-0.23304312,-0.21424018,0.121399865,-0.23919734,-0.16694725,0.05290024,0.23903337,0.10171636,-0.11192948,-0.059690677,0.14007984,0.14095502,-0.07323326,0.15554518,-0.25010344,-0.048829924,0.18892442,-0.21792668,0.19197753,-0.06747068,-0.0031573123,-0.33867586,0.2009078,-0.33289292,-0.0029541887,-0.077257946,0.0019026459,-0.15924764,0.23523875,-0.12866876,-0.028007932,0.08457251,0.22022751,0.21539408,0.38727573,-0.32504728,-0.058197804,-0.40252778,-0.09193291,0.042542513,0.03877096,-0.20680648,-0.08964854,0.16835919,0.090144254,0.3317731,-0.18385607,0.0891815,-0.2841823,0.23504804,0.009101437,-0.07607448,-0.07207,-0.29113087,-0.100261636,-0.09109787,-0.12089058,-0.02470015,-0.12706025,0.18739296,0.09643727,-0.087028086,-0.052483026,0.10809556,-0.101961315,-0.11861834,0.023217898,0.020895332,-0.110316314,0.1286959,-0.09950882,0.07135563,0.08273308,-0.36608717,-0.09037354,0.113025,-0.35876235,0.20377639,0.0657463,-0.33826917,0.07526121,-0.018476116,-0.12890999,0.23932958,-0.07584693,-0.18445
76,sport,0.04387682,-0.1490628,-0.05120535,-0.086467005,-0.036754917,0.21960457,0.27616504,0.037794173,-0.12401126,-0.017677374,-0.24804161,0.10524899,0.008758484,0.32762173,-0.21515174,-0.17367701,0.044821043,-0.2977677,-0.17581989,0.13671693,0.286419,0.0077395975,-0.15553322,-0.054261796,0.059851456,0.14944199,-0.20169106,0.092465565,-0.23351532,-0.0786962,0.12796427,-0.27747977,0.23497511,-0.082239084,-0.017180976,-0.34018305,0.012106652,-0.3323843,-0.06548269,-0.08943927,0.03265749,-0.12633805,0.33813262,-0.14633425,0.047534846,0.11881967,0.2527725,0.22155443,0.23809654,-0.28242588,-0.1742447,-0.31716606,-0.08634365,0.00096046826,0.20667571,-0.22635698,-0.0723457,0.08740249,0.06450804,0.23751104,-0.17175493,-0.0128072165,-0.20249194,0.26841572,0.05901291,-0.18522486,0.036124513,-0.14853646,-0.12972985,-0.050219513,-0.08322243,0.0011890131,-0.12535694,0.06877808,0.0813998,-0.02259603,-0.16407199,0.19140828,0.029765084,-0.026162647,-0.03394819,-0.06570745,-0.045326702,0.07960958,-0.29053295,0.16582452,-0.07908329,-0.31986684,-0.03530072,0.14669164,-0.45975834,0.116056986,0.010970993,-0.40568173,0.09308602,-0.02419018,-0.103348166,0.31522292,-0.032885052,-0.10025784
77,sport,0.0019053903,-0.08857295,-0.07695279,0.0048546405,-0.035564132,0.22965996,0.12777781,0.08794216,-0.0021287939,0.029580235,-0.23555107,0.09224738,-0.017393814,0.3106088,-0.18078165,-0.16246915,0.06541774,-0.27986163,-0.1873111,0.081727296,0.20194572,0.020616032,-0.1524663,-0.022177381,0.07112437,0.076020174,-0.10055103,0.09029048,-0.20237646,-0.044579156,0.1487443,-0.243583,0.16065258,-0.042618074,-0.014527867,-0.2827787,0.13588478,-0.25258407,-0.019051157,-0.07229626,-0.013674209,-0.13021131,0.20008537,-0.1297629,0.05246899,0.09884803,0.18618824,0.19773848,0.2868971,-0.24095012,-0.05743079,-0.37217465,-0.0678194,0.03195593,0.10835291,-0.14651087,-0.08628616,0.0624595,0.10037691,0.27288586,-0.16181575,0.06397947,-0.25615048,0.23794094,0.052350335,-0.062261228,-0.020991573,-0.14633523,-0.08858428,-0.059738386,-0.05604712,0.0045513134,-0.14448431,0.07624118,0.11699329,-0.033472627,-0.04050978,0.072851814,-0.08268627,-0.07027839,0.0017560119,-0.03130675,-0.07712888,0.06975151,-0.1945557,0.06837491,0.0002183042,-0.26839736,-0.061440285,0.122705355,-0.3579475,0.12162598,0.03930616,-0.28294033,0.15878226,-0.0362626,-0.091017865,0.1849272,-0.074482076,-0.13901785
78,sport,0.052424904,-0.17848685,-0.04634957,-0.1240406,-0.040309496,0.22848341,0.3167328,0.03681345,-0.16719413,-0.030309306,-0.24013099,0.12518106,0.0138128,0.33318958,-0.22133636,-0.15924168,0.0559949,-0.28676066,-0.17738028,0.15288791,0.31512055,0.032250375,-0.1625464,-0.07425893,0.062900394,0.16863911,-0.22217155,0.10264624,-0.24311961,-0.09930741,0.13131323,-0.28143945,0.25480223,-0.10360638,-0.0029492902,-0.36859515,-0.029574236,-0.345001,-0.068807594,-0.096698344,0.03432251,-0.13430081,0.36408326,-0.1485473,0.053739563,0.120352365,0.27073586,0.23603064,0.23744893,-0.2726658,-0.21450229,-0.3169973,-0.103370145,0.0025420147,0.23446682,-0.25686318,-0.062487096,0.09761302,0.06309788,0.24939291,-0.20454888,-0.02667603,-0.2012805,0.29349992,0.05798843,-0.21692178,0.054896325,-0.12730429,-0.14004692,-0.050998013,-0.09745769,-0.0063663586,-0.10540716,0.07902188,0.069360204,-0.027222877,-0.20418721,0.20939305,0.04966245,-0.016016977,-0.03375948,-0.08178634,-0.042823173,0.07242622,-0.3054616,0.20195118,-0.10310273,-0.3527119,-0.020871414,0.14513941,-0.47983807,0.13345554,0.008324078,-0.4430417,0.071760975,-0.030575871,-0.115932554,0.34393302,-0.016347049,-0.10885692
79,sport,-0.0134510165,-0.08495545,-0.08993972,0.009192424,-0.03856669,0.2583528,0.1129224,0.10623667,0.018145403,0.05419196,-0.22379985,0.10182249,-0.016871141,0.31272092,-0.18232363,-0.15939035,0.082019955,-0.2754148,-0.1921441,0.08400186,0.19257148,0.053236295,-0.14545861,-0.04802231,0.07348266,0.077315755,-0.08006216,0.10387755,-0.20013553,-0.053276442,0.15285885,-0.23794593,0.15984417,-0.055939842,-0.006007996,-0.28620297,0.16329868,-0.26040792,0.0036159195,-0.07577603,-0.016211333,-0.14445397,0.17493159,-0.13579923,0.030904785,0.07743755,0.17872238,0.19362159,0.3255981,-0.2448389,-0.040872794,-0.38895532,-0.064871036,0.048463814,0.085664384,-0.15469462,-0.07819155,0.068362534,0.10720212,0.29289794,-0.18319859,0.08560143,-0.28240606,0.25232846,0.051181078,-0.036662694,-0.045991346,-0.15096931,-0.07622225,-0.073887035,-0.055478033,-0.0012967917,-0.13787585,0.089014105,0.10988839,-0.04779908,-0.028175045,0.050719786,-0.0983468,-0.097653314,0.02155497,-0.020373493,-0.09355454,0.07924784,-0.15825541,0.079170816,0.023793943,-0.29074162,-0.07219419,0.11883344,-0.34164983,0.14829092,0.056831293,-0.29523623,0.15679015,-0.03655518,-0.07853205,0.1822938,-0.07663399,-0.14783914
80,sport,-0.0036253799,-0.106534354,-0.1083822,0.0092189675,-0.03279004,0.28254938,0.10887476,0.11073334,0.03882984,0.08591489,-0.22732851,0.11049503,-0.0315802,0.32256904,-0.19857202,-0.16457209,0.09643178,-0.28676653,-0.19919938,0.09421337,0.2140587,0.06590408,-0.14220428,-0.06317151,0.100845575,0.09979236,-0.08130883,0.11160602,-0.22886027,-0.050548945,0.16045178,-0.2484908,0.17846963,-0.062914245,-0.011693602,-0.32523927,0.17435804,-0.28512922,0.014627462,-0.08878038,-0.010260299,-0.15760024,0.20119296,-0.13005821,0.014593891,0.09293077,0.20518662,0.2064315,0.36200425,-0.26540032,-0.04534578,-0.4087162,-0.078040615,0.058365937,0.07862946,-0.18289623,-0.08346851,0.09804721,0.12037456,0.33664685,-0.19861226,0.09886759,-0.28936672,0.2582224,0.057242986,-0.046545185,-0.06454257,-0.17193013,-0.07655224,-0.09937553,-0.07064093,-0.007993101,-0.14100455,0.11454934,0.11558958,-0.061528295,-0.034060862,0.062584184,-0.109873995,-0.097453855,0.035126626,-0.012126128,-0.10508955,0.106465325,-0.15291962,0.08147093,0.036857095,-0.32766533,-0.07888804,0.14341028,-0.34093997,0.16502234,0.066252545,-0.30938575,0.13895589,-0.030799014,-0.083519004,0.20804627,-0.071432024,-0.17557308
81,sport,0.02677833,-0.13254005,-0.06587191,-0.053212337,-0.026442658,0.23202537,0.21452126,0.07385384,-0.08566903,0.006382491,-0.23716508,0.12143192,0.0030770611,0.31928197,-0.20515496,-0.1646764,0.06279534,-0.28060347,-0.18192166,0.10684929,0.2520617,0.03730062,-0.14526908,-0.04899019,0.066044115,0.12338119,-0.15193401,0.098252214,-0.22027758,-0.07609906,0.1399634,-0.2533128,0.20013256,-0.07978639,-0.0065946695,-0.32449895,0.06432936,-0.30817628,-0.041503828,-0.07777272,0.013780833,-0.14355168,0.29148084,-0.13628632,0.03979003,0.10872976,0.22919858,0.22391681,0.27252853,-0.24810374,-0.13378492,-0.33921203,-0.080179475,0.022876712,0.17234008,-0.1989257,-0.076272294,0.08881844,0.06818595,0.2765784,-0.18232252,0.02809454,-0.22938082,0.2615451,0.051647294,-0.13568802,0.011654068,-0.15211019,-0.1123593,-0.065893814,-0.073962234,0.0037852437,-0.12186964,0.084207244,0.088773735,-0.041475717,-0.11928005,0.13525619,-0.025613483,-0.037216373,-0.012665871,-0.050750602,-0.0658551,0.079701625,-0.23348473,0.12891315,-0.03305953,-0.31157628,-0.05393043,0.13060616,-0.39611995,0.13904335,0.021683834,-0.35649082,0.11072793,-0.034433983,-0.102136254,0.26372978,-0.04434895,-0.123404644
82,sport,0.014605338,-0.10769795,-0.084199995,-0.03564625,-0.0163728,0.24549223,0.19451933,0.07312943,-0.02676248,0.04059335,-0.18246385,0.11762401,-0.018607065,0.27319524,-0.18685688,-0.1497603,0.07493822,-0.2287335,-0.1615457,0.091722675,0.22096512,0.0442904,-0.13509354,-0.058750425,0.07377912,0.1149811,-0.11866025,0.097583234,-0.20560598,-0.058067653,0.12832527,-0.21199133,0.19143216,-0.07364419,0.009244977,-0.30138493,0.07663513,-0.29580045,-0.036996722,-0.07844572,0.014770961,-0.1408024,0.23500341,-0.14863785,0.017396621,0.079618104,0.20839308,0.17890832,0.26247874,-0.25091264,-0.11520722,-0.30912983,-0.064621426,0.019716771,0.12432734,-0.17803247,-0.0641782,0.08616096,0.07656436,0.25419638,-0.17317113,0.034367684,-0.24308303,0.22931612,0.027709786,-0.10219856,-0.0046751588,-0.15857397,-0.120427065,-0.06452646,-0.090014495,-0.0044540344,-0.1286133,0.11488897,0.06009081,-0.0433749,-0.1061147,0.12975858,-0.034918897,-0.050779402,0.010103439,-0.009074986,-0.06383608,0.08773064,-0.17476109,0.13030776,0.0015042158,-0.30426717,-0.056825574,0.111528516,-0.3613863,0.1402433,0.02550714,-0.32652062,0.08617335,-0.024403846,-0.10047331,0.23993064,-0.05211201,-0.12289558
83,sport,0.002150678,-0.09214108,-0.10214788,0.003881653,-0.030631697,0.25418404,0.13052459,0.09273974,0.037952464,0.06894747,-0.2030671,0.10339049,-0.031041844,0.28425616,-0.18379213,-0.14788619,0.091786616,-0.25026035,-0.1709074,0.08555971,0.20779198,0.059300855,-0.13528287,-0.054260157,0.092107534,0.09250305,-0.085784696,0.105067976,-0.20836921,-0.050259266,0.14335275,-0.22577313,0.17494333,-0.0520286,-0.00687879,-0.29275155,0.1397541,-0.25541812,-0.002839467,-0.073908515,-0.010233599,-0.13623482,0.18232454,-0.13174453,0.014832856,0.069004826,0.17955257,0.19081077,0.31655762,-0.26101342,-0.051591683,-0.35672635,-0.07889902,0.035528734,0.07511021,-0.16931224,-0.079016685,0.09068087,0.10412215,0.27489987,-0.17437224,0.0712758,-0.26327652,0.2368867,0.037893932,-0.055437133,-0.041535676,-0.16765426,-0.06999906,-0.07009469,-0.0719567,-0.0012040435,-0.12457297,0.10939551,0.10482472,-0.052113697,-0.038178593,0.07645243,-0.07987105,-0.09340892,0.017977923,-0.018046655,-0.0864951,0.09065488,-0.1472888,0.091530584,0.023131702,-0.29596472,-0.06425538,0.122311115,-0.33056164,0.13923872,0.05714642,-0.30066168,0.119031124,-0.029475609,-0.093297005,0.20383888,-0.06917493,-0.15159076
84,sport,0.009781091,-0.09816924,-0.11974669,0.013203539,0.0013115327,0.28521544,0.1696988,0.11018575,0.03541604,0.09700894,-0.18843828,0.1271807,-0.03962852,0.2624131,-0.21145913,-0.1736772,0.091121815,-0.22136374,-0.15845537,0.0658075,0.22286746,0.09348785,-0.114621766,-0.0722888,0.10211437,0.1406467,-0.09298727,0.122366965,-0.23261316,-0.061110497,0.15973629,-0.19651091,0.1837109,-0.07770883,0.014996304,-0.33166215,0.13225307,-0.30531746,-0.025423678,-0.07905382,0.01430287,-0.15216015,0.2181183,-0.14093894,-0.0067075635,0.07772699,0.20718962,0.1880023,0.3292341,-0.27972296,-0.079892516,-0.34916824,-0.07591774,0.033735823,0.06471448,-0.19421615,-0.05825511,0.1281462,0.08958391,0.3031272,-0.1840648,0.07376293,-0.27732167,0.21717587,0.013213197,-0.09068071,-0.043174867,-0.21084797,-0.11469585,-0.08943245,-0.104577,-0.016906263,-0.1326008,0.16003516,0.07705635,-0.06982483,-0.07058122,0.104696475,-0.07688995,-0.09071416,0.03925055,0.006359519,-0.090754814,0.11346626,-0.12419505,0.10947301,0.052812804,-0.34410536,-0.06582678,0.12316869,-0.3398912,0.18160926,0.060101517,-0.3331021,0.07294777,-0.017167836,-0.11347069,0.2265859,-0.06854322,-0.16246724
85,sport,0.017331151,-0.10603587,-0.095993906,-0.016408067,-0.020713503,0.26330167,0.18307596,0.097551964,-0.01555614,0.050691016,-0.21160312,0.12461541,-0.019337324,0.29150873,-0.2055877,-0.17056608,0.07418443,-0.24819641,-0.17329091,0.08198892,0.22390118,0.059986796,-0.1323974,-0.060817707,0.09067635,0.11697911,-0.11564107,0.11169968,-0.22004566,-0.058774363,0.15526971,-0.22252275,0.18765126,-0.07992884,0.00952802,-0.31918785,0.10414196,-0.30199596,-0.028283676,-0.07409581,0.00028755027,-0.15486556,0.23243104,-0.14034793,0.022124823,0.08691756,0.21190089,0.20255068,0.29949868,-0.26414707,-0.099950545,-0.34856656,-0.07521698,0.0326497,0.113249265,-0.18080813,-0.065133154,0.10010076,0.08011719,0.2971294,-0.17918442,0.059720296,-0.26364362,0.24226066,0.033193745,-0.096809216,-0.012816098,-0.180455,-0.12516876,-0.06928427,-0.08467053,-0.002311801,-0.13737863,0.12539014,0.07925197,-0.059568033,-0.08329601,0.10838785,-0.058966286,-0.07075824,0.015675483,-0.011170449,-0.078854896,0.09346509,-0.17274304,0.11252579,0.016551346,-0.32183996,-0.060037848,0.1158162,-0.3704182,0.16355546,0.040486425,-0.33994743,0.10404122,-0.027362594,-0.10983514,0.23262267,-0.06016535,-0.14396465
86,sport,0.014083189,-0.08615161,-0.12729594,0.007557913,-0.010481312,0.28494203,0.16773619,0.10898178,0.07686438,0.10478273,-0.18011206,0.12090719,-0.05555882,0.24377257,-0.2076336,-0.18242328,0.10508849,-0.20258793,-0.14678772,0.064842105,0.2218173,0.09432502,-0.11115618,-0.06911201,0.12411839,0.13652965,-0.08557081,0.13908286,-0.23073265,-0.05354472,0.15400131,-0.19367324,0.18436363,-0.06525025,0.0057501583,-0.31275973,0.14013636,-0.29811236,-0.013581964,-0.07730998,0.008460237,-0.13451475,0.20634504,-0.12874894,-0.019045321,0.06490431,0.20512532,0.17898446,0.31732455,-0.29832736,-0.07914796,-0.33480194,-0.08935612,0.02487128,0.051097717,-0.20268266,-0.07307729,0.14280169,0.09316458,0.2760069,-0.17671785,0.06390295,-0.25646085,0.20496759,0.00055417046,-0.08525755,-0.05467498,-0.24144648,-0.09429668,-0.0853489,-0.1160462,-0.024848811,-0.1152387,0.16690138,0.07372527,-0.07216617,-0.06994438,0.11602155,-0.07179276,-0.09532255,0.02541014,0.0197145,-0.08509073,0.11143149,-0.10204827,0.10117973,0.061362226,-0.33973613,-0.0720453,0.1121992,-0.34062427,0.17535652,0.06078471,-0.3231591,0.051265396,-0.009428034,-0.11998773,0.23520717,-0.058600076,-0.16375244
87,sport,0.0034456667,-0.099667974,-0.12566267,0.020807076,-0.00545521,0.29553297,0.14386785,0.12147396,0.05524307,0.10698713,-0.19521119,0.12602781,-0.040316544,0.28202835,-0.21170026,-0.17720987,0.1024974,-0.23563665,-0.17630552,0.07070701,0.21796942,0.097317405,-0.12197629,-0.074540615,0.11116958,0.12847528,-0.08621832,0.12620728,-0.23435238,-0.05770903,0.16522904,-0.20552953,0.17911543,-0.07363709,0.012713374,-0.33706492,0.15565278,-0.30759323,-0.008091621,-0.083461665,0.0025227505,-0.16004686,0.19861315,-0.13971736,-0.00583656,0.07884418,0.20314085,0.19327697,0.3609062,-0.27776274,-0.059682917,-0.37842533,-0.075602405,0.04290589,0.05310387,-0.19640344,-0.06623555,0.12965706,0.106146134,0.32582814,-0.19597471,0.0945865,-0.2960155,0.23130797,0.023373084,-0.06994228,-0.05616039,-0.2118735,-0.100030795,-0.098188266,-0.09699092,-0.01988582,-0.14140913,0.15809904,0.09256185,-0.0745341,-0.0500647,0.08524533,-0.09738085,-0.10001701,0.048861135,0.006871206,-0.1023273,0.117423184,-0.11764169,0.0953346,0.06423205,-0.35003585,-0.07438167,0.12609392,-0.33626303,0.18914188,0.069084324,-0.3275671,0.092314206,-0.02158518,-0.11003591,0.21372955,-0.07438489,-0.1773323
88,sport,0.008139212,-0.095023625,-0.1258304,0.03511194,-0.0017290424,0.2919174,0.14185837,0.124386415,0.043292716,0.10130403,-0.21101575,0.12796846,-0.03597136,0.28678325,-0.22337085,-0.18311283,0.08955103,-0.24871698,-0.18271723,0.059468593,0.20905481,0.09223703,-0.11811566,-0.07246802,0.102375545,0.12930726,-0.08770893,0.12259808,-0.23905163,-0.055596113,0.17607802,-0.20683658,0.17719896,-0.078395754,0.015142124,-0.34105855,0.15868941,-0.31128,-0.01813836,-0.07762172,0.0015068321,-0.17364593,0.20455545,-0.14635447,0.0041507916,0.08366497,0.19928592,0.20110667,0.36583042,-0.27768248,-0.056727942,-0.3872867,-0.07274448,0.051061254,0.054001566,-0.18495518,-0.05781031,0.124831766,0.10100539,0.34154576,-0.18908505,0.10538479,-0.3068742,0.22870556,0.024133906,-0.07520859,-0.05202638,-0.20886645,-0.11381975,-0.093524694,-0.08978557,-0.009212759,-0.15589096,0.15617296,0.09560666,-0.080688514,-0.03721645,0.07718874,-0.10530376,-0.10507079,0.05190926,0.004388683,-0.10455164,0.11708737,-0.12870914,0.09399791,0.06543147,-0.3446396,-0.07021869,0.12794006,-0.34054366,0.19039501,0.07122847,-0.33160236,0.10981904,-0.025285037,-0.112877466,0.20575856,-0.0806267,-0.17457044
89,sport,-0.002074478,-0.09888711,-0.10770685,0.008044049,-0.008667295,0.28014323,0.14496313,0.11681385,0.020234287,0.07446114,-0.20051262,0.12774794,-0.025402486,0.29145902,-0.19853833,-0.16842674,0.09182162,-0.241721,-0.17732285,0.07070038,0.21457376,0.07843787,-0.13071333,-0.057217516,0.091806374,0.11578268,-0.08511301,0.108952984,-0.22049832,-0.054165345,0.16198966,-0.21097682,0.16874576,-0.068493076,0.012576763,-0.31991246,0.14690997,-0.29814342,-0.014013975,-0.07892558,0.00022716346,-0.15982449,0.2097445,-0.13967468,0.010749615,0.08620245,0.20619981,0.19583543,0.3346591,-0.2544408,-0.06840096,-0.3740279,-0.0669057,0.040505953,0.07619604,-0.17625616,-0.066085756,0.10906311,0.09343606,0.3183169,-0.19252276,0.081505135,-0.281803,0.24120943,0.030618764,-0.06865157,-0.0398859,-0.18605828,-0.10809138,-0.08672422,-0.084434405,-0.010817539,-0.14075439,0.13422483,0.08780867,-0.06203049,-0.059636634,0.08660946,-0.09119657,-0.07963773,0.034362312,-0.002489764,-0.09571971,0.09975562,-0.13665584,0.0920204,0.04379411,-0.32870117,-0.0709941,0.11838877,-0.33869243,0.17593907,0.051124822,-0.3169748,0.109873034,-0.02677046,-0.10398507,0.20499907,-0.06882885,-0.16127276
90,sport,0.014346367,-0.07606711,-0.12984644,0.056819502,0.008189036,0.2837853,0.15136522,0.12606302,0.06569768,0.11256049,-0.20044048,0.12446862,-0.045209203,0.25455278,-0.22958404,-0.19480658,0.07525313,-0.22265233,-0.16389231,0.03971555,0.18627645,0.09113777,-0.10763865,-0.07035226,0.10318683,0.120650485,-0.07510835,0.13742363,-0.23540823,-0.053412538,0.18393642,-0.18402535,0.17014794,-0.080154665,0.023923807,-0.33054587,0.16202521,-0.31259814,-0.03528279,-0.06611318,0.0023163988,-0.17448738,0.18202105,-0.15135463,0.0058937916,0.06904944,0.18589102,0.1901691,0.33749357,-0.29415765,-0.048549842,-0.35709527,-0.059150375,0.055788737,0.044072475,-0.15650241,-0.049843166,0.121045046,0.08749748,0.31738335,-0.16485737,0.100860745,-0.3135007,0.19573802,-0.005983322,-0.067884505,-0.04760023,-0.23429446,-0.14348225,-0.081350215,-0.099485084,-0.003959052,-0.15933897,0.1780838,0.070270956,-0.08148342,-0.03200454,0.07556046,-0.109229624,-0.1123758,0.052636683,0.03215733,-0.0955103,0.11460308,-0.111395925,0.091820374,0.087549165,-0.33250207,-0.081039555,0.10420603,-0.3337146,0.18726955,0.07045777,-0.3248429,0.10284879,-0.02375956,-0.11478073,0.19547658,-0.07950735,-0.16941245
91,sport,0.011695094,-0.1090851,-0.13150239,0.018464271,0.0032827072,0.30360037,0.17067502,0.12035255,0.044635996,0.11171953,-0.19339769,0.13747749,-0.046893783,0.27728415,-0.22617476,-0.18281901,0.10038288,-0.23227113,-0.17755014,0.07252722,0.22637346,0.10736016,-0.115549944,-0.089103766,0.1112613,0.14940563,-0.095203884,0.13317192,-0.24806412,-0.061199572,0.17486842,-0.20388581,0.1963096,-0.08539679,0.020667989,-0.35813838,0.13925886,-0.3252814,-0.018169206,-0.089662634,0.011349832,-0.1667695,0.22080693,-0.14896448,-0.004330769,0.08012308,0.21338156,0.19422454,0.36410075,-0.2900211,-0.077686675,-0.37639406,-0.07732217,0.046355736,0.0522221,-0.21104415,-0.055657104,0.13881987,0.10398559,0.3366063,-0.19990449,0.094328165,-0.30093077,0.23323973,0.018995807,-0.09289367,-0.05289846,-0.21633789,-0.11946183,-0.101284936,-0.11289469,-0.022974035,-0.14332397,0.17305292,0.08091847,-0.08172588,-0.068998896,0.102295674,-0.08753491,-0.10722016,0.058646135,0.010281485,-0.10137421,0.12675674,-0.12059015,0.11608087,0.05939198,-0.3702488,-0.06926844,0.13151355,-0.35104463,0.19773746,0.07252763,-0.3515364,0.07686562,-0.015698118,-0.11511878,0.23416811,-0.07325003,-0.17899823
92,sport,0.018761642,-0.11180146,-0.0725435,-0.043757584,-0.021765353,0.23000835,0.20023267,0.06792187,-0.046629317,0.023901891,-0.19858576,0.11033568,-0.00985969,0.28007057,-0.18471655,-0.15031113,0.06488474,-0.24167919,-0.16190092,0.09625982,0.2257179,0.034151174,-0.14008686,-0.052363835,0.065787435,0.11164695,-0.12800616,0.09268552,-0.20307022,-0.060489297,0.12562262,-0.22187433,0.19142437,-0.071256496,0.0011478266,-0.29570428,0.0682371,-0.28840634,-0.03714118,-0.077863164,0.015807053,-0.13385843,0.24751048,-0.14155614,0.023949202,0.08818071,0.2072516,0.1890297,0.2514847,-0.2448657,-0.119991615,-0.30787095,-0.068511225,0.019033397,0.14024141,-0.17835285,-0.06653501,0.08058058,0.07132692,0.24521142,-0.1683143,0.024867985,-0.22903773,0.23417698,0.0362271,-0.111293264,0.0025319941,-0.15108988,-0.112735495,-0.058760077,-0.08074817,-0.0015215207,-0.12158284,0.09468425,0.06944914,-0.03715953,-0.11076556,0.1319764,-0.025031807,-0.044572733,-0.0022000703,-0.025876762,-0.059763823,0.07861466,-0.19554931,0.12632746,-0.016869642,-0.29430023,-0.05197576,0.113594934,-0.3687271,0.13038519,0.021367373,-0.3260461,0.09427892,-0.027909972,-0.09532519,0.24422848,-0.047645673,-0.11347374
93,sport,0.0066093095,-0.10086384,-0.10091881,-0.003894599,-0.040313933,0.2668478,0.118325196,0.09427875,0.03832325,0.08024375,-0.22035654,0.09855409,-0.035552483,0.30417457,-0.19625284,-0.15315905,0.08240096,-0.2765199,-0.18521951,0.09455278,0.20416874,0.040104505,-0.14819108,-0.058680143,0.10169172,0.08652144,-0.08502944,0.10776065,-0.2232207,-0.04388577,0.14814569,-0.24781337,0.18354777,-0.05514227,-0.0133965975,-0.3117295,0.15752842,-0.27378044,0.0013690849,-0.08284852,-0.0122294435,-0.15985292,0.19756716,-0.13471687,0.027514147,0.086578265,0.20042151,0.20162141,0.32036418,-0.27186647,-0.05145752,-0.37612027,-0.07712595,0.055922356,0.09385258,-0.1589696,-0.0888467,0.08232099,0.10908644,0.3028315,-0.18249738,0.08389468,-0.27945143,0.24156043,0.041847438,-0.04852214,-0.052608445,-0.16672899,-0.09500148,-0.08634115,-0.069649816,0.00549535,-0.14338054,0.11237794,0.10140489,-0.056062467,-0.045144837,0.07132705,-0.09438467,-0.07886609,0.019763673,-0.00089423364,-0.09386337,0.09866727,-0.16865236,0.090138204,0.02309626,-0.30740952,-0.07484504,0.13095586,-0.34101757,0.141044,0.06359772,-0.3085159,0.13799575,-0.0318748,-0.08203536,0.21376608,-0.0675695,-0.16455573
94,sport,0.008176579,-0.090132125,-0.11102584,0.009660557,-0.02425974,0.2667534,0.1466823,0.10654055,0.040602744,0.072154984,-0.21321005,0.11411558,-0.034561425,0.28544265,-0.20262074,-0.16828941,0.08763001,-0.24765524,-0.17505978,0.07231124,0.2085354,0.059392232,-0.13342384,-0.056458678,0.09762179,0.09878816,-0.08892125,0.11707109,-0.2193278,-0.05032504,0.15697941,-0.22417887,0.180545,-0.061768364,0.00012500149,-0.307392,0.14690669,-0.2836496,-0.01633119,-0.06803007,-0.008879293,-0.15227444,0.19634321,-0.142887,0.01871755,0.072839856,0.19108668,0.2009024,0.32063335,-0.27880356,-0.061884508,-0.3638476,-0.07688354,0.040944844,0.07883865,-0.166556,-0.075965874,0.09818507,0.09531568,0.28909248,-0.17275505,0.0754958,-0.27903745,0.23131312,0.024725998,-0.06292891,-0.036587127,-0.1967555,-0.101302296,-0.072506435,-0.081100084,0.0033507217,-0.14244257,0.13224289,0.09531189,-0.062070772,-0.046310022,0.084750935,-0.08724344,-0.09210122,0.019721324,-0.0005819688,-0.08682207,0.097069144,-0.14840662,0.093659446,0.039498616,-0.3082072,-0.0730714,0.1135809,-0.35049316,0.15370691,0.056074917,-0.31779635,0.118147686,-0.030370269,-0.104979575,0.21119101,-0.07248599,-0.15615544
95,sport,0.013569625,-0.120092764,-0.08169925,-0.03388628,-0.036671076,0.2538926,0.18345207,0.08579603,-0.048182122,0.029400155,-0.23909707,0.11451584,-0.0061051743,0.32813728,-0.20476428,-0.16533987,0.078115605,-0.28945625,-0.19031312,0.11209536,0.2496475,0.062507555,-0.141178,-0.06440003,0.07315245,0.12608838,-0.13394617,0.107600264,-0.22795095,-0.07640157,0.1486622,-0.2616815,0.1991804,-0.07530429,-0.011480685,-0.3274018,0.097287774,-0.2948583,-0.010542976,-0.08610472,0.010801793,-0.13897927,0.25839394,-0.13433875,0.025365029,0.09483966,0.21347593,0.22181992,0.3227367,-0.26399982,-0.10117606,-0.37286943,-0.09033433,0.03455787,0.13280919,-0.21101964,-0.07089228,0.096673325,0.09526626,0.28965303,-0.19602238,0.05696615,-0.2550854,0.26904508,0.06252699,-0.11157495,-0.018987697,-0.15160549,-0.07422155,-0.07438239,-0.07077119,-0.003436777,-0.1155905,0.08642125,0.10810058,-0.046016242,-0.08311924,0.10642874,-0.048639864,-0.078555815,0.010921044,-0.05764263,-0.08275231,0.08910642,-0.20695212,0.12285232,-0.019835733,-0.32722983,-0.05628236,0.14453498,-0.3893442,0.15057473,0.049145956,-0.3562712,0.12070738,-0.033187848,-0.09405717,0.2537092,-0.056849007,-0.13998733
96,sport,-0.005497391,-0.07247997,-0.13384216,0.047790654,-0.010806978,0.30427754,0.12487326,0.13536759,0.08124438,0.113203414,-0.21486245,0.12805076,-0.041194387,0.2903266,-0.22325803,-0.1850239,0.090329036,-0.25064367,-0.17838155,0.045606557,0.19199139,0.08091457,-0.12684534,-0.06274049,0.111113235,0.097648144,-0.063860536,0.1337495,-0.23284768,-0.043908775,0.18243594,-0.20730814,0.17281291,-0.06983861,0.01856616,-0.32069293,0.19968826,-0.30829975,-0.017825363,-0.06684487,-0.017190399,-0.18745422,0.17286375,-0.16330677,0.012268088,0.06960969,0.19208431,0.20192145,0.36577296,-0.30174738,-0.032362718,-0.39497092,-0.065777496,0.053699844,0.05194474,-0.14875369,-0.0729125,0.10783014,0.09901735,0.34065798,-0.17256534,0.11368088,-0.33399418,0.2259786,0.011111796,-0.040515285,-0.05771666,-0.23385954,-0.13146241,-0.08202224,-0.09141605,0.009564402,-0.17507738,0.16953507,0.09041349,-0.08988033,-0.014763088,0.05616766,-0.12672982,-0.1104166,0.037745114,0.031373445,-0.1078348,0.116626725,-0.11853893,0.08629723,0.087616906,-0.33597723,-0.09018499,0.1061761,-0.33888415,0.18638735,0.07275234,-0.3252051,0.13183697,-0.034464587,-0.113607384,0.18671362,-0.0901439,-0.17804924
97,sport,-0.001170645,-0.081943475,-0.13677101,0.047391515,-5.160272e-05,0.3011168,0.13298345,0.12284249,0.079399556,0.1311865,-0.19334584,0.11226497,-0.054623008,0.26624277,-0.21909858,-0.17875507,0.09447572,-0.22786932,-0.17695504,0.06062607,0.19394979,0.104873426,-0.11172533,-0.09574193,0.10613725,0.13153815,-0.07671065,0.13445647,-0.23842692,-0.05461065,0.17743748,-0.20013526,0.18277214,-0.077972926,0.021189645,-0.33867288,0.1672129,-0.3015583,-0.0077255554,-0.08487006,0.003565114,-0.16736278,0.16925704,-0.1561186,-0.0017699761,0.066879235,0.18269661,0.17668462,0.37628332,-0.29406098,-0.03870695,-0.38315144,-0.07017562,0.057153463,0.01565831,-0.1838411,-0.048370052,0.12035893,0.12260117,0.32800797,-0.18937463,0.11244045,-0.32766658,0.21990882,0.018109974,-0.058895793,-0.06918804,-0.20532818,-0.10981388,-0.095847495,-0.10364786,-0.018204948,-0.15369013,0.1706179,0.08461393,-0.080921404,-0.022385215,0.06389758,-0.10976352,-0.13637662,0.070510074,0.016077407,-0.105851375,0.123263076,-0.10165079,0.106722176,0.0768703,-0.3505713,-0.06747263,0.1269682,-0.33040398,0.18819745,0.09301094,-0.33149353,0.10058571,-0.0174066,-0.1020963,0.20100999,-0.09045344,-0.18048835
98,sport,0.009632984,-0.11369755,-0.06912117,-0.011629617,-0.031034045,0.23535691,0.16648366,0.08082737,-0.036692522,0.030617101,-0.25237373,0.10313526,0.0005918388,0.32875445,-0.19999507,-0.1846381,0.06291625,-0.31025842,-0.19280685,0.10339413,0.23608977,0.030053813,-0.15220836,-0.033550184,0.067071125,0.11272467,-0.1219211,0.09753801,-0.22073102,-0.060411096,0.15324596,-0.2620336,0.17503768,-0.05681486,-0.022346629,-0.31783098,0.12616564,-0.2937031,-0.020732567,-0.084812105,0.003568795,-0.1323245,0.25948775,-0.12285589,0.0346444,0.11628819,0.21420886,0.22187208,0.3075428,-0.25468135,-0.0814132,-0.38236216,-0.07381557,0.03450661,0.13366522,-0.18780074,-0.082594596,0.08788211,0.08591267,0.2840037,-0.1698693,0.05233199,-0.24175775,0.25637457,0.060893923,-0.100112766,-0.023458378,-0.16418022,-0.08763154,-0.0725978,-0.05983281,-0.005706957,-0.13252741,0.06839396,0.12139251,-0.025163725,-0.07028521,0.10785777,-0.05842492,-0.07071481,-0.002799976,-0.051708955,-0.08655396,0.08223289,-0.21549274,0.0844722,-0.0144202905,-0.30235797,-0.06318569,0.1389692,-0.38009804,0.13349141,0.03381095,-0.32488254,0.14368,-0.028724758,-0.0814373,0.23372373,-0.062142894,-0.13677856
99,sport,0.011931507,-0.09212756,-0.13150501,0.022472406,-0.008292053,0.28948498,0.14700706,0.12003054,0.05848736,0.109756336,-0.19991493,0.12310363,-0.0538634,0.2668451,-0.21554638,-0.18257557,0.09805601,-0.23034327,-0.17473423,0.06944845,0.21108136,0.096916206,-0.112166256,-0.08634969,0.1136052,0.13490088,-0.08653482,0.13368857,-0.23743907,-0.054376516,0.1788201,-0.20631352,0.1875755,-0.07294936,0.009859144,-0.33691767,0.14584838,-0.29823178,-0.0018749661,-0.082793124,0.003595205,-0.15514323,0.19413097,-0.13682245,-0.0012864562,0.072809026,0.19325349,0.18787336,0.36114153,-0.28855842,-0.058770772,-0.37545556,-0.08324852,0.053641807,0.032002177,-0.19661443,-0.056085575,0.12836929,0.110071115,0.31834912,-0.19192083,0.09634571,-0.29271117,0.22725396,0.024824383,-0.076620765,-0.05860333,-0.20698309,-0.097131014,-0.09237474,-0.10443772,-0.021570494,-0.13333961,0.16212879,0.09009281,-0.0759983,-0.0426699,0.085710585,-0.09120326,-0.12486599,0.054944266,0.0039359857,-0.09995338,0.11887706,-0.11575881,0.100956656,0.053839616,-0.34369415,-0.060726658,0.12883621,-0.3454775,0.18214504,0.07946973,-0.33218828,0.088376194,-0.015498937,-0.10903979,0.21688832,-0.08049717,-0.1750364
100,sport,0.0015267212,-0.089306355,-0.12052068,0.03790441,-0.01044494,0.28405315,0.13279505,0.12328647,0.04763979,0.099355154,-0.21666144,0.12015513,-0.03476489,0.288046,-0.21539724,-0.1826634,0.0839969,-0.25491312,-0.18185607,0.062243566,0.20188898,0.08901421,-0.12613717,-0.06896614,0.09895666,0.11119512,-0.07815409,0.12563154,-0.2314651,-0.05700745,0.17510642,-0.21529368,0.16850254,-0.07416119,0.009508296,-0.33034235,0.16630605,-0.2972411,-0.009664737,-0.076807626,-0.0059921513,-0.1666334,0.18614292,-0.13987349,0.008791322,0.07869689,0.18982418,0.2042845,0.35808775,-0.27856153,-0.04393398,-0.38512343,-0.06990067,0.05457173,0.059065867,-0.17334707,-0.06375157,0.1115412,0.10175723,0.33067587,-0.1804079,0.105388805,-0.3075958,0.23263305,0.024483819,-0.058944106,-0.05464858,-0.20503393,-0.10783503,-0.08983998,-0.08401797,-0.008138896,-0.14828165,0.14496662,0.09698981,-0.07380259,-0.027854843,0.065500215,-0.109739795,-0.11261242,0.045843795,0.0007904252,-0.1044072,0.10879313,-0.12993091,0.08678651,0.06238374,-0.3339264,-0.07556748,0.12126617,-0.33473533,0.18111433,0.07290048,-0.32256976,0.124351636,-0.027283948,-0.10248394,0.1976453,-0.0797778,-0.17349888
101,finance,0.041749716,-0.0066313944,-0.11842213,0.057673912,-0.12788424,0.244003,0.055568326,0.17505537,0.0674596,-0.07629829,-0.41840786,0.15866093,-0.03332901,0.41403478,-0.2254758,-0.27053136,0.11943661,-0.35769153,-0.22486284,0.02520329,0.18117107,-0.1121509,-0.19054618,0.08779206,0.14270863,-0.06404386,-0.053793833,0.14037414,-0.21315733,0.0037992373,0.22457634,-0.3246494,0.14668809,0.02538617,-0.055902205,-0.19655342,0.30692565,-0.21597591,-0.023163356,0.03365186,-0.13042532,-0.19406466,0.17958942,-0.11620237,0.13012815,0.10824344,0.16935273,0.30293328,0.30080315,-0.32586566,0.006093726,-0.530577,-0.09317894,0.053648233,0.14048608,-0.015570611,-0.20155355,0.041292965,0.06947357,0.31798276,-0.09886636,0.09930724,-0.2769579,0.27680743,0.0474052,0.037282847,-0.0008886955,-0.28263524,-0.09255995,0.024435207,-0.0045647733,0.08291653,-0.22922546,0.09198245,0.20693092,-0.062490262,0.081147924,0.00879914,-0.19992548,-0.08173683,-0.08033746,0.023131749,-0.08739846,0.027782703,-0.25412607,-0.05214691,0.06389728,-0.1897376,-0.14205825,0.062402517,-0.46189478,0.09901798,-0.0043123364,-0.26017243,0.3233943,-0.08642151,-0.20433284,0.12812142,-0.12351898,-0.1771185
102,finance,-0.068400845,-0.07685299,-0.05504341,0.04252291,-0.034597587,0.31450635,0.08664162,0.16219512,-0.061231107,0.00252573,-0.27337876,0.16624022,0.088979885,0.4233497,-0.17903507,-0.16551618,0.042213507,-0.37160182,-0.22111972,0.06129859,0.15872954,0.01589741,-0.22044112,0.0717743,0.02575479,-0.045840055,-0.026814893,0.08137233,-0.16511935,-0.07004499,0.1525904,-0.24549647,0.07484055,-0.074380755,0.02564936,-0.26537967,0.29717153,-0.33307385,-0.054105315,-0.03787183,-0.06849528,-0.2372429,0.19319314,-0.19628571,0.050964825,0.09734722,0.22041765,0.2741384,0.3108947,-0.1908782,-0.02370977,-0.42789897,0.032696664,0.046639934,0.25286514,-0.03149542,-0.12653679,-0.0029440399,0.006065185,0.40261468,-0.15255067,0.10908253,-0.39296925,0.31187883,0.020454435,0.044465084,0.0071321973,-0.19679433,-0.2224943,-0.07151808,0.013155432,0.06524205,-0.21243589,0.06851286,0.08879385,-0.04968468,-0.037738685,0.0085845385,-0.17043656,-0.0037844928,-0.042885292,0.03617704,-0.1211041,0.061234165,-0.19625169,0.037671532,0.09224878,-0.2981242,-0.16892982,0.033668365,-0.33219212,0.19632435,-0.0134085575,-0.2605867,0.27851927,-0.09616595,-0.064683534,0.12602921,-0.0875333,-0.12956282
103,finance,-0.0043079904,-0.08010665,-0.09169635,0.010943219,-0.046180822,0.24890633,0.109319426,0.11350189,0.02070936,0.033912655,-0.2541183,0.10977877,-0.016887512,0.32648426,-0.18468857,-0.17574622,0.08860819,-0.2883942,-0.19573537,0.08005175,0.19824055,0.035059635,-0.15277685,-0.01811587,0.08254358,0.06475202,-0.08159245,0.103154115,-0.20294592,-0.04621047,0.16349925,-0.25270116,0.1596311,-0.03933462,-0.019151213,-0.277363,0.1777494,-0.25354084,0.0019026363,-0.06513902,-0.027771391,-0.14045255,0.18688153,-0.12230999,0.03835058,0.09224496,0.18021987,0.21156542,0.32354724,-0.24938323,-0.038084157,-0.40834552,-0.07184737,0.04841282,0.0915541,-0.14422025,-0.09703126,0.07450703,0.10240766,0.29578927,-0.1736374,0.082228,-0.26856568,0.2591135,0.055177234,-0.034308877,-0.03881508,-0.1673296,-0.06822858,-0.062966205,-0.049040046,0.0026440902,-0.13910647,0.082918465,0.12825583,-0.0416251,-0.017433785,0.053410415,-0.10717051,-0.09017584,0.0066690915,-0.024482787,-0.09167639,0.0709937,-0.1727832,0.052641463,0.02136201,-0.2733245,-0.07688583,0.11491932,-0.35854435,0.14113924,0.045974486,-0.282069,0.1742419,-0.04212973,-0.09597632,0.18208565,-0.08292954,-0.15207645
104,finance,0.006699945,-0.089698695,-0.07544761,-0.006416415,-0.03601354,0.22973272,0.13356842,0.09978323,-0.01133339,0.02769017,-0.22559176,0.108822726,-0.0037400643,0.29617855,-0.1797597,-0.16359785,0.07077998,-0.26626638,-0.17268294,0.07698001,0.20085327,0.036782056,-0.13609126,-0.023184465,0.06856377,0.08199745,-0.08873591,0.09620097,-0.19183592,-0.052952237,0.14436004,-0.22921215,0.15262526,-0.05258695,-0.013204332,-0.27217045,0.1412436,-0.26112935,-0.010475284,-0.06171095,-0.011688099,-0.13383543,0.20851056,-0.11599097,0.027082395,0.09139056,0.1882061,0.20625713,0.28296667,-0.22887324,-0.06348978,-0.3534487,-0.062398,0.038625333,0.11249379,-0.14768595,-0.07975056,0.07884449,0.07280414,0.2721832,-0.1607337,0.061333127,-0.236353,0.23363966,0.04425181,-0.061622944,-0.023562133,-0.16554233,-0.08484382,-0.059278693,-0.05106669,0.0027733187,-0.12356214,0.08012701,0.105150215,-0.038296454,-0.050730076,0.077888235,-0.07744049,-0.0632922,-0.0021386135,-0.021991307,-0.083506644,0.07092931,-0.17051385,0.0659954,0.015881684,-0.26894927,-0.0744354,0.106375135,-0.33622283,0.13743652,0.031655595,-0.28163615,0.13778318,-0.036201105,-0.08519642,0.19466212,-0.059921492,-0.12917705
105,finance,-0.012905019,-0.06720983,-0.09615782,0.032007728,-0.05285236,0.2642494,0.086732894,0.14424445,0.040644236,0.03406699,-0.2691836,0.13005151,-0.00954833,0.3414975,-0.194205,-0.19929469,0.090818875,-0.30581033,-0.20673756,0.06416161,0.18619168,0.041382384,-0.15384847,-0.00043922578,0.08644984,0.046831418,-0.0554579,0.11634174,-0.19895555,-0.038725436,0.180502,-0.25809512,0.13958178,-0.04113022,-0.01603887,-0.27392572,0.2284745,-0.26346943,0.01442079,-0.051429894,-0.03769056,-0.15879278,0.1833391,-0.124881566,0.032695536,0.090632714,0.18494634,0.23040323,0.3520261,-0.25584507,-0.013471202,-0.43988848,-0.06394549,0.061424818,0.09098616,-0.13000731,-0.108588934,0.075969584,0.08957833,0.32016757,-0.17165731,0.104536004,-0.28301677,0.26189718,0.05285867,-0.011248532,-0.0505861,-0.20115764,-0.0776206,-0.065547965,-0.04016648,0.009591988,-0.1506547,0.08953324,0.13672458,-0.051692422,0.001370557,0.034189556,-0.14078937,-0.09804884,0.0010703102,-0.011057884,-0.10831206,0.069990255,-0.15532167,0.02485841,0.052443907,-0.27615437,-0.10492126,0.10008761,-0.35793778,0.15907842,0.040640447,-0.27361733,0.19721644,-0.04874811,-0.095040865,0.1623656,-0.089340925,-0.15768887
106,finance,-0.0051601245,-0.08389844,-0.07752258,0.0064167646,-0.03530287,0.23717806,0.11349338,0.104373835,-0.00035724463,0.033873715,-0.23234315,0.1056664,0.00033149964,0.30981869,-0.17772733,-0.16219473,0.0748014,-0.2751714,-0.18375282,0.07612368,0.18825088,0.042442624,-0.13846554,-0.024886493,0.06688924,0.07399043,-0.07869615,0.09483038,-0.18972562,-0.050702594,0.14572914,-0.22867337,0.14661151,-0.053732276,-0.011766691,-0.27295464,0.16003555,-0.25632483,-0.0045697005,-0.064267404,-0.015739525,-0.1386033,0.19138907,-0.119258545,0.027887326,0.09147904,0.18000013,0.20288241,0.30496958,-0.22067767,-0.04731415,-0.3750162,-0.059376255,0.044581927,0.100015014,-0.14368822,-0.08195647,0.071632914,0.0831974,0.2861345,-0.16544366,0.07722656,-0.25292253,0.24144518,0.05155555,-0.043244354,-0.032149035,-0.1528333,-0.08192302,-0.06535509,-0.04207468,0.0039023904,-0.13016781,0.07608878,0.11360621,-0.040192112,-0.032990374,0.05448532,-0.09330987,-0.073291115,0.009163705,-0.023282832,-0.09059147,0.071115546,-0.16346371,0.058829498,0.022290505,-0.26823154,-0.07715034,0.10976813,-0.3295878,0.14310332,0.038831733,-0.27448174,0.15620321,-0.03795425,-0.07895984,0.17820115,-0.07108453,-0.13477366
107,finance,-0.039125144,-0.07986023,-0.08988363,0.03127929,-0.0435003,0.29073,0.07914185,0.1466199,0.0145938145,0.040777065,-0.26136807,0.1357163,0.017566545,0.37528124,-0.18657565,-0.17342435,0.084746204,-0.3317281,-0.21920061,0.0753611,0.18383949,0.058577172,-0.17852665,-0.0021587852,0.068913706,0.029772906,-0.05203982,0.10862171,-0.18971822,-0.053973824,0.17520976,-0.25685972,0.12658538,-0.053423733,-0.0006654994,-0.2821841,0.24282527,-0.2821542,0.0069098203,-0.063773185,-0.042006873,-0.17905258,0.17183137,-0.14172529,0.03896144,0.08997653,0.19097292,0.23880737,0.36849368,-0.23478149,-0.010154352,-0.4481976,-0.044484433,0.05790753,0.12235,-0.1256583,-0.109183274,0.054687306,0.087674625,0.35760498,-0.18316466,0.11226585,-0.33264995,0.29302147,0.054331146,0.005603647,-0.045031354,-0.17761576,-0.099242195,-0.07662146,-0.033372793,0.016808098,-0.15914348,0.08020833,0.12661296,-0.050559606,-0.005615272,0.012777586,-0.1431778,-0.08707476,0.0046268376,-0.013997252,-0.12127597,0.07326434,-0.16162379,0.0460056,0.05322828,-0.30433187,-0.11136521,0.09863139,-0.3444084,0.17557256,0.04349144,-0.2813809,0.22231571,-0.060496055,-0.07613143,0.1524263,-0.094627865,-0.15764616
108,finance,-0.020698115,-0.065993525,-0.075268,0.03532285,-0.057346467,0.26341826,0.07702108,0.13666609,0.02586712,0.024639592,-0.2642504,0.12697428,0.012705339,0.360813,-0.17773247,-0.1861487,0.07614826,-0.31045827,-0.20646535,0.065891735,0.17176831,0.022015328,-0.18000995,0.019144375,0.071864426,0.008368098,-0.04541866,0.10060074,-0.18043792,-0.036009856,0.1717141,-0.2549114,0.11929748,-0.033406004,-0.0035984435,-0.25755242,0.23283722,-0.25587913,3.3852293e-06,-0.04849376,-0.058344074,-0.17805336,0.16136673,-0.13968346,0.05534932,0.09274636,0.1783024,0.23002072,0.3225819,-0.23401782,-0.0110155875,-0.4384965,-0.046213012,0.056870464,0.12610403,-0.09133638,-0.113285094,0.0444361,0.078733504,0.31967023,-0.15818243,0.101307325,-0.3011214,0.26588055,0.044307075,0.015728008,-0.032495208,-0.18181847,-0.110805616,-0.050340496,-0.02192324,0.026816742,-0.17286311,0.06914775,0.12621248,-0.040643662,0.011299851,0.021096969,-0.14582469,-0.07211439,-0.01031925,-0.0031877458,-0.10886393,0.05295095,-0.17278296,0.020129526,0.05620478,-0.25617045,-0.11771573,0.080810875,-0.34573302,0.14741918,0.025328003,-0.26169616,0.22739068,-0.05903792,-0.08965883,0.13873018,-0.08994662,-0.15013091
109,finance,-0.0371353,-0.07669666,-0.08097963,0.011931619,-0.040377174,0.28089687,0.096852794,0.15980417,-0.006179088,0.008216307,-0.2788721,0.15589206,0.034500267,0.37273893,-0.18046847,-0.18080236,0.07909059,-0.34258837,-0.20884117,0.064682335,0.18393,0.029689332,-0.17259759,0.0384325,0.06362582,0.008434682,-0.03352493,0.10223686,-0.1732696,-0.05468761,0.15964533,-0.25300726,0.115708716,-0.05367467,-0.009466158,-0.25650516,0.2700723,-0.30942023,-0.009022498,-0.044792477,-0.04261913,-0.17940187,0.21983506,-0.14160082,0.024362316,0.096927084,0.21278793,0.25819686,0.33681154,-0.22331582,-0.025260294,-0.4251576,-0.021538768,0.05138587,0.16848132,-0.09567025,-0.13328752,0.060039937,0.033728838,0.3537617,-0.15501969,0.09188357,-0.30519497,0.29214263,0.04489024,0.006563175,-0.028786188,-0.21776246,-0.12724075,-0.06512005,-0.024021544,0.033570338,-0.14956072,0.07996417,0.1129558,-0.052492414,-0.039746065,0.032401763,-0.14282782,-0.046390828,-0.03823521,0.009982457,-0.113256514,0.07242138,-0.16523384,0.020751564,0.06380295,-0.283596,-0.14286913,0.06496058,-0.33915445,0.17741601,0.002912477,-0.2552778,0.21822138,-0.0722021,-0.07575858,0.16360672,-0.079794474,-0.13655463
110,finance,-0.010480322,-0.089216225,-0.09350546,0.014432891,-0.040004693,0.26432782,0.10673682,0.12066363,0.016836338,0.042628266,-0.24948514,0.11664236,-0.005407452,0.33283758,-0.1867005,-0.17570652,0.088150404,-0.29485598,-0.20041059,0.08238865,0.20152669,0.053043455,-0.15411352,-0.025393406,0.07997778,0.06883133,-0.078517616,0.10650829,-0.20429154,-0.051543023,0.16500491,-0.2506759,0.1526565,-0.04970975,-0.011916821,-0.29218805,0.18400046,-0.26469517,0.006569276,-0.070220724,-0.02553173,-0.14942598,0.1889062,-0.12552153,0.032013442,0.09405354,0.18603548,0.21740799,0.34274462,-0.24329935,-0.03499717,-0.4142913,-0.0678268,0.049312986,0.09515639,-0.15411723,-0.091012724,0.07942347,0.100378975,0.31613952,-0.18034938,0.090528615,-0.28096542,0.2670367,0.056424577,-0.03321144,-0.041599885,-0.16983691,-0.074833415,-0.073204786,-0.04612702,-1.8220866e-05,-0.14059511,0.08388377,0.12792104,-0.04587603,-0.018754182,0.05034575,-0.11003659,-0.093349256,0.013176119,-0.027666833,-0.10310258,0.075552374,-0.16506582,0.058065463,0.02751812,-0.29164267,-0.081202604,0.117914975,-0.3510871,0.15663007,0.048094194,-0.29162458,0.17552367,-0.04072778,-0.08945802,0.18086603,-0.08198608,-0.15499528
111,finance,-0.07775149,-0.080940984,-0.0674065,0.05437186,-0.034048706,0.3305287,0.06257278,0.17324899,-0.043324344,0.024470314,-0.26556998,0.16658552,0.081393115,0.42986938,-0.1793095,-0.16439126,0.058616437,-0.3720874,-0.23362827,0.06283975,0.16590564,0.04985093,-0.21460083,0.049359795,0.031686183,-0.025501382,-0.018873785,0.084667906,-0.17570464,-0.069907375,0.16107078,-0.24767521,0.07487732,-0.07706913,0.027570091,-0.2818583,0.30664146,-0.3270938,-0.027765403,-0.04962994,-0.064570665,-0.2355099,0.18513341,-0.1861573,0.03758894,0.096346416,0.21768133,0.27104285,0.3584414,-0.19065517,-0.01115796,-0.4586023,0.018075101,0.0566574,0.21837927,-0.05957238,-0.11742593,0.014640436,0.032889105,0.42982242,-0.17876098,0.13203546,-0.40248287,0.32070678,0.034705352,0.04648654,-0.019190222,-0.18875937,-0.18705288,-0.09227467,0.008843985,0.04942794,-0.20241144,0.07186647,0.10084941,-0.0602116,-0.019306585,-0.010941626,-0.18677491,-0.027799632,-0.013537218,0.023056867,-0.1348783,0.07387113,-0.16908883,0.038126938,0.103264645,-0.31973815,-0.16223897,0.057237707,-0.31959862,0.21546373,0.0061250627,-0.26627967,0.27334124,-0.08930765,-0.059729233,0.1241952,-0.09282344,-0.1486173
112,finance,-0.019402668,-0.07018568,-0.07844641,0.025196165,-0.051606458,0.26565444,0.08831918,0.13579322,0.021213405,0.028005213,-0.2583783,0.12825711,0.0056825522,0.34614068,-0.17869839,-0.18501602,0.08153623,-0.3098929,-0.20629573,0.07498375,0.17865816,0.032535896,-0.17198043,0.013773461,0.06896874,0.025931893,-0.051768705,0.102782905,-0.18655622,-0.04181152,0.16401327,-0.25482193,0.12813398,-0.038157225,-0.011324647,-0.26353037,0.22607842,-0.27176884,0.003206786,-0.056652192,-0.041001346,-0.16052844,0.18020882,-0.13334517,0.029471092,0.08766696,0.1852952,0.22523163,0.3280918,-0.2360212,-0.019135717,-0.42108363,-0.047413155,0.052413266,0.1218906,-0.11007779,-0.11229283,0.059451245,0.07858219,0.31552327,-0.16213769,0.09372059,-0.2893856,0.26615608,0.04622716,0.0054904255,-0.034134846,-0.18861929,-0.099504724,-0.06160991,-0.030870857,0.009194176,-0.1487577,0.07267014,0.117374405,-0.036578413,-0.010827482,0.036393832,-0.13106382,-0.077596106,-0.0092914635,-0.004643747,-0.10493448,0.06341291,-0.16089062,0.027368024,0.049111042,-0.2653315,-0.11543024,0.08289658,-0.34375182,0.1531947,0.02536553,-0.25821477,0.20772305,-0.057743005,-0.07820771,0.16209371,-0.084655315,-0.14296843
113,finance,-0.009349274,-0.06605517,-0.082144886,0.0022543636,-0.045870088,0.22240096,0.08830904,0.12934235,0.025920877,0.014480699,-0.24239823,0.11510194,-0.009716197,0.29628253,-0.1658035,-0.17440721,0.08642913,-0.2814943,-0.18175955,0.06605553,0.1785628,0.029930362,-0.12380685,0.0025864886,0.07333526,0.057863932,-0.04655142,0.10238632,-0.17389257,-0.036645167,0.14682023,-0.23826692,0.13285643,-0.036778945,-0.036094327,-0.23623772,0.20319797,-0.24469824,0.025737407,-0.048232704,-0.01463029,-0.11283722,0.19945145,-0.0886374,0.0122746015,0.08230793,0.17931826,0.21675059,0.3120466,-0.22075899,-0.029094134,-0.37694758,-0.06237829,0.0501754,0.08470755,-0.13382947,-0.102308474,0.08365316,0.065045975,0.27316737,-0.148188,0.07733704,-0.21597299,0.23565674,0.061336763,-0.02379692,-0.05058282,-0.18684414,-0.040958468,-0.05809302,-0.036435455,0.0017154075,-0.0946887,0.065243855,0.12351388,-0.043720745,-0.023507012,0.044992086,-0.10938092,-0.08341322,-0.015489251,-0.021310112,-0.09316173,0.071073286,-0.13707402,0.016543912,0.029982593,-0.23698911,-0.09451318,0.09335622,-0.3133807,0.13835886,0.027111815,-0.23363411,0.15625864,-0.04285248,-0.066562064,0.16880716,-0.065110385,-0.12724799
114,finance,-0.03959418,-0.06488403,-0.101945795,0.03282169,-0.06445981,0.29064175,0.04900201,0.13754973,0.06891895,0.07187811,-0.2698521,0.094314784,-0.028405787,0.36640176,-0.19240984,-0.18003859,0.12141668,-0.30864385,-0.23642366,0.09267574,0.18611139,0.083418235,-0.16238163,-0.0644958,0.07832364,0.069501355,-0.069689624,0.12227278,-0.21035582,-0.049863417,0.19243242,-0.2802774,0.16719602,-0.04367189,-0.02066478,-0.29683483,0.22504258,-0.23095338,0.06608609,-0.09577648,-0.036753643,-0.13686281,0.12388733,-0.13092361,0.034368757,0.07080313,0.15530494,0.20313042,0.42534417,-0.25609797,0.012154459,-0.49151033,-0.08831782,0.08377924,0.023540916,-0.17931482,-0.08222876,0.07184822,0.17099983,0.3228007,-0.22708824,0.13676289,-0.32497728,0.29696012,0.09113745,0.015258863,-0.09652752,-0.13419013,-0.0039072535,-0.08452748,-0.043473415,-0.016014667,-0.13794948,0.06683372,0.16717054,-0.049844462,0.041842148,-0.008571603,-0.14854643,-0.17543484,0.059116986,-0.050170448,-0.12696227,0.07277798,-0.1394415,0.05947525,0.033764154,-0.3010263,-0.07092836,0.14373478,-0.374163,0.16644585,0.0978233,-0.30214766,0.21437655,-0.040437885,-0.065684415,0.1644305,-0.116943195,-0.18606661
115,finance,-0.0015768815,-0.08065637,-0.08139463,-0.002663451,-0.04383681,0.24910517,0.12544829,0.10691878,0.008143474,0.034762964,-0.22543047,0.114617236,-0.010774437,0.30474305,-0.18066649,-0.17020291,0.07600108,-0.27189106,-0.18525748,0.086843304,0.1948622,0.040758956,-0.14789362,-0.02887473,0.06805507,0.07115634,-0.07755134,0.10426806,-0.1952167,-0.047138963,0.15112056,-0.23914677,0.15789233,-0.054919522,-0.012011592,-0.27494648,0.15797143,-0.26039314,0.0007940335,-0.06958652,-0.012604979,-0.1429905,0.19733576,-0.1271439,0.024928018,0.076015726,0.18698996,0.20050189,0.29509184,-0.24515279,-0.05666914,-0.3701101,-0.063140765,0.043531507,0.10935667,-0.1463967,-0.08912777,0.06678923,0.08392702,0.27656734,-0.17045695,0.065412216,-0.25398862,0.24577561,0.04776226,-0.042102024,-0.031085676,-0.16282147,-0.08878735,-0.059438482,-0.051564824,-0.0016181584,-0.12729864,0.0818641,0.096360564,-0.04029787,-0.041837133,0.07103157,-0.0860478,-0.08113729,0.009353341,-0.01792965,-0.0867684,0.07525462,-0.1655143,0.073094584,0.018642932,-0.2723899,-0.079707704,0.10586027,-0.3452326,0.14052717,0.037393812,-0.28923064,0.14859481,-0.038504314,-0.0783011,0.1954897,-0.069233015,-0.13443726
116,finance,-0.020497875,-0.0726105,-0.08280039,0.022395514,-0.050344337,0.24802907,0.0853291,0.114854306,0.028270472,0.037933987,-0.23883721,0.09842288,-0.011526598,0.32350257,-0.17776754,-0.1688249,0.08268135,-0.28217444,-0.19798352,0.07784374,0.17778508,0.042547103,-0.1560082,-0.02690052,0.067933545,0.053731166,-0.07035474,0.09800273,-0.18918376,-0.04241295,0.1590635,-0.24786544,0.14363034,-0.041175082,-0.0121641625,-0.26921308,0.18288256,-0.23354584,0.01568748,-0.06539216,-0.031128198,-0.13907495,0.15279776,-0.1262735,0.03753643,0.07698335,0.1632589,0.19821864,0.3219638,-0.23385505,-0.019805852,-0.4040287,-0.062389847,0.05605089,0.078044534,-0.13514878,-0.08562112,0.057399813,0.1119164,0.28577596,-0.17432405,0.09408507,-0.2733993,0.25572369,0.05989435,-0.013602898,-0.047447402,-0.14570698,-0.062267296,-0.062513135,-0.040524278,-0.0004914222,-0.13761912,0.06820092,0.1250214,-0.03578103,-0.000226166,0.033680975,-0.116829135,-0.10275235,0.020382604,-0.026326368,-0.0967754,0.06206911,-0.1540107,0.05377462,0.029422121,-0.26102567,-0.080645934,0.109228104,-0.34213135,0.1362009,0.053156104,-0.27083817,0.18387105,-0.042249247,-0.07723821,0.16104232,-0.087119974,-0.14961262
117,finance,-0.029618677,-0.07571005,-0.07165177,0.026408868,-0.035603106,0.266532,0.096510515,0.13012491,-0.017638978,0.019705875,-0.24662112,0.13174924,0.029674953,0.35090223,-0.17635603,-0.16892475,0.059818324,-0.31358814,-0.20000428,0.069328845,0.17005424,0.031271495,-0.17028847,0.017685842,0.050066374,0.021533703,-0.052157223,0.091789074,-0.17902778,-0.05576234,0.14922927,-0.23751065,0.11435352,-0.057196733,0.0013370416,-0.2638147,0.22150964,-0.28558412,-0.019656906,-0.05087922,-0.034623835,-0.17612803,0.190775,-0.15273269,0.034810603,0.087593965,0.19393744,0.23297466,0.3091715,-0.215316,-0.03126643,-0.3947454,-0.023698451,0.047478493,0.1590887,-0.093443766,-0.103433244,0.04216001,0.05427747,0.32701725,-0.1570513,0.09513166,-0.3080053,0.26380816,0.03763776,-0.0018158566,-0.018763866,-0.17951877,-0.13070816,-0.068582684,-0.016903514,0.028661774,-0.16234356,0.07430638,0.103574134,-0.045794666,-0.029064994,0.036961492,-0.13185576,-0.047957703,-0.012977205,0.0026850058,-0.10310488,0.06797294,-0.1683897,0.044845637,0.054758824,-0.27476963,-0.12107821,0.076268874,-0.32919955,0.16346213,0.01646556,-0.2619976,0.20990917,-0.06155741,-0.0739429,0.15201084,-0.0779735,-0.13338606
118,finance,-0.008266782,-0.064336486,-0.083991304,0.03212292,-0.056025736,0.25500512,0.09051112,0.13765381,0.03881345,0.034539364,-0.26627433,0.12299591,-0.007677706,0.33456746,-0.18409374,-0.20372806,0.087400354,-0.31628358,-0.20640215,0.08382354,0.1931906,0.0471961,-0.15841761,0.0042736717,0.077327475,0.052428216,-0.0467731,0.11085229,-0.19888899,-0.043027617,0.17700073,-0.2688209,0.12997408,-0.037300944,-0.033351433,-0.27261996,0.22477593,-0.25469166,0.032401256,-0.06044904,-0.030657543,-0.1356798,0.18865107,-0.1033578,0.021484913,0.09339604,0.18252832,0.2310603,0.3438391,-0.24967903,-0.012761633,-0.43610847,-0.066342846,0.06042148,0.08898439,-0.14335626,-0.102862194,0.082259044,0.09118419,0.3039299,-0.16973926,0.09532961,-0.2633114,0.25936085,0.062022455,-0.009805784,-0.0545755,-0.19876172,-0.057133555,-0.064479925,-0.03487016,-0.006696629,-0.12157606,0.071173675,0.13993339,-0.03349541,-0.0025717774,0.044329304,-0.12897691,-0.11251094,0.0013813978,-0.024906768,-0.11163141,0.06755468,-0.14818077,0.0152570065,0.043037213,-0.27429277,-0.10590224,0.10661466,-0.3464691,0.15707995,0.042324673,-0.2610213,0.18719731,-0.041971352,-0.074932545,0.17115083,-0.08065235,-0.15486561
119,finance,-0.004465895,-0.06399399,-0.07563338,0.027915318,-0.049699415,0.23559165,0.088871285,0.12426689,0.031740565,0.032535557,-0.24033953,0.11320522,-0.004302645,0.3062457,-0.16857633,-0.18242134,0.078480035,-0.2868041,-0.18448749,0.075904116,0.18106946,0.039310973,-0.15084359,0.009463131,0.074332245,0.046251673,-0.04608703,0.098191395,-0.18369523,-0.03857994,0.15949236,-0.24339636,0.1212565,-0.03502185,-0.02566736,-0.25152227,0.20176609,-0.2364679,0.022365965,-0.05358973,-0.03085632,-0.12848231,0.17457467,-0.099908486,0.020757008,0.08858366,0.1705093,0.21313836,0.30608493,-0.22780722,-0.01727333,-0.39337438,-0.06068056,0.04948965,0.09137342,-0.12724143,-0.09505789,0.07396002,0.08014881,0.27876884,-0.1539169,0.084745206,-0.24381927,0.23855574,0.051224858,-0.0109475255,-0.041731525,-0.18429454,-0.065654054,-0.058280047,-0.034725096,-0.0043358775,-0.116833344,0.07018748,0.12289939,-0.030085547,-0.009200979,0.04585743,-0.11400596,-0.09440886,-0.0039880797,-0.01865092,-0.10041316,0.06020138,-0.13884062,0.017151091,0.040079534,-0.25443038,-0.09803948,0.095163144,-0.3194291,0.14250626,0.032003757,-0.24078465,0.16834691,-0.040284246,-0.07489884,0.15996456,-0.0744756,-0.14148808
120,finance,-0.053772002,-0.075372405,-0.060671438,0.045126192,-0.036863614,0.30016547,0.0918567,0.14958031,-0.050580923,0.011591942,-0.26273474,0.15345997,0.06790144,0.4008206,-0.18425165,-0.17499651,0.05024528,-0.3566456,-0.21312606,0.06290506,0.17421927,0.016699506,-0.20520039,0.05277359,0.02951263,-0.015498585,-0.03956451,0.08536974,-0.18282507,-0.06399682,0.15253831,-0.25352716,0.085689686,-0.0697073,0.013946296,-0.27983356,0.26978683,-0.3126286,-0.039494086,-0.045181774,-0.058533985,-0.22000247,0.19829912,-0.17867868,0.049833726,0.0988332,0.2118637,0.2642985,0.30721128,-0.20510654,-0.031069981,-0.42225754,0.010739397,0.045505665,0.22515415,-0.05286949,-0.113709405,0.0104582235,0.023666183,0.38194788,-0.15550004,0.10084769,-0.36415938,0.29157668,0.028115487,0.022522653,-0.0025096405,-0.19162047,-0.19211647,-0.070597775,0.005885703,0.04860715,-0.19343217,0.06601761,0.095447116,-0.043250922,-0.032811318,0.025254529,-0.15868321,-0.02218245,-0.02498623,0.01935093,-0.114297435,0.06813768,-0.19486146,0.041240763,0.08172613,-0.29151747,-0.14392896,0.054774825,-0.33087707,0.18278363,0.0006408453,-0.26700765,0.2534503,-0.08333734,-0.0682396,0.14295247,-0.08103795,-0.1327281
121,finance,-0.012624749,-0.075634725,-0.07681105,0.017874034,-0.035650507,0.23668565,0.09460563,0.11312657,0.002272152,0.031535275,-0.23754701,0.11303184,0.0024681822,0.31372127,-0.16848926,-0.16638744,0.06785283,-0.28933722,-0.18411964,0.070824124,0.17735867,0.031847488,-0.14104782,-0.002572029,0.062373057,0.045844417,-0.05694779,0.093321405,-0.17631003,-0.04811684,0.14636342,-0.23432209,0.12447247,-0.050149236,-0.017933073,-0.2568115,0.18840125,-0.25694042,-0.0009746997,-0.056497484,-0.024121309,-0.14063017,0.18360618,-0.11936028,0.026142638,0.08970212,0.1776746,0.20798087,0.30028844,-0.21804163,-0.03138078,-0.37504748,-0.043661937,0.050307278,0.11180455,-0.12051439,-0.09198666,0.06137063,0.06970626,0.2921643,-0.15327677,0.07991438,-0.26101732,0.23943815,0.04937805,-0.02050587,-0.035150148,-0.16874537,-0.08347432,-0.064591,-0.031575028,0.012155491,-0.13142663,0.071339,0.11426849,-0.037546303,-0.024509855,0.047111988,-0.11233852,-0.069469996,-0.0028365364,-0.012907146,-0.095750116,0.06515316,-0.15650213,0.03895432,0.038974285,-0.25925377,-0.095051475,0.09436661,-0.3138782,0.1423327,0.02908998,-0.24989542,0.1713379,-0.04483608,-0.068993874,0.16391097,-0.06899203,-0.1335459
122,finance,-0.024015995,-0.06794943,-0.0977951,0.022729648,-0.048543967,0.26446334,0.07998603,0.1339953,0.04837628,0.047794387,-0.24658214,0.11219051,-0.014569625,0.32820666,-0.17747016,-0.17547846,0.09556275,-0.2904638,-0.19842902,0.07592991,0.1806033,0.058645062,-0.14800951,-0.02068957,0.080231115,0.050327167,-0.050337788,0.11300175,-0.1874294,-0.047190815,0.1654053,-0.24853833,0.1404414,-0.041499376,-0.019197544,-0.2647639,0.22106747,-0.24778871,0.030181235,-0.06660445,-0.029978583,-0.13830316,0.15711771,-0.11671291,0.024277054,0.074227706,0.17106196,0.20888627,0.35178465,-0.2413142,-0.008410268,-0.41982868,-0.064434566,0.05889825,0.06826771,-0.14180477,-0.09786014,0.072601214,0.102571964,0.30715194,-0.17789656,0.10101087,-0.2826906,0.26664925,0.06006716,-0.0019489528,-0.0633272,-0.17267594,-0.05246573,-0.07004963,-0.043849085,-0.0036969876,-0.12328015,0.0826383,0.12757584,-0.046120513,0.0021009902,0.02519371,-0.12822093,-0.11434601,0.01187249,-0.021058867,-0.10945147,0.070784435,-0.13662788,0.039526183,0.042723104,-0.27463543,-0.09170478,0.105657935,-0.33070385,0.15726346,0.054920223,-0.26616928,0.18275343,-0.041015107,-0.07461194,0.1605672,-0.086941905,-0.15235974
123,finance,-0.06353237,-0.07930038,-0.0586943,0.040208247,-0.0350245,0.31070518,0.08877974,0.15978216,-0.057290476,0.004927242,-0.27234662,0.1628407,0.08342039,0.4166725,-0.17997117,-0.16568562,0.045882314,-0.36756632,-0.21920992,0.06098751,0.16444397,0.018371217,-0.21363042,0.06420669,0.029629637,-0.036226925,-0.029873455,0.08311192,-0.16802233,-0.06965705,0.15306917,-0.2451399,0.079362534,-0.07399336,0.022857687,-0.2681275,0.28966203,-0.3296295,-0.05224509,-0.039374802,-0.06484661,-0.2313524,0.19570936,-0.19046639,0.04859079,0.09834317,0.21908775,0.27174902,0.312271,-0.19322374,-0.02539544,-0.42546257,0.025158927,0.046746854,0.24335639,-0.04132293,-0.12376423,0.0033688855,0.010664093,0.39806733,-0.15430254,0.107481465,-0.38416588,0.30755922,0.021807514,0.03648255,0.0036802613,-0.19685313,-0.21276405,-0.07161015,0.0082337335,0.061139468,-0.20679124,0.07084121,0.0915252,-0.049994055,-0.03896596,0.012112433,-0.16670798,-0.008186233,-0.039224844,0.03198334,-0.119797,0.06379834,-0.19451109,0.038839366,0.088876754,-0.29958543,-0.16306892,0.040071912,-0.33332044,0.19464718,-0.009275962,-0.2640629,0.26926276,-0.093458846,-0.067007214,0.13175583,-0.08540986,-0.13187286
124,finance,-0.052246075,-0.06936371,-0.07365111,0.03635875,-0.04896441,0.30355847,0.07468027,0.16655749,-0.014258466,0.00887181,-0.28959802,0.15709145,0.06316675,0.4125488,-0.1837814,-0.17545228,0.05940363,-0.36090544,-0.22165762,0.05036949,0.16086827,0.011795221,-0.20993118,0.054160565,0.060776148,-0.04170746,-0.026506143,0.09644824,-0.16136712,-0.056182675,0.1758494,-0.2504542,0.093520135,-0.05042868,0.017816236,-0.24984786,0.2959788,-0.30887836,-0.037415095,-0.03245212,-0.075790696,-0.22777623,0.1738432,-0.18324313,0.06426858,0.09806563,0.20277134,0.2648176,0.332543,-0.2165743,-0.0056743915,-0.45738092,-0.000817171,0.05497995,0.19491595,-0.044120938,-0.13463204,0.01748953,0.0328606,0.38005984,-0.15095259,0.11519433,-0.3746823,0.30416295,0.028878521,0.04228937,-0.008866101,-0.20881936,-0.18704265,-0.056260344,-0.006550332,0.06808406,-0.21949986,0.080016,0.11244218,-0.05282157,-0.0057858313,-0.005432813,-0.17108501,-0.03126836,-0.043278746,0.028507741,-0.123094834,0.054712825,-0.19018734,0.022807365,0.08325019,-0.2857437,-0.15973473,0.043144785,-0.35322803,0.17928259,0.00065380917,-0.26283768,0.27890843,-0.08997431,-0.088538736,0.11853453,-0.104166955,-0.14179821
125,finance,0.01477286,-0.07990325,-0.09690223,-0.035949513,-0.051667396,0.24352965,0.15531504,0.12871294,0.020135308,0.008671483,-0.25513992,0.12549818,-0.024518006,0.29385972,-0.18640465,-0.1936862,0.09671843,-0.27545634,-0.1763161,0.08221401,0.21789546,0.036590837,-0.12280704,-0.009128389,0.09442666,0.08923982,-0.07823967,0.12271791,-0.19569744,-0.03971202,0.1514564,-0.25804058,0.17704485,-0.047325984,-0.03545625,-0.2627162,0.17649259,-0.27841043,0.014604243,-0.06180614,-0.0036075013,-0.112670645,0.243118,-0.09698695,0.0067943423,0.08861389,0.20760691,0.22274165,0.30090547,-0.27113637,-0.07167877,-0.37479457,-0.08240118,0.038928736,0.10479273,-0.17083685,-0.10891977,0.10470603,0.06410519,0.26646227,-0.1601063,0.042039484,-0.20421976,0.25207898,0.05328989,-0.0622435,-0.033888116,-0.21412233,-0.06755666,-0.04419735,-0.06811552,-0.004236827,-0.083880335,0.091355816,0.110854685,-0.043764014,-0.073238485,0.10087559,-0.072241805,-0.08299392,-0.028997494,-0.013913322,-0.08347944,0.07062289,-0.16103286,0.050280772,0.014481199,-0.2665872,-0.08225531,0.096877,-0.3714457,0.14564188,0.021327946,-0.28156683,0.12153859,-0.033867028,-0.09428279,0.22659074,-0.055183794,-0.12919173
126,finance,0.0009401701,-0.08097467,-0.096711256,0.011260792,-0.04135033,0.25965825,0.11498365,0.13983506,0.03129492,0.031151813,-0.264179,0.13170235,-0.009739641,0.32426095,-0.19651046,-0.20681225,0.09558406,-0.30262876,-0.19709402,0.07177922,0.2103713,0.051567852,-0.13606447,-0.0011703599,0.091653876,0.08232045,-0.059550382,0.119898126,-0.21045104,-0.044835534,0.1706863,-0.26085088,0.14688621,-0.04821118,-0.029740965,-0.28393555,0.21703888,-0.28594857,0.015037042,-0.058077633,-0.014697495,-0.1380815,0.2333014,-0.10168731,0.004630442,0.09823485,0.21098484,0.24313387,0.35046533,-0.26266918,-0.041372932,-0.4235837,-0.07694751,0.05323349,0.101391576,-0.16261077,-0.10711807,0.10911244,0.07335416,0.31694806,-0.16479036,0.08231095,-0.24770403,0.25615045,0.050224725,-0.039809536,-0.05149435,-0.22891322,-0.06722046,-0.07144645,-0.04844087,-0.0035094812,-0.12047846,0.092635825,0.1316613,-0.05141517,-0.030042462,0.0717822,-0.117334604,-0.09290386,-0.0071834484,-0.019880584,-0.103841834,0.082369655,-0.14895795,0.023935301,0.04544815,-0.28957036,-0.10450691,0.10805312,-0.35273716,0.16684617,0.030181833,-0.27636173,0.15796864,-0.03957602,-0.09072272,0.19943836,-0.070459954,-0.15266195
127,finance,-0.02596404,-0.072110236,-0.09328162,0.02116214,-0.05533499,0.25965184,0.07658584,0.12185996,0.040971644,0.048669484,-0.24585536,0.09482936,-0.014862663,0.3300548,-0.17686372,-0.16648176,0.09516874,-0.28960913,-0.20589304,0.0854413,0.18087797,0.061858788,-0.15190335,-0.04112534,0.0731614,0.05935615,-0.06507387,0.10835706,-0.19371152,-0.05022278,0.16438253,-0.25389042,0.15010747,-0.043296777,-0.014774509,-0.27291736,0.19349687,-0.22980508,0.03301945,-0.07596009,-0.029672345,-0.13313158,0.14230466,-0.12332157,0.031479295,0.07388924,0.158871,0.19734716,0.3529705,-0.2389097,-0.008237103,-0.42488587,-0.07169227,0.06250821,0.056809492,-0.15363799,-0.083199225,0.06338517,0.12774669,0.29390347,-0.1905525,0.101617634,-0.283065,0.2665477,0.07082181,-0.009546115,-0.06545431,-0.13959311,-0.03974065,-0.06983159,-0.042481065,-0.0055972515,-0.12644958,0.06929033,0.13382658,-0.040061396,0.008640003,0.016065761,-0.12178995,-0.13082902,0.03016123,-0.037224095,-0.10709934,0.06571946,-0.14673442,0.05550857,0.024267936,-0.2769329,-0.076046586,0.12330821,-0.34124914,0.14700972,0.07097566,-0.27830723,0.18506809,-0.03853412,-0.07163923,0.15998589,-0.09218569,-0.15609235
128,finance,0.01184539,-0.025549358,-0.108084336,0.053518552,-0.102105066,0.24061954,0.047294483,0.15691409,0.0721729,-0.030577948,-0.3493004,0.13213187,-0.02769914,0.37487558,-0.20655909,-0.22333632,0.10511052,-0.3279579,-0.21185304,0.038494654,0.1733484,-0.05875232,-0.17898427,0.05719141,0.1221492,-0.034393717,-0.05272381,0.12145939,-0.20185675,-0.006987362,0.20377131,-0.29321915,0.1392408,0.0069542024,-0.041865394,-0.20824547,0.278237,-0.21206118,-0.012043872,0.005996307,-0.102228865,-0.16932812,0.15099195,-0.118421644,0.1018997,0.08997678,0.16230592,0.26803905,0.3098575,-0.29247412,0.011110461,-0.47869566,-0.086196005,0.055511374,0.11589129,-0.047198165,-0.16586837,0.045185454,0.08219354,0.30189794,-0.12349475,0.09935561,-0.28160506,0.26189488,0.04992683,0.035408024,-0.021322938,-0.2335205,-0.07806704,-0.010353899,-0.014152897,0.062122155,-0.1957684,0.087554276,0.18322818,-0.06174211,0.06741143,0.005294383,-0.18297873,-0.08769717,-0.049207058,0.008812074,-0.09249315,0.036740016,-0.21636921,-0.023811113,0.05415796,-0.21198706,-0.12336021,0.07556633,-0.40627468,0.11075876,0.018554786,-0.25015146,0.28240743,-0.07210786,-0.15790528,0.12606607,-0.11906955,-0.17278133
129,finance,-0.04814412,-0.0707446,-0.08331572,0.045800168,-0.054597672,0.29748818,0.05971783,0.16082127,0.017824974,0.027343564,-0.28327608,0.14192559,0.03512017,0.39848867,-0.18372701,-0.17953245,0.07511604,-0.34787396,-0.22812577,0.05909414,0.1662419,0.02774297,-0.20108773,0.032157812,0.06910926,-0.016878594,-0.03172772,0.100865334,-0.17663462,-0.047656063,0.17867684,-0.25802448,0.10570627,-0.042571906,0.008015783,-0.26056919,0.28107092,-0.2829458,-0.008796416,-0.04247529,-0.069513775,-0.20483257,0.15750724,-0.16333279,0.056379925,0.0933511,0.19186643,0.24699162,0.35415655,-0.22737631,0.007239837,-0.46975824,-0.024226861,0.061044205,0.14350674,-0.073773794,-0.12617408,0.032088596,0.07167993,0.36883312,-0.16546287,0.124946,-0.35584375,0.29791802,0.04503743,0.040537454,-0.032603554,-0.19284694,-0.13452516,-0.062446658,-0.016694909,0.04272699,-0.20218934,0.07671698,0.13186371,-0.05044614,0.015045061,-0.0052685738,-0.17321129,-0.0656835,-0.019027906,0.009309295,-0.12385459,0.0573105,-0.17308784,0.020717476,0.07441442,-0.28649354,-0.14154674,0.06931431,-0.35082924,0.17269775,0.023348294,-0.26344106,0.26615015,-0.07632038,-0.087608986,0.12271591,-0.10424519,-0.15713799
130,finance,-0.011384178,-0.08594846,-0.08195469,0.004605372,-0.04319627,0.24771659,0.10916528,0.118512206,0.006696965,0.027478885,-0.2330127,0.1194904,0.0016275991,0.31889644,-0.17430623,-0.16618851,0.07966023,-0.27988008,-0.1884221,0.077569366,0.19565658,0.046135165,-0.15519734,-0.0072031044,0.075885385,0.05656337,-0.0688062,0.09633532,-0.18881442,-0.04502523,0.15090401,-0.23830329,0.13885546,-0.04486049,-0.01019833,-0.27038094,0.17632212,-0.25724748,0.0014878104,-0.06152356,-0.026861425,-0.14129838,0.19243167,-0.119506925,0.03364432,0.08635296,0.19151668,0.21254857,0.30684713,-0.22830577,-0.045072615,-0.3892673,-0.062941015,0.038671233,0.11022724,-0.13792048,-0.0936964,0.0735935,0.08184604,0.2991484,-0.1667611,0.076460734,-0.25382695,0.25522017,0.04839849,-0.031865988,-0.027994107,-0.17121382,-0.08631607,-0.06410199,-0.04270385,0.0024016548,-0.13249569,0.07779171,0.11363817,-0.042209134,-0.03226464,0.057247173,-0.10293228,-0.07119646,-0.001763003,-0.022696262,-0.09501314,0.06573835,-0.15803105,0.05021796,0.028796468,-0.27380398,-0.08860119,0.10227089,-0.33517212,0.14951497,0.027085258,-0.27082756,0.16317041,-0.043047644,-0.08766173,0.1727462,-0.07082348,-0.14059696
131,finance,-0.010592706,-0.06431943,-0.09296583,0.01794058,-0.053794652,0.24778242,0.08807084,0.1353916,0.0358659,0.028289733,-0.26443797,0.11509115,-0.015502459,0.32557493,-0.18073994,-0.18897842,0.093851864,-0.3024272,-0.20165028,0.08002699,0.18665947,0.046837863,-0.14031929,-0.013704644,0.075498715,0.057955228,-0.05479109,0.114356235,-0.18954875,-0.044180293,0.16542071,-0.2598834,0.14349869,-0.03803968,-0.031030457,-0.26184127,0.21756044,-0.24951915,0.03263717,-0.06162948,-0.024662917,-0.12830062,0.17905848,-0.10644498,0.023534523,0.083495714,0.17512675,0.21786521,0.34175286,-0.24385883,-0.01749228,-0.4196129,-0.069807895,0.062290218,0.075114556,-0.14616391,-0.0998056,0.08087334,0.09487566,0.3003331,-0.17313744,0.09071243,-0.25663844,0.26031068,0.06913653,-0.014678096,-0.059379082,-0.17971726,-0.040585186,-0.063713096,-0.03920118,-0.005637987,-0.11268113,0.07358745,0.13789225,-0.040646605,-0.0030894438,0.035888642,-0.123630196,-0.113882236,0.0063203005,-0.02856402,-0.10611171,0.06830182,-0.14732304,0.02709429,0.035969254,-0.26187634,-0.09156634,0.110032886,-0.34289154,0.14986807,0.048375342,-0.26146352,0.18052529,-0.041030243,-0.07125838,0.17395581,-0.08259614,-0.1478016
132,finance,-0.009204564,-0.049134076,-0.11152023,0.008707057,-0.07954634,0.26395187,0.07879473,0.16543067,0.053995863,-0.0114990305,-0.3193977,0.15138774,-0.016199699,0.3733341,-0.2010483,-0.21474332,0.11790331,-0.32941806,-0.21162583,0.055736434,0.19888005,-0.0021345739,-0.16213064,0.028883575,0.10934577,0.0067974906,-0.04468398,0.12913264,-0.19675784,-0.024988662,0.19350529,-0.28597057,0.15539202,-0.020908555,-0.03717469,-0.23438507,0.27395323,-0.25926083,0.01510532,-0.026023865,-0.06408685,-0.15800934,0.19591847,-0.11409883,0.05706997,0.091782466,0.19552475,0.2650142,0.34566513,-0.27393353,-0.016694583,-0.47258562,-0.08095277,0.059246536,0.114386104,-0.10122345,-0.1537901,0.0773126,0.07223401,0.33173105,-0.15912786,0.094162025,-0.27465323,0.28470442,0.06435318,0.008055325,-0.042431705,-0.23352928,-0.06539007,-0.038484592,-0.032940134,0.03582745,-0.14552507,0.08916413,0.1606049,-0.062966615,0.012500092,0.023935657,-0.15886872,-0.087420404,-0.039920885,-0.00041706034,-0.10646965,0.063390985,-0.18023895,-0.0030752406,0.04804173,-0.24818052,-0.12243811,0.08575132,-0.38273633,0.14900187,0.017593766,-0.26275492,0.22789738,-0.06599044,-0.12092584,0.16304605,-0.099088624,-0.16323264
133,finance,-0.018121522,-0.07243583,-0.08493803,0.03317497,-0.050309915,0.25462213,0.077893004,0.12748374,0.024749303,0.043044727,-0.2503964,0.101298966,-0.0043722484,0.3326223,-0.18304299,-0.18340288,0.08208026,-0.29661393,-0.2097911,0.08373309,0.18088031,0.065032534,-0.15383403,-0.029392095,0.068709604,0.060496144,-0.066258185,0.1079856,-0.19494805,-0.050950024,0.17119944,-0.2555849,0.13057038,-0.04552064,-0.016170548,-0.284136,0.19494586,-0.24163221,0.030105248,-0.07154385,-0.029123405,-0.14485121,0.15291096,-0.11617722,0.03316755,0.0838786,0.16368379,0.21170959,0.35187316,-0.23194,-0.011999855,-0.4302721,-0.06809535,0.06427335,0.06996976,-0.14965713,-0.07641529,0.06699191,0.11473403,0.30810407,-0.18592106,0.108232595,-0.28526798,0.26409227,0.063584276,-0.013125465,-0.05456238,-0.15188323,-0.050361875,-0.0755315,-0.032523517,-0.007963229,-0.13457166,0.067469425,0.13715419,-0.037541956,0.013416641,0.024070358,-0.12638125,-0.119208276,0.02938242,-0.040714256,-0.11180561,0.06528171,-0.15079728,0.04168253,0.034937333,-0.27851802,-0.08240956,0.118872166,-0.33949068,0.15509096,0.06486512,-0.27652028,0.19118854,-0.036486894,-0.07265622,0.15730491,-0.09047578,-0.15710008
134,finance,-0.016481554,-0.07949755,-0.084069625,0.023160668,-0.037822504,0.25969315,0.10140248,0.12717961,0.0044478634,0.03190197,-0.24814498,0.1271402,0.0113078,0.3380583,-0.18848245,-0.17978655,0.07236787,-0.3035222,-0.1992631,0.066411346,0.18546472,0.03499524,-0.15822722,-0.00020365318,0.06778887,0.051714733,-0.06187478,0.09874652,-0.19422136,-0.047104258,0.15578043,-0.24132313,0.13601658,-0.053761613,-0.008193262,-0.27579418,0.20714834,-0.2814977,-0.010854312,-0.0559952,-0.027318263,-0.16032873,0.19944939,-0.1340395,0.028205771,0.09263198,0.19548868,0.22934453,0.31841132,-0.2330164,-0.038694467,-0.40297782,-0.045364413,0.048774686,0.12839192,-0.12209308,-0.098031744,0.06541505,0.06881777,0.3199982,-0.16378258,0.089243114,-0.2847506,0.25367957,0.046260405,-0.022456514,-0.03169324,-0.1873375,-0.10789371,-0.07224912,-0.033231597,0.018979304,-0.15218753,0.08468753,0.11468685,-0.048848674,-0.026207723,0.04680901,-0.1219986,-0.063655265,-0.0024897337,-0.005602969,-0.10372675,0.07562363,-0.16413437,0.0437686,0.04836295,-0.27639365,-0.10611754,0.095971204,-0.3340755,0.15737258,0.024238199,-0.27420697,0.18678,-0.049409892,-0.08322578,0.17002694,-0.07884194,-0.14332965
135,finance,0.03676926,-0.012385027,-0.12589034,0.055381,-0.1275567,0.24429342,0.052654333,0.17409067,0.082985066,-0.065509655,-0.408227,0.15088002,-0.043525536,0.39929697,-0.22634028,-0.2617377,0.123811506,-0.34955972,-0.22171263,0.031031543,0.18687956,-0.09850403,-0.18535154,0.08175254,0.15089644,-0.05012807,-0.056784783,0.13918224,-0.21826193,0.002317446,0.22156964,-0.32467112,0.15458553,0.022704147,-0.061753143,-0.20066945,0.30232638,-0.21319142,-0.013711136,0.02940524,-0.121847436,-0.17859577,0.1763438,-0.10933257,0.121079795,0.102113925,0.17054838,0.29901555,0.31131232,-0.33290395,0.007056055,-0.5221979,-0.10327512,0.053445227,0.124985434,-0.033794653,-0.19987807,0.05428773,0.08034676,0.31067643,-0.10991515,0.096763395,-0.27099922,0.2755229,0.051427487,0.032998152,-0.01087335,-0.2783185,-0.07452113,0.012506566,-0.012378277,0.07346328,-0.21073988,0.09783865,0.21016653,-0.06772365,0.078053735,0.013534971,-0.19900104,-0.090307176,-0.075381696,0.01617083,-0.08743428,0.031979397,-0.2453486,-0.047781758,0.058165908,-0.20053829,-0.13423645,0.071989186,-0.456145,0.10182234,0.004374427,-0.25971037,0.3079454,-0.081007086,-0.19909984,0.1374115,-0.12492502,-0.18456389
136,finance,-0.05364971,-0.076242924,-0.06753768,0.020032173,-0.038843088,0.29089877,0.096308514,0.15073445,-0.04191017,-0.0013493312,-0.26705492,0.1537307,0.06581589,0.38896564,-0.17387609,-0.15428077,0.053921312,-0.3483701,-0.20609006,0.059367545,0.16512704,0.013266396,-0.19172415,0.050533026,0.04310396,-0.024510395,-0.037978612,0.08844498,-0.15719104,-0.06201399,0.14557177,-0.23812646,0.09868934,-0.06448688,0.014061495,-0.24325442,0.26828536,-0.317976,-0.045955975,-0.03311127,-0.05385898,-0.20937045,0.19967851,-0.17706653,0.043420117,0.08969592,0.21072333,0.25438014,0.30488986,-0.20327173,-0.028307665,-0.40024784,0.008048344,0.041051086,0.21552701,-0.054954246,-0.12627682,0.017485578,0.017946653,0.36234063,-0.14525056,0.09462874,-0.3487802,0.29526278,0.027041929,0.021268409,-0.00060798187,-0.19812031,-0.1818438,-0.058785617,-0.008379094,0.056780994,-0.18751973,0.07603223,0.0875644,-0.054926347,-0.045574974,0.017514843,-0.14361396,-0.013769165,-0.04934855,0.031130964,-0.1092602,0.06419382,-0.18397516,0.045549933,0.07320185,-0.28806725,-0.1518397,0.041176006,-0.33816996,0.17864946,-0.0077906465,-0.2598017,0.24407262,-0.08915667,-0.07241768,0.14255826,-0.082377575,-0.11986442
137,finance,-0.016036049,-0.06998858,-0.08590858,0.034120787,-0.06085177,0.26257315,0.082019344,0.13194096,0.022623418,0.031936046,-0.26731628,0.11349833,-0.008297527,0.3548938,-0.19185154,-0.1949857,0.08964522,-0.31063655,-0.21448998,0.08325738,0.19233623,0.049417377,-0.16443022,-0.020571766,0.07572273,0.05416523,-0.07099627,0.10836474,-0.20640644,-0.046840586,0.17593022,-0.2728848,0.1406987,-0.040792312,-0.020844625,-0.28416613,0.20526029,-0.24491951,0.024669329,-0.061001528,-0.038442414,-0.15359826,0.16887276,-0.12039494,0.038109846,0.08588732,0.175466,0.22544804,0.35104272,-0.24825566,-0.016698752,-0.44634047,-0.07198107,0.06221196,0.0847915,-0.14573818,-0.092853785,0.067462526,0.11598611,0.31619424,-0.18681504,0.10977903,-0.28722322,0.27236953,0.064909175,-0.009684074,-0.050359067,-0.16752282,-0.05183331,-0.06791352,-0.030561775,-0.0023948154,-0.14572337,0.06809707,0.14282526,-0.04574793,0.013323023,0.029262602,-0.13305013,-0.11383385,0.018382054,-0.031740386,-0.10898229,0.06385159,-0.1638377,0.04155239,0.038213372,-0.27955526,-0.09065398,0.115866765,-0.36259454,0.15694167,0.058311142,-0.28674033,0.20647916,-0.045602754,-0.08660861,0.16716234,-0.08646007,-0.16444558
138,finance,0.031394154,-0.012359503,-0.12434138,0.061220013,-0.1283699,0.25199708,0.043293454,0.17962715,0.085142344,-0.061991926,-0.41158456,0.15083627,-0.036320332,0.4113195,-0.2256236,-0.26174018,0.121909335,-0.35580823,-0.22706215,0.027305419,0.18270099,-0.09742394,-0.19260044,0.083132595,0.1491482,-0.058418974,-0.050612077,0.13913393,-0.21673578,0.0030335686,0.22591563,-0.3249799,0.14827849,0.023662979,-0.056317873,-0.20260933,0.3146952,-0.21413288,-0.014219575,0.028277617,-0.1287971,-0.18875593,0.16599762,-0.11613978,0.1251023,0.10552946,0.16808456,0.30224618,0.31937853,-0.32916898,0.017477449,-0.53488535,-0.09841421,0.056688126,0.12544875,-0.027589664,-0.20048432,0.04825236,0.08208603,0.32122186,-0.11256905,0.10487753,-0.2845598,0.28045952,0.050424453,0.04272914,-0.012673454,-0.27689862,-0.08285584,0.012206495,-0.008138806,0.07667734,-0.22151484,0.09565993,0.21233197,-0.06567082,0.086916715,0.0033127829,-0.2077577,-0.09126664,-0.07311299,0.016830105,-0.09499346,0.03067572,-0.24596928,-0.051229864,0.06386938,-0.20298985,-0.13973564,0.07023789,-0.45443866,0.104427,0.005408849,-0.259025,0.3224312,-0.0842367,-0.19740371,0.1256842,-0.12951252,-0.18685575
139,finance,0.015669206,-0.048186768,-0.097866304,0.027465528,-0.08355646,0.25015807,0.0818595,0.14948149,0.03720166,-0.022693727,-0.3295391,0.14709936,-0.003006936,0.37365314,-0.20700349,-0.21502753,0.0977839,-0.32000613,-0.20308965,0.038602397,0.186896,-0.03965202,-0.17384923,0.042561088,0.1152631,-0.013588378,-0.05825834,0.12065992,-0.19803259,-0.019632583,0.19377895,-0.2739664,0.14235298,-0.012957579,-0.024210447,-0.23060432,0.2504949,-0.24432811,-0.022076814,-0.0034502654,-0.08578608,-0.18482399,0.1868134,-0.12959033,0.089118615,0.09967457,0.18317564,0.267263,0.3050446,-0.27688983,-0.020525103,-0.4613406,-0.07787422,0.050392617,0.13955197,-0.065655746,-0.15093535,0.056582667,0.059630245,0.31475523,-0.124621734,0.08966088,-0.27728194,0.26649746,0.04164667,0.0034799231,-0.0078513855,-0.23689821,-0.11205137,-0.015944315,-0.021796482,0.06464719,-0.19671202,0.09106924,0.16154067,-0.06291236,0.028244728,0.029301545,-0.15836084,-0.060258675,-0.050967243,0.007572939,-0.095899284,0.05155127,-0.21413608,0.00036676845,0.05385343,-0.23090167,-0.12279428,0.072928555,-0.3972287,0.12729047,0.008332889,-0.27122924,0.24874204,-0.07010786,-0.1541381,0.14355712,-0.10319479,-0.16066302
140,finance,-0.005807353,-0.08407719,-0.097189665,-0.02009443,-0.058631282,0.25730607,0.12896045,0.12778488,0.013299421,0.016027568,-0.2604111,0.13143082,-0.009593848,0.3371613,-0.18847974,-0.1870951,0.093661435,-0.30464765,-0.200428,0.09385475,0.21911776,0.04846512,-0.15308778,-0.015838943,0.08214627,0.068550885,-0.07564523,0.11808657,-0.19681829,-0.05219035,0.16334412,-0.2710565,0.17126748,-0.052450527,-0.02919247,-0.28045517,0.18923952,-0.2726832,0.018774599,-0.070776656,-0.020879973,-0.12853666,0.21291338,-0.112529375,0.024479542,0.0898138,0.20480123,0.22743471,0.3256976,-0.25562516,-0.05596554,-0.4137038,-0.07694455,0.04749177,0.11285375,-0.1666601,-0.10424897,0.08522518,0.08494151,0.30119717,-0.18595055,0.067399755,-0.2525465,0.27678558,0.070875354,-0.04228216,-0.04252704,-0.18491185,-0.064688414,-0.063405864,-0.048923407,0.00018724833,-0.11139698,0.08201574,0.12488437,-0.04164439,-0.047022566,0.06650946,-0.10071544,-0.09025527,-0.007564889,-0.029984044,-0.09631497,0.066790774,-0.16643834,0.057962626,0.016088268,-0.28635755,-0.09156056,0.112609096,-0.3710366,0.15804455,0.028047405,-0.29249516,0.1618021,-0.044549584,-0.086359404,0.20808676,-0.073290326,-0.14404091
141,finance,-0.072010994,-0.077816665,-0.065490805,0.02811345,-0.03680987,0.32234594,0.087058775,0.17467166,-0.054522008,-0.008594939,-0.28109843,0.17327757,0.092209056,0.43071622,-0.17826395,-0.15707447,0.049688995,-0.37862962,-0.2220182,0.05149904,0.16058972,0.008286742,-0.21612856,0.07791554,0.03670594,-0.056550954,-0.022599323,0.0835365,-0.15415561,-0.06726479,0.15130052,-0.2446361,0.083262876,-0.06987673,0.02556842,-0.2457467,0.3150327,-0.34610364,-0.057416745,-0.027508313,-0.07010099,-0.24624126,0.20392507,-0.20060682,0.054011047,0.096360035,0.22826554,0.28161192,0.31930113,-0.19732113,-0.023708066,-0.4310122,0.032330606,0.04425794,0.25729576,-0.023990592,-0.14124642,0.0021174722,-0.0036721663,0.40731755,-0.1485131,0.10935991,-0.3972935,0.3217982,0.021785121,0.04806321,0.008263032,-0.21698673,-0.22514156,-0.0621651,0.007966942,0.0774882,-0.21891555,0.07854681,0.086139046,-0.06098652,-0.04563002,0.0005830261,-0.17299876,0.010525415,-0.063932106,0.048824117,-0.12227561,0.06316877,-0.1962038,0.037855104,0.09815824,-0.30239162,-0.1830807,0.021477394,-0.34180886,0.19782536,-0.023298705,-0.25909317,0.2818921,-0.10883042,-0.072869964,0.12799852,-0.09150119,-0.12405569
142,finance,0.03191137,-0.016860727,-0.113518536,0.071707524,-0.120450504,0.2576951,0.04052274,0.17463003,0.07902962,-0.048007812,-0.40632665,0.15406793,-0.019993411,0.42295596,-0.22655782,-0.2591917,0.1097987,-0.35894236,-0.22479278,0.021303365,0.17620383,-0.103609666,-0.20318931,0.08745718,0.14253286,-0.07145115,-0.041050013,0.13844956,-0.21475069,0.0032465733,0.23145661,-0.3114512,0.1343223,0.020706208,-0.041066457,-0.2087466,0.32064152,-0.22285789,-0.03238384,0.028704755,-0.13966255,-0.21388601,0.15623924,-0.13295312,0.13534056,0.11524844,0.16849805,0.30288243,0.3115083,-0.3187151,0.021346925,-0.5364496,-0.08430707,0.058600307,0.14488548,-0.0056574694,-0.19664532,0.035262104,0.07262577,0.33411056,-0.10394843,0.10886574,-0.31151408,0.27461824,0.036538243,0.051671017,-0.0040732264,-0.27700117,-0.12129019,0.011550506,-0.003010769,0.08835526,-0.24966367,0.09933252,0.20382619,-0.062546924,0.09164635,-0.0030302135,-0.21556893,-0.07360452,-0.07271598,0.027952716,-0.101585045,0.03157925,-0.25203106,-0.05276869,0.077496774,-0.20554398,-0.1509858,0.059617683,-0.44197768,0.10841688,-0.00021793909,-0.25939745,0.33375922,-0.08673865,-0.19706945,0.109591216,-0.13290857,-0.18750821
143,finance,-0.013223385,-0.07658865,-0.082920514,0.026837803,-0.053756386,0.25991738,0.08183592,0.13005956,0.02510876,0.03990437,-0.2574993,0.11655804,-0.004114691,0.33953962,-0.18187341,-0.18805356,0.08324195,-0.30319864,-0.21169199,0.07956948,0.18520284,0.040702943,-0.16888668,-0.0054452904,0.07148457,0.041735694,-0.06095112,0.10185956,-0.19429033,-0.042508103,0.1719505,-0.25696042,0.13441451,-0.040150896,-0.013819247,-0.2785774,0.20379218,-0.25416952,0.014735039,-0.06505876,-0.035959575,-0.15549129,0.17282815,-0.12550373,0.03572377,0.08953798,0.17777902,0.22170146,0.3372281,-0.2358883,-0.020183105,-0.43114445,-0.057277273,0.060558643,0.1003787,-0.1263224,-0.098024316,0.06339857,0.100885935,0.31446728,-0.17689258,0.09848821,-0.28434014,0.2622686,0.05226494,-0.003228547,-0.043425266,-0.17158096,-0.081785135,-0.06511232,-0.032293793,0.0009799442,-0.14628054,0.0698955,0.123343304,-0.032981265,-0.0016095813,0.034330737,-0.12561572,-0.09228743,0.012592871,-0.017121999,-0.10843636,0.06586833,-0.16298133,0.030414132,0.040599898,-0.26764134,-0.10460571,0.1037018,-0.34318313,0.14810736,0.03863257,-0.26738772,0.20327489,-0.049710024,-0.07752197,0.16313004,-0.08819992,-0.15299793
144,finance,0.041845843,-0.013528,-0.12408516,0.047856454,-0.12865448,0.24470784,0.059730258,0.17762977,0.0754816,-0.07142825,-0.4189403,0.16155396,-0.03606851,0.40643638,-0.231893,-0.27161527,0.12540048,-0.35856944,-0.22008613,0.023663351,0.19187178,-0.1076307,-0.18072368,0.08948985,0.15126897,-0.048131593,-0.052239016,0.14490701,-0.21942914,0.0052627223,0.22309364,-0.32701162,0.15579927,0.023216577,-0.06502648,-0.1993706,0.31434605,-0.22792728,-0.016623557,0.034381095,-0.12009206,-0.18632376,0.19970736,-0.10774745,0.11602507,0.11155772,0.18013334,0.30858943,0.31108227,-0.33581394,0.0012235362,-0.52493054,-0.10153567,0.052271992,0.13804524,-0.03200805,-0.20753305,0.060594838,0.06506143,0.31859523,-0.09918084,0.09317608,-0.26330522,0.2771734,0.049655326,0.026474547,-0.008220318,-0.30094883,-0.083682805,0.01823746,-0.011006994,0.07795573,-0.21417364,0.09776965,0.21009538,-0.0706504,0.072287835,0.02283116,-0.19671334,-0.08170027,-0.089478426,0.023789782,-0.08853708,0.03864108,-0.24695155,-0.055296108,0.065835804,-0.19820695,-0.1447919,0.06587376,-0.4626843,0.10556946,-0.006110018,-0.2606511,0.3051993,-0.084971026,-0.1988212,0.14506035,-0.12145418,-0.17490518
145,finance,0.04946352,-0.0073154294,-0.1224621,0.057857838,-0.13651642,0.24674003,0.05822125,0.17060743,0.06943178,-0.07993379,-0.4233091,0.15811612,-0.031430166,0.4183821,-0.23388803,-0.2674421,0.116826355,-0.34822926,-0.21988614,0.015667165,0.17975935,-0.13178556,-0.19974409,0.09326181,0.15255,-0.07959672,-0.06020517,0.14301589,-0.21496245,0.006189089,0.22678173,-0.32245672,0.15288104,0.029301193,-0.049041703,-0.19207014,0.30204806,-0.2113008,-0.04121036,0.045458384,-0.14444858,-0.20686397,0.16620852,-0.1301404,0.149679,0.107131824,0.1647903,0.3042318,0.2811498,-0.33855787,0.0019052391,-0.52945435,-0.09529164,0.048460353,0.1498284,0.0031406377,-0.2071367,0.030812051,0.068955004,0.31324372,-0.08851465,0.09457641,-0.29001048,0.27565277,0.03498552,0.039663088,0.015364752,-0.28854632,-0.11883629,0.038731463,-0.0031381813,0.09817859,-0.2540682,0.10209309,0.20565116,-0.06923523,0.08938763,0.011051711,-0.2019893,-0.069972984,-0.091232166,0.036917694,-0.08200554,0.023012381,-0.27175575,-0.043544453,0.0689604,-0.18431635,-0.14359768,0.053199403,-0.4775302,0.0914605,-0.007979653,-0.2689474,0.33413082,-0.09145598,-0.22392707,0.12423712,-0.12955154,-0.17972268
146,finance,0.056526985,0.0025852432,-0.11856942,0.060833726,-0.14301431,0.24145691,0.06352294,0.17707926,0.058743786,-0.10406728,-0.45178035,0.17061146,-0.027260235,0.4364786,-0.2379191,-0.2861275,0.11642854,-0.36780986,-0.22648828,0.010372295,0.18063354,-0.1559541,-0.20400226,0.11230111,0.1524699,-0.095415376,-0.06098942,0.14343259,-0.21544021,0.011899125,0.23506358,-0.3334718,0.15059929,0.03519336,-0.053141486,-0.18226112,0.31862676,-0.21972285,-0.053503335,0.058394264,-0.15653045,-0.21770722,0.18599953,-0.13255367,0.15919681,0.11525351,0.17097923,0.32090208,0.27468804,-0.34348786,-0.00031020422,-0.54444915,-0.09163716,0.047491074,0.1718029,0.021524994,-0.22251599,0.025814116,0.052375697,0.32079518,-0.07435068,0.093950704,-0.2894161,0.2816926,0.034724765,0.043796692,0.026245255,-0.3078542,-0.1295629,0.051841754,0.0036967085,0.11178899,-0.26551068,0.099104434,0.21257263,-0.06914932,0.09209155,0.011682734,-0.2085879,-0.06103995,-0.10765109,0.042081587,-0.07951125,0.01713404,-0.2902718,-0.05900584,0.07183983,-0.17255677,-0.15420721,0.04376683,-0.495732,0.08546879,-0.022401981,-0.26783514,0.3550495,-0.09990411,-0.23587601,0.121177204,-0.13153619,-0.17750432
147,finance,-0.013276622,-0.085471235,-0.08989487,0.020823512,-0.042983875,0.25861323,0.09800236,0.12398586,0.01644188,0.0368158,-0.24789174,0.12037616,-0.005805018,0.3335327,-0.185015,-0.17231484,0.08506992,-0.28936252,-0.19721562,0.07653492,0.1921042,0.046899304,-0.15684378,-0.012284147,0.07994205,0.055537466,-0.068472266,0.10366072,-0.19840929,-0.048188306,0.1657867,-0.24808432,0.14143673,-0.045863565,-0.011117933,-0.27948648,0.19148703,-0.25667068,0.0056698904,-0.060457,-0.03141759,-0.15322806,0.18260112,-0.11912507,0.035987604,0.08822394,0.1856178,0.21922292,0.32979894,-0.237154,-0.032839056,-0.41138944,-0.06373836,0.052850004,0.10137074,-0.1370577,-0.09809616,0.07196651,0.09351868,0.3165909,-0.17459482,0.092875116,-0.27691984,0.26214048,0.05168724,-0.0265716,-0.039091114,-0.17093545,-0.082813695,-0.07186401,-0.046699636,0.006025145,-0.14487825,0.08565272,0.12261213,-0.048993535,-0.01600731,0.044800185,-0.120515354,-0.08274369,0.0074468767,-0.020815521,-0.100491844,0.070511654,-0.16187766,0.046966463,0.035719294,-0.28094628,-0.08931147,0.10762016,-0.34160608,0.15338875,0.0403581,-0.27835375,0.18100396,-0.043231428,-0.09161221,0.17068857,-0.07829759,-0.15526341
148,finance,0.055019256,-0.0010638679,-0.11790884,0.058282916,-0.13813087,0.24129106,0.066854596,0.17401811,0.05546273,-0.098858766,-0.44205126,0.1686693,-0.02752944,0.43021184,-0.23620519,-0.28142065,0.11498083,-0.3630509,-0.22517814,0.013102014,0.18129982,-0.14699066,-0.20025913,0.10513409,0.1487286,-0.08640738,-0.06285096,0.14166285,-0.21526231,0.008582551,0.2313529,-0.32871485,0.15126087,0.030302338,-0.051472943,-0.18681133,0.30996355,-0.22140926,-0.05126652,0.053011045,-0.14951935,-0.21341804,0.18699713,-0.13128257,0.15303339,0.113441534,0.17158912,0.31561548,0.2755918,-0.33880347,-0.004081549,-0.53651166,-0.090667665,0.04759736,0.16765107,0.013427597,-0.21541782,0.028668163,0.053657882,0.31942257,-0.07922681,0.09337917,-0.28726175,0.27946898,0.035515994,0.03856908,0.024079693,-0.30169111,-0.12577966,0.04608901,0.001349872,0.106967814,-0.2595158,0.09919766,0.2084511,-0.06909202,0.08571026,0.014561529,-0.20347294,-0.061881654,-0.10156528,0.039206233,-0.07924828,0.019900195,-0.28405818,-0.052967913,0.06960326,-0.17712392,-0.15026186,0.04736606,-0.48973885,0.08862622,-0.019339541,-0.26925677,0.3452135,-0.09692931,-0.23030262,0.12473247,-0.12796757,-0.17598577
149,finance,-0.077341534,-0.074491546,-0.06201689,0.035128668,-0.04063012,0.3321887,0.083164275,0.18135674,-0.04955522,-0.009335574,-0.29085475,0.18241647,0.102107234,0.44284922,-0.17703849,-0.16082232,0.047508277,-0.3897292,-0.22380807,0.049966153,0.15355659,0.0045406576,-0.2287464,0.091060385,0.03812907,-0.07675657,-0.010702893,0.088682376,-0.14708382,-0.067898534,0.15629363,-0.24684672,0.075099364,-0.06851841,0.03153561,-0.23922488,0.339051,-0.35376334,-0.065097176,-0.020535013,-0.08162031,-0.25657338,0.19901024,-0.21339676,0.057175424,0.09442118,0.23035154,0.2876576,0.3198294,-0.1987919,-0.01466012,-0.44184697,0.040379807,0.046642493,0.27054685,-0.0069604586,-0.15084994,-0.0067260605,-0.010981418,0.41705132,-0.14156012,0.11466428,-0.41264594,0.3292597,0.014270716,0.06241086,0.013256039,-0.22748365,-0.24652472,-0.05854875,0.01153726,0.08626632,-0.23418412,0.07850442,0.08643684,-0.06170155,-0.040648896,-0.0074528106,-0.18507373,0.016280819,-0.07474978,0.061911594,-0.12746827,0.056899223,-0.19658867,0.029903565,0.10803904,-0.30314758,-0.198961,0.0081277415,-0.3490714,0.20236546,-0.028720327,-0.2559796,0.30021486,-0.115412265,-0.07552373,0.11654239,-0.0949375,-0.12461872
150,finance,-0.0035629722,-0.085794605,-0.084042706,-0.004146666,-0.045516122,0.24376275,0.12048337,0.11324885,0.008529037,0.029671941,-0.24065687,0.1153844,-0.0056092874,0.31719574,-0.18332866,-0.17930065,0.08573584,-0.28243724,-0.18839553,0.08156279,0.20115744,0.04146008,-0.14690456,-0.021196617,0.078763254,0.074533395,-0.08221088,0.10512631,-0.19616836,-0.047378857,0.15388328,-0.24805912,0.15597825,-0.050526142,-0.019191843,-0.2771913,0.16486767,-0.2625243,0.005533766,-0.064343646,-0.01802854,-0.13389236,0.20126091,-0.11410504,0.02307512,0.092024736,0.18986677,0.21171336,0.31186345,-0.2361245,-0.055568065,-0.38905013,-0.06994631,0.047222406,0.10196873,-0.15591086,-0.09098344,0.081641935,0.0850022,0.28828508,-0.17316787,0.07322396,-0.24941386,0.25409195,0.05469461,-0.04504325,-0.033926286,-0.17146213,-0.072867,-0.06565132,-0.04969371,-0.006082381,-0.121342964,0.079238705,0.11693577,-0.040520277,-0.040660135,0.06797418,-0.09277919,-0.07940593,-8.769551e-05,-0.023664653,-0.092206314,0.072283976,-0.16241993,0.055338692,0.02063785,-0.27326962,-0.079995774,0.107755326,-0.35313055,0.14849314,0.035571866,-0.28488725,0.15347391,-0.037124928,-0.08458004,0.19468088,-0.07234017,-0.14081024
151,finance,-0.017088633,-0.08555005,-0.08689061,0.018284013,-0.045659177,0.26415017,0.10306507,0.12774855,0.0032182585,0.026435412,-0.25086102,0.12539954,0.005052322,0.3447837,-0.18384105,-0.17030995,0.079391845,-0.298167,-0.20136516,0.07720551,0.19185574,0.043149743,-0.16505459,-0.007795885,0.07420763,0.04424416,-0.06941084,0.10237069,-0.19347645,-0.05080544,0.16565819,-0.24744573,0.13649386,-0.04918532,-0.0036967408,-0.28021368,0.1941213,-0.26356256,-4.0953815e-05,-0.058264565,-0.035730164,-0.16114429,0.18036292,-0.12793083,0.043357,0.0889346,0.18854284,0.22404882,0.32491735,-0.23354273,-0.03583618,-0.41542023,-0.057564296,0.0479033,0.11661793,-0.12891564,-0.09740255,0.06265423,0.08895565,0.32137206,-0.17439601,0.094748914,-0.2884229,0.27200872,0.05085313,-0.02075852,-0.028056826,-0.1663815,-0.0949634,-0.06476356,-0.038814805,0.014755134,-0.1508021,0.07947154,0.11948148,-0.04772845,-0.019013349,0.038925707,-0.1212578,-0.076758325,0.0014592666,-0.018177042,-0.10156413,0.064386174,-0.17069253,0.054009326,0.03734492,-0.28337845,-0.09350484,0.10029998,-0.35016662,0.15643074,0.035146307,-0.2808219,0.1938006,-0.05029634,-0.092691876,0.16550602,-0.080358565,-0.15244353
152,finance,0.0017498882,-0.07085823,-0.071590945,0.040342472,-0.037297953,0.23917942,0.10556803,0.10583261,0.0010154034,0.047230765,-0.2577524,0.100947574,0.0030019484,0.3300632,-0.19873539,-0.19426718,0.046835516,-0.3164397,-0.19920896,0.072867766,0.17872465,0.013569325,-0.14975046,-0.007124426,0.056834534,0.058062024,-0.07510174,0.09612247,-0.20398794,-0.048373975,0.15392826,-0.24714686,0.13890232,-0.052532762,-0.019391377,-0.28671077,0.19493105,-0.27729726,-0.016181407,-0.058314253,-0.015244119,-0.15813684,0.19944791,-0.14317143,0.044381373,0.09494725,0.1846934,0.22567558,0.3082543,-0.25420493,-0.034792718,-0.39441547,-0.046298414,0.060055044,0.12694366,-0.114322454,-0.08241087,0.05415277,0.081498146,0.29600918,-0.1511477,0.08756404,-0.28556928,0.2260969,0.043590177,-0.02831283,-0.03101449,-0.1829735,-0.11110251,-0.0683989,-0.018891707,0.023502363,-0.16645975,0.072789185,0.118284754,-0.034777712,-0.013237892,0.056020744,-0.11848052,-0.07780828,0.0038266364,-0.013825072,-0.106804,0.07913479,-0.1855683,0.04789373,0.04215239,-0.26873308,-0.10013049,0.11081134,-0.3441521,0.13702929,0.03742846,-0.2788773,0.19202274,-0.046046227,-0.06792842,0.17323986,-0.08000678,-0.13973773
153,finance,-0.063824095,-0.0794576,-0.074154176,0.013767594,-0.032818425,0.30427173,0.093255706,0.16875802,-0.028691016,0.0098670805,-0.2661063,0.16991314,0.07120423,0.3957328,-0.17690118,-0.16815664,0.06930604,-0.36294886,-0.21460915,0.06455686,0.17422135,0.036153663,-0.18134452,0.05474406,0.043392,-0.0047336766,-0.021732148,0.097272635,-0.1593269,-0.062392138,0.1449159,-0.24545154,0.102016434,-0.07430655,0.004473374,-0.25475618,0.29968813,-0.34279636,-0.023331078,-0.041987557,-0.04164009,-0.19833209,0.22514416,-0.16872442,0.00993603,0.09390346,0.22614993,0.26253006,0.33910283,-0.20103575,-0.028420161,-0.4159401,0.01024305,0.04712166,0.2103334,-0.076889634,-0.13301992,0.03750513,0.011265102,0.38255692,-0.15957063,0.10154416,-0.34384373,0.30609578,0.041163843,0.023259798,-0.02551931,-0.21955307,-0.16189231,-0.07875393,-0.010019832,0.041558973,-0.16457391,0.0771785,0.09642551,-0.060665835,-0.059052553,0.022617916,-0.1605484,-0.020224266,-0.045858964,0.033112694,-0.12349031,0.081291474,-0.15233737,0.034587182,0.08609988,-0.303343,-0.17216294,0.04621211,-0.3318224,0.20402177,-0.01028576,-0.25377497,0.22870839,-0.0891978,-0.05300435,0.1598499,-0.07879362,-0.123133294
154,finance,-0.022818308,-0.07663963,-0.09160681,0.03199153,-0.05759463,0.27520895,0.075852446,0.14624523,0.029441288,0.03816043,-0.2805047,0.11945166,-0.0039134654,0.36679363,-0.19014287,-0.19119371,0.09718541,-0.32495737,-0.22698922,0.086558074,0.19005321,0.061588105,-0.16335468,-0.019653235,0.07294915,0.049743064,-0.058078364,0.11829356,-0.20358017,-0.055484124,0.18048483,-0.27709597,0.13834073,-0.04579499,-0.018602839,-0.28891268,0.23059405,-0.2607283,0.033698864,-0.067007884,-0.039099682,-0.15463656,0.16804732,-0.12169041,0.03109299,0.088240914,0.17644142,0.23302616,0.37925145,-0.24245602,-0.008621903,-0.46603796,-0.06666713,0.07379786,0.08346684,-0.14825521,-0.100273594,0.07013333,0.114463106,0.33718458,-0.19570057,0.11667634,-0.30543244,0.28886783,0.072909705,-0.0002946357,-0.061832502,-0.16497341,-0.051264595,-0.07372156,-0.03157906,-0.0012812865,-0.13557908,0.07099958,0.14581805,-0.04442573,0.012901564,0.015496374,-0.14241311,-0.12189754,0.023783501,-0.03423079,-0.11870161,0.06751452,-0.1629059,0.03306404,0.04279607,-0.28659979,-0.101453505,0.11680559,-0.35541815,0.16506921,0.06039506,-0.28383598,0.21818794,-0.046283383,-0.07281443,0.16628896,-0.09482209,-0.16841805
155,finance,-0.01860467,-0.07287526,-0.08751868,0.025361147,-0.050266318,0.25242743,0.07631287,0.11825807,0.0387827,0.05133489,-0.23760638,0.09405979,-0.01549248,0.3216763,-0.17734405,-0.16923727,0.087199345,-0.27855894,-0.2002166,0.07892724,0.17578281,0.054119788,-0.15258786,-0.03741065,0.07441764,0.060578987,-0.06792421,0.10255728,-0.19108959,-0.044736728,0.16602583,-0.24693811,0.14455992,-0.04025133,-0.0127030965,-0.27322227,0.18492936,-0.22861728,0.026447332,-0.070841335,-0.031021468,-0.14187738,0.14125378,-0.120499715,0.03485382,0.07809236,0.15778947,0.19573931,0.34201586,-0.23491324,-0.009967402,-0.4146757,-0.069251776,0.06186514,0.05761305,-0.14279217,-0.07897061,0.06483274,0.12144137,0.29307708,-0.18393289,0.10375747,-0.2803667,0.256389,0.06184591,-0.010229158,-0.057692856,-0.14183655,-0.051863845,-0.06755054,-0.042811003,-0.0058777775,-0.13632703,0.07347618,0.12935892,-0.04009525,0.011660393,0.024193011,-0.1206493,-0.11720895,0.030241713,-0.029993428,-0.10317058,0.06556907,-0.14481592,0.051484797,0.030592663,-0.27056754,-0.073086895,0.116648674,-0.33439535,0.14514498,0.06613191,-0.2742485,0.18073696,-0.036745034,-0.07586462,0.15804562,-0.08990494,-0.1546782
156,finance,-0.0042475015,-0.09526466,-0.10152854,-0.020903168,-0.036279954,0.25932455,0.13918039,0.123677135,0.011908135,0.037110154,-0.2377467,0.12944305,-0.016073443,0.31492674,-0.18984883,-0.17619245,0.100603834,-0.28620476,-0.1900569,0.0857188,0.22208035,0.062808104,-0.12961571,-0.035665933,0.087423086,0.096840605,-0.085493065,0.11289868,-0.20500699,-0.05513049,0.15232645,-0.25248724,0.17817111,-0.063468516,-0.023698393,-0.29218945,0.16708948,-0.28970522,0.014563122,-0.07509709,-0.0026865217,-0.13060547,0.23173122,-0.11466949,0.0005310823,0.088186406,0.20765834,0.21745533,0.34319368,-0.24934487,-0.065832704,-0.38710302,-0.076174706,0.0415093,0.09785062,-0.18611844,-0.09453685,0.10507064,0.082744144,0.3080676,-0.18696524,0.0714946,-0.25154027,0.2625469,0.065317415,-0.06237846,-0.047687937,-0.191083,-0.05939244,-0.074393325,-0.06572955,-0.008949637,-0.10365141,0.09855951,0.115232795,-0.058719866,-0.06203278,0.079494365,-0.084991954,-0.087528005,0.00147323,-0.025484283,-0.09702669,0.09410012,-0.14972252,0.071220726,0.021961344,-0.30181402,-0.082025625,0.120142736,-0.35466608,0.1693287,0.03638968,-0.2954462,0.12741727,-0.03898585,-0.085732274,0.22057943,-0.06570115,-0.14595318
157,finance,-0.038220547,-0.07298497,-0.08450784,-0.010182875,-0.049578283,0.28083578,0.11646749,0.15721963,-0.004277332,0.008545991,-0.27120656,0.14440718,0.02761018,0.35904872,-0.17168444,-0.16964304,0.08774136,-0.32842726,-0.2042283,0.079848975,0.17809692,0.03941875,-0.15887877,0.024480447,0.06529726,0.029042445,-0.035355385,0.11211009,-0.16592078,-0.056165192,0.14795068,-0.24854185,0.13461867,-0.056252465,-0.009760098,-0.24427685,0.2596413,-0.31548318,-0.0010548707,-0.05705544,-0.033077907,-0.15511094,0.21055265,-0.13973293,0.0026745244,0.08357057,0.21244717,0.23642868,0.33565214,-0.22850564,-0.03135977,-0.40360403,-0.025366861,0.043443646,0.15622851,-0.118778326,-0.12812045,0.058228783,0.041909095,0.3266654,-0.16338289,0.08333602,-0.2931926,0.2965488,0.046383306,0.004283112,-0.036200035,-0.20247968,-0.11390633,-0.063011125,-0.035480972,0.020015972,-0.12088322,0.0728175,0.10825405,-0.050762847,-0.059995264,0.043859277,-0.12668772,-0.061275695,-0.04692415,0.012366985,-0.10871161,0.070656195,-0.14995003,0.036333747,0.05087812,-0.28299016,-0.13326776,0.0669352,-0.34980538,0.17877206,0.01032167,-0.2600673,0.19886774,-0.05991838,-0.061314434,0.17852998,-0.07483634,-0.12558372
158,finance,0.03143607,-0.050016046,-0.15549769,-0.053981,-0.072083294,0.29833034,0.16854498,0.20519273,0.18583894,0.03406855,-0.2944214,0.18962634,-0.08197505,0.2626808,-0.22868666,-0.30854803,0.19565198,-0.2783531,-0.15708831,0.064435326,0.29869354,0.088870585,-0.092841,0.055426992,0.20416799,0.14283481,-0.013699546,0.21030572,-0.24993347,-0.022786828,0.17815341,-0.29724452,0.18941115,-0.011431797,-0.11348672,-0.26091382,0.32645243,-0.34537512,0.088831015,-0.04541867,0.018294293,-0.045573734,0.36917654,-0.004992328,-0.115828484,0.08884991,0.29704252,0.29451486,0.39049205,-0.39038146,-0.08137165,-0.4482005,-0.16307189,0.016135428,0.061323438,-0.2737466,-0.20473038,0.27330554,0.035626598,0.2833885,-0.15350145,0.01973758,-0.10414494,0.2496411,0.020592215,-0.07471347,-0.12176795,-0.47524765,0.045569744,-0.06394814,-0.12187088,-0.055390798,0.014189545,0.15737589,0.15240507,-0.08492366,-0.10213904,0.1913363,-0.098103054,-0.121703506,-0.11068985,0.018032873,-0.10663909,0.112525254,-0.051896404,-0.062016923,0.087610334,-0.3289656,-0.15458307,0.08562278,-0.4077513,0.2055041,0.00091163494,-0.27045614,0.019077929,-0.013492487,-0.13329162,0.31941,-0.028558921,-0.16631623
159,finance,0.017801447,-0.09089323,-0.1014423,-0.046083625,-0.052795976,0.25329012,0.17071068,0.13290645,0.015101313,0.0054022237,-0.27023593,0.13578549,-0.02200563,0.31094512,-0.19797496,-0.20818259,0.10236121,-0.29779375,-0.18795843,0.09393271,0.24193312,0.039274137,-0.12916674,-0.00790281,0.09858045,0.10316578,-0.08461565,0.12524866,-0.20922273,-0.045872074,0.1559551,-0.2809573,0.18916525,-0.050627936,-0.044653382,-0.28078932,0.18558836,-0.30379924,0.019312492,-0.06885358,0.0040248646,-0.11315602,0.2807506,-0.09545266,-0.00073304214,0.10258487,0.22988546,0.24272765,0.32449955,-0.28254423,-0.081708364,-0.39898625,-0.08878604,0.039078526,0.11836919,-0.19447784,-0.11881072,0.123010434,0.061057866,0.28701106,-0.17167227,0.040751874,-0.20285118,0.27288547,0.060557958,-0.07497882,-0.039752558,-0.23686953,-0.061275538,-0.05190364,-0.070769474,-0.009612504,-0.08210436,0.0916565,0.12177489,-0.045487102,-0.08722034,0.11757565,-0.072529845,-0.083595656,-0.035487,-0.022293022,-0.09037157,0.07724563,-0.17016971,0.048232373,0.009827805,-0.2862595,-0.08793884,0.10548222,-0.39213637,0.15653928,0.015187203,-0.29755926,0.12120477,-0.034437638,-0.095402725,0.25097337,-0.052366603,-0.13048281
160,finance,-0.014604133,-0.090778574,-0.087752454,0.005264123,-0.042897627,0.25860506,0.10929602,0.123383656,0.013878428,0.038044218,-0.2368418,0.12054648,-0.007945713,0.32712266,-0.18053181,-0.17414354,0.08692634,-0.28607008,-0.1962802,0.08498494,0.20342349,0.059941,-0.1505747,-0.028331246,0.07952964,0.07131076,-0.07554665,0.10451002,-0.19679038,-0.049520858,0.16041142,-0.24876489,0.14945433,-0.051632974,-0.011776828,-0.28895006,0.17800204,-0.26609495,0.014877677,-0.07001413,-0.020212313,-0.14031474,0.19182704,-0.117567144,0.021432916,0.08607556,0.19120973,0.21199103,0.3309979,-0.2366698,-0.043823447,-0.4056604,-0.06694379,0.0462524,0.09343758,-0.16205959,-0.090151004,0.0811695,0.09641426,0.30899423,-0.18681146,0.08572261,-0.26834473,0.26576164,0.061675075,-0.035131708,-0.04316765,-0.16757809,-0.07000929,-0.07097008,-0.05164258,-0.0072997585,-0.124310456,0.080685176,0.119788274,-0.044349812,-0.030513382,0.057956375,-0.10605798,-0.087434806,0.013200194,-0.028973654,-0.0998788,0.073909156,-0.15297788,0.057280593,0.030520467,-0.28670728,-0.08310964,0.11474532,-0.3445684,0.15862426,0.044731613,-0.2831772,0.16149189,-0.0404657,-0.08465579,0.18779945,-0.07367727,-0.1573985
161,finance,-0.01170296,-0.0751443,-0.09665434,-0.016673522,-0.050996155,0.25052974,0.11054945,0.13131043,0.03486209,0.027419733,-0.24758013,0.12328842,-0.024067758,0.30848974,-0.17954935,-0.18827298,0.107678436,-0.2868634,-0.1922511,0.08592536,0.20664942,0.059243843,-0.12811871,-0.02223837,0.08354624,0.0848285,-0.0635844,0.117336676,-0.19361866,-0.04221298,0.15744747,-0.26023796,0.16553226,-0.045332707,-0.03608114,-0.2660944,0.19656259,-0.26711574,0.042570375,-0.07311807,-0.0051846383,-0.111818284,0.21848887,-0.09345639,-0.0063338676,0.08409274,0.19320227,0.21366177,0.34494945,-0.24868576,-0.041640904,-0.40057525,-0.07932692,0.052284304,0.07621548,-0.17717291,-0.10432577,0.10579066,0.08954088,0.28906584,-0.17892596,0.070611164,-0.22271761,0.2625896,0.07145098,-0.038037576,-0.06464729,-0.1923417,-0.027818233,-0.065115675,-0.059988257,-0.020964475,-0.08096154,0.07745017,0.123081945,-0.044347987,-0.0407205,0.06721947,-0.09468048,-0.10847459,-0.0017001387,-0.026477639,-0.097864866,0.07972988,-0.13182142,0.040804915,0.020849608,-0.27256826,-0.08595224,0.11097689,-0.34544685,0.15469876,0.039000988,-0.2677243,0.13775288,-0.0361365,-0.070260644,0.20875466,-0.065263495,-0.13870145
162,finance,-0.015329448,-0.0815739,-0.08873795,0.030535117,-0.050428502,0.2676819,0.094370395,0.132691,0.016399233,0.03916019,-0.27149782,0.122443624,-0.0030165268,0.35455015,-0.19064568,-0.18656018,0.08768004,-0.31681013,-0.21555378,0.08757056,0.19681796,0.051776715,-0.161184,-0.0173083,0.07282912,0.055043533,-0.06562346,0.11303136,-0.20360509,-0.053630844,0.17720197,-0.266224,0.14327468,-0.046609722,-0.016846806,-0.28904474,0.21052502,-0.2621734,0.017126547,-0.06659241,-0.034032494,-0.15385672,0.17978185,-0.1248678,0.03672094,0.09157948,0.18306772,0.22603776,0.35589674,-0.24532199,-0.020783395,-0.44106224,-0.06468817,0.06286204,0.09611232,-0.14533678,-0.09848199,0.06812348,0.10189148,0.32740128,-0.1862582,0.10065656,-0.29396576,0.27825138,0.0632328,-0.017309008,-0.051531646,-0.17026843,-0.06788653,-0.07272435,-0.03753264,-0.0008829774,-0.14044975,0.07683008,0.13438958,-0.040054847,-0.0038460423,0.032759707,-0.12941496,-0.10679037,0.016002623,-0.030430285,-0.112278305,0.0686001,-0.16886514,0.043069545,0.03602376,-0.29062095,-0.09543313,0.11592225,-0.3583548,0.1608163,0.053668942,-0.28703168,0.20065568,-0.046002,-0.0782159,0.17354305,-0.08788707,-0.1598322
163,finance,-0.03941945,-0.07630355,-0.07673924,0.009152934,-0.041505735,0.2837386,0.10163631,0.15634897,-0.02121573,-0.0023816822,-0.27408758,0.15631582,0.041751407,0.37486807,-0.17774421,-0.16945387,0.073494636,-0.34006545,-0.20679116,0.06453642,0.18091395,0.023976326,-0.17536639,0.040703602,0.057487812,0.0012540584,-0.038768888,0.09618018,-0.16837943,-0.057496626,0.1515283,-0.24688463,0.11454077,-0.05757767,-0.006102675,-0.24788038,0.26308212,-0.31047064,-0.019803006,-0.040977083,-0.04310994,-0.18191597,0.22004038,-0.14868838,0.030906288,0.0907334,0.21746962,0.25731125,0.3191631,-0.21665353,-0.034241635,-0.41016367,-0.014781378,0.04568118,0.18489596,-0.08653301,-0.12941806,0.04885828,0.025942987,0.3528228,-0.1564643,0.09066007,-0.30965948,0.29237947,0.04126945,0.0074235494,-0.01870436,-0.20965062,-0.13583569,-0.062795706,-0.018116776,0.039066564,-0.15587312,0.07895262,0.1062919,-0.05753248,-0.049010243,0.031018963,-0.14045283,-0.031834852,-0.045972444,0.015340486,-0.107980736,0.07063411,-0.17288622,0.031712636,0.0647465,-0.2856394,-0.14544822,0.059820652,-0.34067357,0.18091394,-0.003059916,-0.25724497,0.2175016,-0.078559965,-0.07598795,0.1610381,-0.075558156,-0.13205165
164,finance,0.0033763791,-0.07643132,-0.08424764,-0.008014069,-0.04776809,0.23552291,0.12481017,0.11439994,0.0086374385,0.016047562,-0.23710787,0.116277575,-0.0077333194,0.29883114,-0.17845288,-0.17300315,0.080622524,-0.26606274,-0.17398645,0.074458994,0.19755091,0.03338604,-0.136909,-0.0069593117,0.08088646,0.06578232,-0.07718088,0.103568606,-0.18862385,-0.04280507,0.14606702,-0.23950222,0.15154983,-0.044554915,-0.019326327,-0.255876,0.16495666,-0.25632346,-0.0027470472,-0.053246602,-0.017582385,-0.13013637,0.20822576,-0.11161926,0.024392342,0.08163503,0.19051002,0.21289913,0.2854148,-0.24598227,-0.057435345,-0.36595857,-0.07069896,0.033795793,0.11245186,-0.1420781,-0.09684475,0.08084781,0.07079187,0.27208748,-0.1541538,0.056949146,-0.22868475,0.24107003,0.04398665,-0.045998625,-0.02302024,-0.18573108,-0.077087685,-0.05032068,-0.049601257,0.005487537,-0.11787786,0.0832714,0.10819694,-0.04611646,-0.043803602,0.07625499,-0.0847329,-0.07174877,-0.01638551,-0.015820934,-0.08018328,0.063815564,-0.16211458,0.05152181,0.022724707,-0.26071805,-0.081918575,0.09541122,-0.34541056,0.13550371,0.026067834,-0.2737818,0.14474806,-0.040344525,-0.09497475,0.19008514,-0.06487713,-0.12958115
165,finance,-0.050802555,-0.08338855,-0.07992927,0.03488181,-0.048620984,0.29767194,0.07624635,0.14910209,-0.005403055,0.035762027,-0.26463506,0.13366303,0.03408177,0.3909188,-0.18087105,-0.16706115,0.07692829,-0.34026983,-0.22584687,0.08178658,0.17876372,0.061974086,-0.18317568,-0.0028307633,0.05527235,0.01905997,-0.04781934,0.104751505,-0.18249196,-0.06837142,0.16998014,-0.25974613,0.11711704,-0.06124805,0.0060568587,-0.28167385,0.25131786,-0.28678602,0.0032248455,-0.06567608,-0.04636062,-0.18709883,0.16366515,-0.15566209,0.036132738,0.08408979,0.18866478,0.2360124,0.36677653,-0.21757233,-0.0104185175,-0.45133016,-0.029285973,0.064071864,0.13598906,-0.11564377,-0.10058389,0.04108033,0.08534941,0.3673169,-0.19076712,0.122073725,-0.3500399,0.30238795,0.055648837,0.016717698,-0.045100126,-0.16199332,-0.110139124,-0.081224926,-0.019780118,0.017122185,-0.16437165,0.07136722,0.120569035,-0.048714373,-0.0038973019,0.0016631577,-0.15269004,-0.08510966,0.0070515485,-0.011806966,-0.12403773,0.067532815,-0.1626748,0.050241187,0.059181906,-0.30760613,-0.12318013,0.0945566,-0.34227043,0.18468527,0.04479925,-0.28146407,0.23443799,-0.067613944,-0.06317888,0.14754204,-0.092898116,-0.15426466
166,finance,-0.03582428,-0.091383286,-0.07250956,0.008544687,-0.03278792,0.28736538,0.113004155,0.14586742,-0.03140512,0.014555837,-0.2496492,0.14965071,0.04754328,0.36782452,-0.17733453,-0.15946156,0.060982563,-0.32022318,-0.20177686,0.065855846,0.18538737,0.034636732,-0.1835414,0.021223929,0.056531847,0.010944183,-0.049651418,0.091109715,-0.17406431,-0.062318176,0.15294681,-0.23703152,0.11566866,-0.06737533,0.013765852,-0.2717123,0.22908336,-0.3068717,-0.031865448,-0.050532274,-0.043313347,-0.19424103,0.20206794,-0.16092539,0.04367124,0.09719871,0.21177678,0.2457456,0.3077034,-0.20788303,-0.044026338,-0.40334612,-0.015010619,0.045986675,0.18320514,-0.08997712,-0.10966424,0.042738814,0.034545597,0.3531179,-0.16508889,0.08892326,-0.32292792,0.28732753,0.032471202,-0.005422357,-0.007901816,-0.19065648,-0.16645434,-0.06320274,-0.025254019,0.03800597,-0.17280619,0.08481394,0.09317554,-0.051119786,-0.052693646,0.038326103,-0.12638368,-0.025793966,-0.027023725,0.011475955,-0.108727194,0.06311276,-0.1794678,0.05060137,0.05808703,-0.29421833,-0.12727462,0.060998283,-0.33764926,0.17752221,0.0037214677,-0.27473354,0.20911305,-0.0719832,-0.08376344,0.15925848,-0.07312233,-0.13374463
167,finance,0.006902776,-0.05853679,-0.088404834,0.0005256514,-0.054758772,0.22981177,0.108150646,0.13555367,0.055064198,0.020761244,-0.25335932,0.12653528,-0.024705531,0.28880185,-0.17513663,-0.20508905,0.10043759,-0.29007056,-0.17532317,0.07766866,0.20183572,0.034676474,-0.13125199,0.017032312,0.093739025,0.0649433,-0.03935198,0.11312795,-0.18902542,-0.029461028,0.15850464,-0.25919297,0.14328568,-0.026442608,-0.05476632,-0.24542508,0.21912512,-0.2540214,0.04314709,-0.052794654,-0.013382321,-0.099170595,0.22437876,-0.07369526,-0.0062846197,0.09208175,0.19209981,0.22808225,0.31343046,-0.25332758,-0.030271195,-0.39311776,-0.07851421,0.046270605,0.08189184,-0.15143241,-0.1159819,0.11358075,0.06409836,0.266389,-0.14570168,0.06548507,-0.19464676,0.23770997,0.060123343,-0.027850566,-0.054474853,-0.23223189,-0.035673354,-0.050920665,-0.05052578,-0.015105576,-0.07601877,0.07742144,0.12898374,-0.03281953,-0.033602443,0.077129565,-0.10113634,-0.10153193,-0.029276704,-0.013823908,-0.09577611,0.06939896,-0.12761171,-0.0032505314,0.03353866,-0.2483479,-0.10376805,0.09379481,-0.33280763,0.14241134,0.020392701,-0.23226087,0.13474266,-0.03456811,-0.077129416,0.19591062,-0.06126164,-0.13369702
168,finance,-0.07858768,-0.080507845,-0.06349259,0.031925846,-0.041232128,0.32711017,0.07934106,0.18033198,-0.046997115,-0.0039113215,-0.28436065,0.17464168,0.09483657,0.44063455,-0.17586733,-0.15960605,0.053504303,-0.38187802,-0.22635297,0.055536013,0.1645551,0.022890916,-0.2209181,0.06947951,0.0392842,-0.05582631,-0.015785946,0.08733948,-0.15166304,-0.06953024,0.16038287,-0.24998245,0.077923246,-0.0713252,0.028580746,-0.25147685,0.3230664,-0.33615434,-0.048746675,-0.03562205,-0.07748061,-0.24669482,0.19232002,-0.19876345,0.053942025,0.09719751,0.22361933,0.2817867,0.33466467,-0.19181758,-0.012479606,-0.45193842,0.029420694,0.050780073,0.24483623,-0.03197529,-0.13755651,0.0030952645,0.006513866,0.41562372,-0.15841325,0.119949974,-0.39786053,0.32844537,0.02817363,0.052721303,-0.0010767885,-0.21058005,-0.21832435,-0.0650876,0.0072619827,0.06932713,-0.21712495,0.070111096,0.09535943,-0.058212113,-0.032736313,-0.008899893,-0.18096437,-0.0018357442,-0.05524999,0.03810275,-0.13226947,0.05680385,-0.18797515,0.030272197,0.100022286,-0.3070621,-0.18227758,0.028503733,-0.34058127,0.20411615,-0.016079895,-0.2606619,0.2875539,-0.107033424,-0.07217917,0.1194673,-0.09047665,-0.13093215
169,finance,-0.0046850317,-0.07103668,-0.117115214,-0.023428375,-0.05215296,0.26896617,0.122898415,0.16281429,0.06251852,0.01851185,-0.28328374,0.15882614,-0.031252608,0.32503203,-0.19960488,-0.22236033,0.13036264,-0.3154409,-0.19514757,0.07644722,0.23813887,0.056579307,-0.12401608,0.014295417,0.112232864,0.084644504,-0.042873017,0.13454825,-0.21318547,-0.039300095,0.17000826,-0.282953,0.17201258,-0.03927398,-0.061597653,-0.2703352,0.25702143,-0.3012395,0.049105875,-0.057774585,-0.00280353,-0.10246918,0.27386314,-0.0759405,-0.025205363,0.09181014,0.23016399,0.2620998,0.37036708,-0.28871873,-0.045360975,-0.43443254,-0.09161706,0.04567542,0.09587624,-0.190689,-0.14763913,0.14391813,0.062300775,0.31701222,-0.17003118,0.06498113,-0.20841935,0.27651304,0.07038323,-0.03671999,-0.07481397,-0.27507964,-0.01778179,-0.06944875,-0.06327874,-0.012215742,-0.06463767,0.100338794,0.14606023,-0.062586114,-0.056552637,0.08925082,-0.11269127,-0.10097423,-0.041568086,-0.018366221,-0.10408117,0.0945874,-0.12777878,0.0033020403,0.04438808,-0.28855765,-0.11673001,0.10678485,-0.36165372,0.17381082,0.02342446,-0.262594,0.13206813,-0.042251054,-0.090600364,0.2297706,-0.06288383,-0.15555376
170,finance,-0.030030733,-0.081902154,-0.0973437,0.017123463,-0.06014017,0.2813779,0.092624225,0.12879564,0.034645528,0.053151194,-0.25564417,0.10252792,-0.018748613,0.35414252,-0.18970835,-0.1729012,0.1025897,-0.30431193,-0.21991335,0.09827969,0.19970855,0.07325109,-0.1637589,-0.05039671,0.07743484,0.07241114,-0.07710778,0.11460129,-0.20873345,-0.05579503,0.17205107,-0.27313292,0.16192217,-0.048939157,-0.014178797,-0.29860848,0.19507445,-0.25033045,0.041063398,-0.08336404,-0.026288712,-0.14246483,0.15094846,-0.13008972,0.034903508,0.0753032,0.1743714,0.2043584,0.3750815,-0.25655854,-0.020524291,-0.45339656,-0.08023221,0.060626026,0.061837982,-0.17529903,-0.0851321,0.067229606,0.14392625,0.31538385,-0.21051578,0.11067814,-0.30099854,0.29181328,0.07965868,-0.016390504,-0.06725955,-0.14097711,-0.04187781,-0.07502245,-0.051517855,-0.012201681,-0.1338156,0.07351458,0.13910215,-0.04262327,0.0013966004,0.02629341,-0.12231368,-0.13668689,0.03601155,-0.04289747,-0.1132257,0.0678289,-0.15882969,0.07274811,0.021301499,-0.3024534,-0.07505378,0.13596837,-0.37286317,0.15983935,0.07845379,-0.30823404,0.19154449,-0.041570667,-0.07568304,0.17939107,-0.0947353,-0.16660891
171,finance,-0.0075486903,-0.07913853,-0.096553795,-0.011549239,-0.057270635,0.25608394,0.11213815,0.14153665,0.027688496,0.02031222,-0.27163765,0.13323754,-0.01895243,0.33164597,-0.19020851,-0.20210798,0.107132636,-0.31020334,-0.2045539,0.08479754,0.21823426,0.04914824,-0.14237759,-0.009891528,0.089027144,0.07574061,-0.06476004,0.11775341,-0.2032135,-0.044886738,0.17242017,-0.27357927,0.16384745,-0.04360676,-0.04191401,-0.2775439,0.20923276,-0.27499366,0.041675836,-0.06772433,-0.013982874,-0.1227276,0.23017037,-0.09422595,0.007300358,0.095593475,0.20239204,0.23670459,0.3551681,-0.25378942,-0.04344553,-0.42918065,-0.07945391,0.059749473,0.093859196,-0.17089492,-0.1136471,0.10474803,0.08442931,0.31053758,-0.1845683,0.07858218,-0.23461151,0.27747697,0.07408327,-0.035291333,-0.05974245,-0.20341659,-0.03581343,-0.065969385,-0.05326768,-0.013359814,-0.094585456,0.07755366,0.1382104,-0.042935774,-0.038029302,0.064212814,-0.108933814,-0.101904616,-0.008313651,-0.029183518,-0.1031595,0.081616946,-0.15209877,0.027487755,0.023770237,-0.27943072,-0.09786841,0.11485573,-0.35913208,0.15994795,0.03183682,-0.27486414,0.15771464,-0.041557435,-0.07873204,0.20734128,-0.07073783,-0.15087031
172,finance,-0.01058243,-0.07932273,-0.07769427,0.029558228,-0.047133394,0.25704718,0.09515958,0.121308245,0.015356091,0.041352913,-0.24684677,0.11155984,0.00077887916,0.33680663,-0.180976,-0.1801578,0.074399605,-0.29914096,-0.20273507,0.081472464,0.18325512,0.041752744,-0.16495655,-0.012338846,0.070679545,0.049100336,-0.068085715,0.10072909,-0.19777547,-0.048617583,0.1629215,-0.2522022,0.1329804,-0.04481624,-0.010773413,-0.28206068,0.19661051,-0.25850168,0.005987099,-0.063150615,-0.03446301,-0.15778866,0.17556085,-0.13062422,0.038230177,0.08891862,0.17877293,0.21669164,0.32604307,-0.2343189,-0.02695733,-0.416534,-0.053310122,0.054814246,0.1053656,-0.12953624,-0.0913869,0.060662866,0.09478497,0.3123965,-0.17258711,0.09640739,-0.29060283,0.2583598,0.051366758,-0.013323255,-0.037123222,-0.16447076,-0.090623155,-0.06647785,-0.03446132,0.004250286,-0.14582397,0.073592834,0.120446734,-0.037641972,-0.006983918,0.03916675,-0.122224346,-0.08675132,0.014130325,-0.020060858,-0.104394905,0.06850328,-0.16598125,0.044097323,0.04112126,-0.2756391,-0.09476047,0.10541998,-0.34299898,0.14893149,0.045404933,-0.27463847,0.19401675,-0.045965493,-0.079919286,0.16510694,-0.08302053,-0.15704711
173,finance,0.0029773265,-0.07780733,-0.10196475,-0.010303856,-0.04705448,0.2570631,0.12817611,0.13547327,0.043789815,0.030361507,-0.26241064,0.13124792,-0.023596479,0.31088886,-0.19817223,-0.20564947,0.107361466,-0.28998956,-0.18570118,0.07593483,0.22292015,0.053842865,-0.12724186,-0.009563891,0.10121477,0.091539495,-0.07096966,0.124943174,-0.21049428,-0.046082027,0.16286421,-0.26038128,0.16810048,-0.04485062,-0.040830553,-0.2780236,0.20511629,-0.28480417,0.023859322,-0.05852586,-0.007073557,-0.116233304,0.24166594,-0.09494867,-0.0040800804,0.08775694,0.20972078,0.23566669,0.34037444,-0.27636498,-0.05418355,-0.40434167,-0.09001801,0.041924402,0.09484973,-0.18321395,-0.11461718,0.1226388,0.076221436,0.29441807,-0.16863218,0.06610264,-0.22226356,0.2525243,0.054648425,-0.05151867,-0.055005405,-0.23716412,-0.041121293,-0.068932235,-0.06161728,-0.007056516,-0.09529276,0.09738024,0.13302606,-0.05632579,-0.048112027,0.08595714,-0.09773353,-0.092665486,-0.019312812,-0.020259986,-0.09675479,0.08623544,-0.14323953,0.032763094,0.036771197,-0.2859218,-0.097053654,0.11209217,-0.36105087,0.16015905,0.037095834,-0.28334826,0.13197953,-0.036606435,-0.096784525,0.217814,-0.0680227,-0.15147218
174,finance,-0.060249105,-0.08856872,-0.088802956,0.020072855,-0.038717322,0.30813482,0.0851525,0.15256676,-0.0029395698,0.039088752,-0.2519567,0.14226446,0.03339021,0.38538697,-0.17809415,-0.15359253,0.08456923,-0.33071426,-0.22040275,0.07988305,0.1803276,0.07761998,-0.17401783,-0.014240408,0.060290683,0.023609478,-0.046751417,0.10701317,-0.17861967,-0.06954728,0.16398457,-0.2458696,0.12787496,-0.068871126,0.014654818,-0.28012997,0.24665429,-0.29672518,0.0008723517,-0.068501696,-0.041744437,-0.18753171,0.16594039,-0.16149025,0.027277324,0.07780233,0.19770159,0.22756386,0.37368637,-0.21658133,-0.014847528,-0.44091824,-0.029912703,0.056373335,0.13175976,-0.12688076,-0.10006441,0.046923533,0.08319197,0.37459707,-0.19636104,0.11752623,-0.35474074,0.31232673,0.05339168,0.011930843,-0.046413444,-0.16302979,-0.113962054,-0.08509261,-0.033214245,0.017606076,-0.16288422,0.08375425,0.11135263,-0.05913672,-0.021078704,0.0032777132,-0.14632861,-0.08392177,0.005972568,-0.005106628,-0.12107799,0.07450074,-0.14747155,0.0671134,0.058716964,-0.3210594,-0.11931567,0.09127719,-0.3402126,0.19992854,0.04496477,-0.28784132,0.21821013,-0.06746872,-0.06704989,0.15102327,-0.08981298,-0.15183519
175,finance,-0.003495105,-0.076088,-0.089926414,0.036879495,-0.063174434,0.2739621,0.09087904,0.14406475,0.021147197,0.02155952,-0.2900758,0.1374101,-0.007239827,0.36924064,-0.20066188,-0.20388252,0.096921645,-0.32149014,-0.22196707,0.0750352,0.1996514,0.020992087,-0.1790411,0.013892401,0.08438872,0.029481994,-0.061747268,0.11395018,-0.21236327,-0.04194733,0.18294384,-0.2750337,0.13856311,-0.034687232,-0.0149647035,-0.28271064,0.21714216,-0.26096603,0.0066039506,-0.044523135,-0.056412403,-0.17200509,0.18413351,-0.13000065,0.049788304,0.09800269,0.18767919,0.24062143,0.33518282,-0.254706,-0.022595024,-0.459407,-0.06651085,0.05665779,0.1178921,-0.11586541,-0.119948715,0.062064555,0.094794326,0.32738036,-0.16693556,0.09707965,-0.29408005,0.2746219,0.053134073,-0.003249329,-0.03252437,-0.19928907,-0.0940773,-0.0486953,-0.032167215,0.011659165,-0.16738568,0.08034964,0.13540955,-0.040812608,0.0053752987,0.039029635,-0.14141537,-0.08769153,0.001275769,-0.013486062,-0.10406245,0.05884964,-0.18911962,0.026000615,0.04979775,-0.27433017,-0.11645389,0.097081356,-0.37812176,0.15200268,0.029941771,-0.2821964,0.22791111,-0.059103798,-0.10467116,0.17277841,-0.09119533,-0.16544619
176,finance,-0.069282874,-0.08688516,-0.07053417,0.015191756,-0.031065695,0.30875108,0.09154284,0.15906502,-0.057450917,0.0032493158,-0.25481904,0.16125311,0.076167166,0.40435562,-0.17624931,-0.14216793,0.06085382,-0.35127446,-0.214499,0.064286314,0.17065577,0.04147159,-0.19023512,0.034200747,0.035608687,-0.012214841,-0.039191537,0.088264115,-0.16318688,-0.07230849,0.1429182,-0.23667403,0.09939588,-0.08114698,0.025515037,-0.2587341,0.26668856,-0.3283182,-0.036886856,-0.041872974,-0.050288197,-0.21933727,0.20291306,-0.18068375,0.034252346,0.08710827,0.22110122,0.2606536,0.33089736,-0.19061954,-0.038612146,-0.40874067,0.009757743,0.04523526,0.22041063,-0.07158193,-0.11654503,0.01960444,0.023580896,0.39353552,-0.17031877,0.10953427,-0.37085718,0.31214336,0.037446164,0.019230621,-0.0069073522,-0.18082078,-0.1773627,-0.079100735,-0.007462224,0.05450178,-0.18334746,0.07646224,0.08578949,-0.06964038,-0.052369956,0.0064301263,-0.15166393,-0.010640798,-0.035204805,0.022693595,-0.116932526,0.0743392,-0.17437533,0.062475838,0.0780378,-0.31034926,-0.15044293,0.05319143,-0.32897872,0.20061724,0.00028977144,-0.27364564,0.23866281,-0.09181384,-0.06399926,0.14474139,-0.078812,-0.12796544
177,finance,-0.033338636,-0.069012396,-0.0952336,0.029444633,-0.061714284,0.2830075,0.054101326,0.13277759,0.05782049,0.07061328,-0.26467854,0.0970437,-0.020740781,0.3614291,-0.18918967,-0.18080556,0.10994011,-0.30642906,-0.23053178,0.090243705,0.18396534,0.07005834,-0.16867429,-0.048613135,0.073959865,0.06200331,-0.06737548,0.11724895,-0.20410109,-0.047196697,0.18901661,-0.27444935,0.16279069,-0.041543406,-0.019809242,-0.29321733,0.21956888,-0.23826978,0.05201673,-0.092558116,-0.038103763,-0.1418903,0.133417,-0.13105391,0.033147573,0.07966768,0.15903616,0.2054731,0.4058594,-0.2478471,0.005623482,-0.47583073,-0.07694273,0.0793458,0.04257922,-0.16180733,-0.08651178,0.06926229,0.15381914,0.31999543,-0.2152185,0.12876588,-0.3216653,0.2902726,0.08028505,0.015117751,-0.08354754,-0.14033943,-0.025411665,-0.08038767,-0.041036,-0.014468177,-0.13850965,0.06594428,0.15637037,-0.0428354,0.031929616,0.001988349,-0.14161003,-0.15341398,0.045598716,-0.039744064,-0.12492299,0.07223519,-0.14237517,0.052554075,0.035062745,-0.2956382,-0.07938738,0.1329863,-0.36225235,0.1615079,0.08152258,-0.29157978,0.20999335,-0.040766943,-0.06212127,0.16608304,-0.11025047,-0.17634434
178,finance,-0.01331087,-0.08340561,-0.09908668,0.011670006,-0.04965452,0.2864953,0.11334783,0.13705136,0.04325916,0.047224715,-0.25008187,0.13269632,-0.013897094,0.33425975,-0.19540147,-0.1981958,0.10493247,-0.29309067,-0.19581844,0.08106951,0.2176013,0.064626634,-0.15875082,-0.004175741,0.0977388,0.07170761,-0.064212725,0.12557656,-0.21218394,-0.054209754,0.17011549,-0.25867647,0.1500156,-0.047572307,-0.017901955,-0.2896297,0.21408388,-0.28196535,0.016792491,-0.066787615,-0.026447935,-0.14403012,0.20478047,-0.119286396,0.0057520103,0.08767235,0.20596828,0.2277889,0.3486023,-0.26574007,-0.04293543,-0.42673725,-0.07656954,0.04288271,0.10181757,-0.16647528,-0.11099523,0.101862505,0.09121855,0.3161411,-0.18471865,0.08245099,-0.27254048,0.27069607,0.041554395,-0.02695313,-0.053918518,-0.21965782,-0.068640694,-0.074448146,-0.05954759,-0.012232281,-0.12156292,0.09596155,0.12375221,-0.04793883,-0.030827638,0.07033096,-0.11437459,-0.093548834,-0.005354671,-0.013243721,-0.10597827,0.07490283,-0.14237235,0.04041873,0.04854723,-0.3082619,-0.10355958,0.10414851,-0.36157405,0.17350689,0.039850775,-0.29123104,0.15712337,-0.041510813,-0.09539737,0.20035204,-0.07323802,-0.16130307
179,finance,-0.02013891,-0.07529836,-0.10464119,-0.01407336,-0.059281,0.2681535,0.10516238,0.13890074,0.045146327,0.03453053,-0.26704192,0.120499596,-0.024209501,0.33608845,-0.18662593,-0.19072753,0.11889493,-0.30891603,-0.20831844,0.09474355,0.21547,0.07400163,-0.13681936,-0.037052345,0.086541004,0.082942784,-0.066269405,0.12735482,-0.20373693,-0.048359454,0.1640378,-0.27790216,0.17610462,-0.045777876,-0.037549715,-0.27860528,0.21347645,-0.27004558,0.05430934,-0.081626244,-0.010519397,-0.1144904,0.20889175,-0.10128545,-0.0022587248,0.082467005,0.1926204,0.22266683,0.38229924,-0.26469445,-0.031436343,-0.4362194,-0.0881497,0.058885917,0.06681673,-0.19229257,-0.107174225,0.10587779,0.108826086,0.3058519,-0.19704609,0.08626304,-0.2501323,0.28649685,0.08404021,-0.029039413,-0.07783922,-0.18710868,-0.010030096,-0.07309738,-0.058048774,-0.022839716,-0.082305394,0.07386259,0.14021915,-0.048003457,-0.026412144,0.05159144,-0.10627147,-0.13120157,0.0054528303,-0.0401821,-0.10919621,0.08225493,-0.14003345,0.046005975,0.019673267,-0.29128912,-0.086092226,0.12644136,-0.3624102,0.16285454,0.05688301,-0.28835428,0.15818542,-0.03605549,-0.06821308,0.21064636,-0.07778614,-0.15203024
180,finance,-0.010362902,-0.081641786,-0.08555645,0.043421857,-0.053779613,0.277582,0.087822415,0.14182474,0.013198943,0.03289237,-0.28078675,0.135395,-0.00016320616,0.37012306,-0.19828251,-0.19720039,0.08878588,-0.32465857,-0.22629389,0.07952842,0.19612955,0.033652578,-0.18233402,0.008294314,0.075207844,0.034766704,-0.059154842,0.10975219,-0.2124883,-0.049092,0.18105674,-0.2700677,0.13179389,-0.04192884,-0.0085162725,-0.29260543,0.2148207,-0.2669901,0.005909134,-0.052275058,-0.052284613,-0.17607102,0.18296026,-0.1343508,0.044752926,0.09950156,0.18838151,0.23722667,0.34322837,-0.24461804,-0.019221867,-0.4579812,-0.059281327,0.059990365,0.1196733,-0.12014332,-0.11223064,0.061045952,0.095149636,0.3364922,-0.1735744,0.10500146,-0.30796245,0.2776254,0.05427501,-0.0021012616,-0.036504004,-0.18696184,-0.09841733,-0.05984074,-0.03015993,0.0086311735,-0.16823946,0.07780451,0.13234045,-0.03967012,0.005030987,0.03414746,-0.14248545,-0.08877548,0.012985837,-0.01675937,-0.1094166,0.06143408,-0.18577382,0.030180182,0.050962802,-0.2858694,-0.11662743,0.10033601,-0.3655566,0.15932529,0.034009032,-0.2831275,0.22946209,-0.055926867,-0.093332715,0.16940741,-0.09193824,-0.1678092
181,finance,-0.0071346867,-0.07467868,-0.09149175,-0.01099887,-0.051610257,0.25951567,0.12010401,0.13451013,0.0343002,0.020478401,-0.25921562,0.1368746,-0.014757764,0.33004564,-0.18627916,-0.19783813,0.10300688,-0.30261558,-0.19539402,0.07838997,0.2079235,0.032225512,-0.1507794,0.010485704,0.08637236,0.060151804,-0.05809597,0.11151227,-0.19758578,-0.034744628,0.15770234,-0.2633177,0.1622758,-0.03642912,-0.029349694,-0.26637065,0.21641387,-0.2891018,0.019448722,-0.06144637,-0.018172067,-0.13606265,0.23248175,-0.114127,0.008582445,0.09107872,0.21140216,0.23105066,0.32842827,-0.26060757,-0.045025676,-0.41395828,-0.06857661,0.043407984,0.11603517,-0.14476405,-0.12777895,0.09524938,0.07008266,0.30080193,-0.16151787,0.06716628,-0.23943661,0.26490796,0.057204835,-0.02486052,-0.042243965,-0.21861465,-0.07470112,-0.05554074,-0.055016425,-0.0003524586,-0.115714125,0.080955714,0.11953441,-0.041862473,-0.04859428,0.07743291,-0.1092779,-0.078722015,-0.027521208,-0.0047094147,-0.095030606,0.074084796,-0.15536124,0.030435786,0.034918614,-0.264244,-0.110467546,0.08955441,-0.3607602,0.15049289,0.011997733,-0.2649064,0.16208884,-0.048005197,-0.08626534,0.205333,-0.06894473,-0.13585837
182,finance,-0.016431032,-0.08151929,-0.09255785,0.035246648,-0.046060745,0.27336213,0.08601488,0.13365026,0.036404416,0.06484318,-0.2578157,0.11096969,-0.017541714,0.34566277,-0.19512413,-0.1949977,0.09382169,-0.30974445,-0.21467274,0.0896442,0.20002088,0.07117115,-0.15432332,-0.03926278,0.08156989,0.08346868,-0.0705395,0.115474254,-0.2139625,-0.0522849,0.18540826,-0.2672196,0.14712286,-0.048781823,-0.020393679,-0.3087496,0.20577677,-0.25962353,0.034757167,-0.08122016,-0.022322217,-0.152043,0.17437482,-0.11545811,0.021196103,0.09623581,0.17895135,0.22142303,0.38830715,-0.25211605,-0.011890483,-0.45429564,-0.07653038,0.0710354,0.062914334,-0.16921826,-0.079235554,0.086960115,0.12520519,0.32732648,-0.20323342,0.12007505,-0.29921874,0.2746152,0.06522285,-0.021140816,-0.071185395,-0.1698467,-0.04522694,-0.08653773,-0.04351773,-0.015284399,-0.14368612,0.08121039,0.14645706,-0.04455102,0.009708098,0.034933444,-0.13047826,-0.13045378,0.038065795,-0.039233096,-0.12346492,0.08320331,-0.14902793,0.043516643,0.037442956,-0.3118649,-0.0818036,0.13373715,-0.35244337,0.17542665,0.07477407,-0.29663682,0.18185377,-0.034649868,-0.07645826,0.17731155,-0.08938145,-0.17139815
183,finance,-0.024165742,-0.07725984,-0.07192379,0.034864884,-0.04435762,0.27056023,0.093097046,0.12977888,-0.0009343926,0.03340086,-0.25368828,0.1267755,0.023110952,0.35253564,-0.1825479,-0.17869706,0.06411038,-0.31398338,-0.2076443,0.07648969,0.17174524,0.03574011,-0.18257688,0.008945656,0.058225553,0.024177076,-0.059039455,0.10149586,-0.18644446,-0.052764893,0.16325928,-0.24933964,0.11911689,-0.05146677,0.0026292806,-0.27597746,0.2168131,-0.2786327,-0.014776298,-0.05390964,-0.044001274,-0.17599782,0.1733888,-0.14916357,0.040052745,0.08478224,0.18550941,0.22586425,0.32025063,-0.2259036,-0.021351848,-0.41438055,-0.035535887,0.05406433,0.13505985,-0.10359436,-0.0972567,0.042485595,0.07472464,0.32622364,-0.16236281,0.100000024,-0.31636024,0.27029854,0.039767336,0.0008724803,-0.02381993,-0.17119505,-0.124119766,-0.071631245,-0.023592759,0.01772024,-0.16701226,0.07320258,0.11079539,-0.039169427,-0.011488156,0.032730464,-0.13203526,-0.07055018,-0.0022681295,-0.0033294419,-0.10844362,0.061508283,-0.16828993,0.045396484,0.05045244,-0.2786446,-0.1118382,0.083240144,-0.3440062,0.1595435,0.029906519,-0.27201313,0.21562546,-0.057409488,-0.07524737,0.15470484,-0.088572375,-0.14365542
184,finance,-0.011619709,-0.080560096,-0.090872094,0.02097683,-0.04559091,0.26295477,0.09549872,0.12991592,0.019355109,0.039127495,-0.25077823,0.123468794,-0.003200264,0.33370307,-0.18772326,-0.17949802,0.086703755,-0.29373392,-0.20293589,0.073950276,0.19196501,0.047553286,-0.15422039,-0.013487004,0.07893729,0.05645017,-0.06408366,0.10802543,-0.19884524,-0.04776834,0.1714608,-0.24600965,0.14198303,-0.04821294,-0.007648712,-0.2797837,0.19862817,-0.26224306,0.0029881008,-0.060531676,-0.033418536,-0.15511155,0.18164274,-0.12369451,0.034004003,0.08848739,0.18672726,0.22144362,0.33595967,-0.24087554,-0.028680535,-0.4172471,-0.06418894,0.05369863,0.09959086,-0.13860974,-0.09748247,0.07315598,0.08895132,0.31745002,-0.17642908,0.093655415,-0.28523383,0.26359573,0.051436428,-0.02149002,-0.04051266,-0.17578937,-0.083593644,-0.07095905,-0.04508125,0.006917543,-0.14337537,0.08636114,0.12680817,-0.04920648,-0.01242823,0.04159597,-0.12550075,-0.08944293,0.009140033,-0.018100208,-0.10313934,0.071260676,-0.15887202,0.04470123,0.03863366,-0.28292882,-0.09334238,0.10728568,-0.34384972,0.15660794,0.040986933,-0.28050715,0.18479325,-0.045319013,-0.09033228,0.16712993,-0.08506422,-0.15778744
185,finance,-0.00758935,-0.07571873,-0.08332484,0.01120471,-0.05150202,0.25374132,0.11469219,0.11615975,0.02602743,0.039218977,-0.23684166,0.10861559,-0.012882182,0.31573078,-0.18323845,-0.17993675,0.085903436,-0.27456734,-0.18948512,0.08415813,0.19694184,0.046803664,-0.15468904,-0.019522004,0.0768399,0.064095736,-0.07485959,0.110927664,-0.19666925,-0.049151503,0.1563444,-0.2481594,0.14747444,-0.043712635,-0.015821591,-0.27482006,0.17871612,-0.25484568,0.010685293,-0.06381185,-0.02394616,-0.1349793,0.17725013,-0.12245383,0.02546677,0.07774794,0.17999259,0.20621249,0.3126396,-0.25229773,-0.042898487,-0.39463222,-0.07024956,0.04536951,0.092681706,-0.15010263,-0.0909514,0.074220285,0.097604945,0.27867568,-0.17269194,0.07923523,-0.263709,0.25175261,0.045308042,-0.0282836,-0.03950253,-0.1754495,-0.07088591,-0.06449076,-0.049744725,-0.0046474114,-0.123552635,0.07940717,0.11324515,-0.03921748,-0.02354847,0.06124059,-0.0993825,-0.09384814,0.003702385,-0.019896233,-0.09487685,0.064521216,-0.15603417,0.05724417,0.031156126,-0.27569854,-0.08497375,0.103152044,-0.3542984,0.14642404,0.045735877,-0.2855397,0.16022831,-0.037074987,-0.08355152,0.18968211,-0.07487096,-0.14508297
186,finance,-0.04118714,-0.084508836,-0.0902744,0.0015750789,-0.04473726,0.28708437,0.11210158,0.1468046,-0.0062247477,0.02070445,-0.263293,0.14042069,0.02172796,0.37106332,-0.18332864,-0.17158318,0.08546415,-0.32995224,-0.2125176,0.083752096,0.19358559,0.05772257,-0.16214202,-0.0038724404,0.061070472,0.038364574,-0.056529623,0.11286922,-0.18283704,-0.06795107,0.15835778,-0.2598292,0.14264098,-0.06390919,-0.0071519166,-0.27415815,0.23790441,-0.30257618,0.003537207,-0.06466232,-0.026966821,-0.16204719,0.19832502,-0.14679524,0.0194654,0.0813331,0.20423584,0.23447149,0.35156485,-0.23430578,-0.035319537,-0.4235084,-0.038547106,0.054156765,0.13489892,-0.13728932,-0.10704112,0.060406372,0.06930277,0.34246352,-0.18566895,0.094081335,-0.31403872,0.30057025,0.059203956,-0.011563373,-0.042826116,-0.18241842,-0.099653274,-0.07385296,-0.03554649,0.012222391,-0.13424475,0.08092531,0.113212064,-0.05051842,-0.04196028,0.0340414,-0.1281232,-0.08153386,-0.011838287,-0.010347138,-0.11115402,0.07386211,-0.15952891,0.06122783,0.044287827,-0.30250502,-0.114355296,0.09269843,-0.35844085,0.18267539,0.03532152,-0.2881793,0.19887951,-0.06274334,-0.06695708,0.18198565,-0.08098456,-0.13888294
187,finance,-0.0024180964,-0.09048761,-0.07853058,0.0014196326,-0.031346966,0.24169679,0.12644884,0.10841427,-0.015381898,0.02948126,-0.23165983,0.11412952,-0.0015869145,0.31056383,-0.1851683,-0.1647065,0.07358988,-0.27844706,-0.18383273,0.07766768,0.19935682,0.047544163,-0.13358018,-0.029660963,0.066568226,0.08674983,-0.08847868,0.09847106,-0.19809484,-0.05756575,0.14826278,-0.23201728,0.15080336,-0.060729444,-0.010166187,-0.282814,0.15198883,-0.26881075,-0.008192845,-0.06396716,-0.008501413,-0.14356577,0.21277189,-0.12255576,0.02416108,0.092085205,0.19152837,0.21269102,0.3102243,-0.22808695,-0.05999077,-0.3703579,-0.063728444,0.04337676,0.112949386,-0.15566485,-0.07677964,0.07974501,0.07900678,0.29131952,-0.17058666,0.077137865,-0.2559539,0.24324848,0.04980973,-0.059425276,-0.029516583,-0.16105922,-0.081490025,-0.07162554,-0.045957018,0.0020005326,-0.1299045,0.08327835,0.11108487,-0.047527622,-0.04546573,0.066782154,-0.08937108,-0.06982588,0.008078566,-0.02744789,-0.08987811,0.080200784,-0.1680834,0.06877124,0.019533366,-0.28297937,-0.07490189,0.11412671,-0.33955047,0.15312472,0.039231844,-0.28998944,0.14491685,-0.03887031,-0.08345056,0.19084723,-0.065925494,-0.13667056
188,finance,-0.017312437,-0.0786109,-0.080500565,0.011717299,-0.046144962,0.25269786,0.100370884,0.124620914,0.0051401877,0.025859926,-0.24223499,0.11753257,0.005199163,0.33097982,-0.17567445,-0.17002337,0.079358995,-0.29246372,-0.19669971,0.0787327,0.18367068,0.04185479,-0.15551579,-0.0077413553,0.06653429,0.046121985,-0.06447104,0.101181515,-0.18349808,-0.049735438,0.15460949,-0.2416999,0.13488173,-0.049621187,-0.009056643,-0.264761,0.19061409,-0.2607266,0.0012298784,-0.05870639,-0.030301388,-0.14956832,0.17836198,-0.12620918,0.03043386,0.08487189,0.18319973,0.21429414,0.3161612,-0.22616518,-0.03396972,-0.3948409,-0.0517818,0.050388124,0.114049055,-0.12940308,-0.09267486,0.0603069,0.08072624,0.3011875,-0.1689678,0.08614849,-0.2762003,0.26270425,0.050713208,-0.015158112,-0.033379793,-0.1653444,-0.087146536,-0.06529686,-0.036412317,0.0046453667,-0.13671975,0.07415914,0.1137541,-0.0406582,-0.023432,0.04381385,-0.11429233,-0.077246346,-0.0006629321,-0.013294042,-0.098414026,0.06610149,-0.15818195,0.04875898,0.035719197,-0.2722282,-0.098309375,0.09688882,-0.33844805,0.15500873,0.032656744,-0.27179447,0.18151464,-0.04836637,-0.07478426,0.1682345,-0.07472265,-0.13961966
189,finance,0.0023446167,-0.07949741,-0.090227276,0.003780299,-0.043871284,0.261949,0.13460657,0.11958991,0.030911112,0.03834966,-0.24297665,0.12731057,-0.017318567,0.3122652,-0.19051592,-0.19575591,0.091924585,-0.27768567,-0.17993537,0.0789887,0.21304697,0.04808132,-0.1468744,-0.0047195246,0.09365298,0.077271275,-0.07207924,0.117846236,-0.20848301,-0.050049175,0.15640242,-0.24523996,0.15275538,-0.047684204,-0.023026928,-0.2785145,0.1910875,-0.28202042,0.0032054025,-0.05986411,-0.012980082,-0.13124926,0.22210826,-0.11331685,0.008649609,0.085246995,0.20403992,0.22122568,0.31409287,-0.26687393,-0.05629437,-0.38900167,-0.07416912,0.033431843,0.11119549,-0.16147396,-0.10816961,0.1026492,0.07298008,0.28600177,-0.16398144,0.06587666,-0.248047,0.24746913,0.037546214,-0.045796305,-0.040782906,-0.22193621,-0.077651456,-0.06534249,-0.060009312,-0.0037443542,-0.11423215,0.095470436,0.11117568,-0.045467414,-0.047762275,0.08744782,-0.09547178,-0.07906828,-0.016277283,-0.011552423,-0.090374075,0.07845991,-0.15249313,0.046631463,0.038882982,-0.28858277,-0.097085856,0.09911763,-0.35695457,0.15662187,0.030849569,-0.28428897,0.13804522,-0.034890957,-0.096206285,0.20769116,-0.06391812,-0.14561671
190,finance,-0.035372145,-0.078107335,-0.07849009,0.032708384,-0.046313856,0.27839887,0.08273153,0.1392536,0.0063822516,0.034589283,-0.25533196,0.13190182,0.021914462,0.35935384,-0.17434016,-0.17410155,0.07367873,-0.32342312,-0.21097846,0.08110674,0.17877865,0.052809957,-0.1727331,0.0073861326,0.059981734,0.02950891,-0.045673855,0.10318395,-0.18216938,-0.05699046,0.1599575,-0.25545534,0.118134215,-0.05382066,-0.00645158,-0.27108634,0.23799323,-0.27744773,0.0057338295,-0.061257567,-0.03835364,-0.16659011,0.17798397,-0.13784268,0.02420323,0.08586959,0.18687183,0.23049971,0.34116513,-0.22169083,-0.01369128,-0.4230974,-0.035267062,0.05370044,0.12764534,-0.11807151,-0.10503095,0.053703334,0.07721778,0.33978787,-0.17651501,0.10404351,-0.31100354,0.2810527,0.05266219,0.006678903,-0.04236739,-0.1742948,-0.0953375,-0.07581216,-0.02297944,0.012982698,-0.14666818,0.06877751,0.11961085,-0.044715255,-0.010632108,0.02602327,-0.13766338,-0.07950973,-0.00071433355,-0.008901929,-0.115249306,0.06482718,-0.15295711,0.038432542,0.053454768,-0.29033092,-0.11515832,0.0898334,-0.33259055,0.1727544,0.0351592,-0.2639536,0.209291,-0.05562775,-0.06680195,0.15619321,-0.083109446,-0.1495643
191,finance,-0.016993023,-0.07832628,-0.097960405,-0.016540885,-0.054849077,0.26497236,0.12503643,0.13567854,0.021895176,0.022893555,-0.25713295,0.13055441,-0.016636964,0.33383375,-0.18510215,-0.19009428,0.10248607,-0.30104673,-0.20247023,0.09355433,0.212676,0.05661462,-0.14484903,-0.022210302,0.08189358,0.0736972,-0.07174619,0.12198587,-0.19439913,-0.049885437,0.16327628,-0.27035376,0.1690065,-0.0514271,-0.027674705,-0.27492422,0.19841594,-0.28216544,0.028205983,-0.07439011,-0.011852927,-0.12611248,0.21161836,-0.1131618,0.012153069,0.082133204,0.20404422,0.22105381,0.34452346,-0.2578627,-0.046493396,-0.41456679,-0.07232554,0.052628167,0.09584808,-0.17340797,-0.109705925,0.091627486,0.091597386,0.29977983,-0.18883647,0.07228359,-0.25272775,0.2819542,0.07092441,-0.034790076,-0.053948004,-0.19126436,-0.05515296,-0.06667737,-0.060883485,-0.01427909,-0.100797206,0.08657571,0.12284901,-0.04538196,-0.046216294,0.06636125,-0.1033908,-0.10735164,-0.0071190363,-0.024069395,-0.09947178,0.076646015,-0.15014105,0.056673445,0.023210675,-0.2901306,-0.09289807,0.11004501,-0.37618005,0.1643955,0.042056303,-0.28985438,0.15798496,-0.04315525,-0.07599317,0.20873877,-0.071150705,-0.14313078
192,finance,-0.007667721,-0.076016925,-0.08680927,0.025254395,-0.047250573,0.25647873,0.104740925,0.12364773,0.0145600755,0.03146848,-0.26142883,0.116863415,0.0007514814,0.3396585,-0.19426726,-0.18466774,0.07587264,-0.30503422,-0.20252554,0.070949934,0.18588269,0.024441343,-0.1588253,-0.0017692989,0.072272316,0.04778431,-0.069206424,0.106984235,-0.19890255,-0.046831585,0.16353063,-0.25355396,0.14460383,-0.045737155,-0.011134017,-0.27634114,0.20380269,-0.27330625,-0.012227983,-0.054032844,-0.032940418,-0.15972106,0.18872288,-0.13821304,0.040814295,0.09069317,0.18851522,0.22617328,0.32040092,-0.2524945,-0.034948632,-0.40931666,-0.05697301,0.052306294,0.11754451,-0.12009815,-0.09893564,0.06208138,0.081849776,0.30581215,-0.1635114,0.08896262,-0.2891912,0.25553504,0.04646211,-0.021227323,-0.029740563,-0.18405251,-0.100948066,-0.06178292,-0.0365605,0.018007657,-0.15691786,0.08374736,0.12187293,-0.045087185,-0.014853616,0.046754815,-0.123124674,-0.07771099,-0.0029324712,-0.007899216,-0.09939635,0.06965864,-0.17692816,0.046474975,0.041897576,-0.27194563,-0.10086321,0.09923909,-0.35702813,0.14686258,0.03548931,-0.28321657,0.19636706,-0.050991103,-0.08718765,0.17263672,-0.08666284,-0.14518759
193,finance,-0.082546905,-0.07786552,-0.054247268,0.04602298,-0.035406154,0.33038336,0.07726589,0.17378001,-0.07003706,-0.0005328283,-0.2745047,0.17450823,0.10453815,0.43917954,-0.17397895,-0.15580782,0.041034125,-0.3821172,-0.22430341,0.057331372,0.15369236,0.023059435,-0.22454923,0.081623204,0.019362483,-0.05742008,-0.017198231,0.07544535,-0.15651722,-0.075655885,0.14606695,-0.24239416,0.063912585,-0.07936262,0.032561906,-0.25890878,0.3195214,-0.3438324,-0.05795465,-0.03507691,-0.070251994,-0.25052857,0.19463077,-0.20494606,0.04483858,0.09394208,0.22562066,0.28085548,0.31924763,-0.18032876,-0.016550522,-0.4307723,0.04674256,0.04534284,0.26831892,-0.02103136,-0.12966976,-0.0078242235,-0.004388101,0.42518866,-0.1561365,0.1175077,-0.41226673,0.32590017,0.01981041,0.05574573,0.007220146,-0.20126294,-0.23215134,-0.075697005,0.021290116,0.07148651,-0.21838161,0.06852986,0.083626665,-0.056992967,-0.04015865,-0.0041433093,-0.1842498,0.008330007,-0.04734395,0.046024147,-0.12646689,0.06320686,-0.18901889,0.039929308,0.1077009,-0.30726072,-0.1847222,0.023478154,-0.32408792,0.21088588,-0.018641235,-0.25731274,0.28788176,-0.1059543,-0.05906664,0.119097844,-0.087915525,-0.12446035
194,finance,-0.009819186,-0.07991299,-0.07719104,0.019384382,-0.05000342,0.25506037,0.10253027,0.12123558,0.004028601,0.029566016,-0.25324333,0.11798276,0.00023138167,0.3418784,-0.18809173,-0.18377219,0.08160974,-0.29882416,-0.20651789,0.08143287,0.19123833,0.037026394,-0.16658878,-0.0070248176,0.06369703,0.049169946,-0.076109245,0.10029551,-0.19680358,-0.04863333,0.16434836,-0.2541776,0.14293438,-0.046242326,-0.007851215,-0.28021643,0.18908732,-0.2648332,0.0024996903,-0.060755663,-0.032203965,-0.15717368,0.18662837,-0.13007125,0.04060245,0.08913747,0.18417807,0.22092313,0.3192561,-0.23973627,-0.03846496,-0.41530967,-0.059509013,0.05153845,0.1183257,-0.12962182,-0.09899151,0.06079164,0.09238071,0.30514044,-0.17279452,0.08712254,-0.28093454,0.26198792,0.05216697,-0.020942828,-0.028027002,-0.16839585,-0.091991924,-0.060603283,-0.038598612,0.005102085,-0.14762422,0.07087877,0.11643018,-0.036111645,-0.017582359,0.04715351,-0.1154465,-0.081565656,0.005570879,-0.01890998,-0.09632427,0.06561643,-0.17900622,0.04906273,0.03585724,-0.26883382,-0.099114224,0.10206985,-0.35651907,0.14463149,0.0336653,-0.28462058,0.19766308,-0.05161856,-0.07981764,0.1771213,-0.0825226,-0.14504728
195,finance,-0.058432538,-0.08970374,-0.06751177,0.008725305,-0.024842966,0.31569648,0.122063324,0.15947646,-0.06885205,7.59335e-05,-0.24705052,0.1693364,0.079700105,0.39192685,-0.1786914,-0.14393623,0.04758096,-0.3379012,-0.20106263,0.056350105,0.17859018,0.023885073,-0.19702172,0.046096683,0.037727915,-0.01891062,-0.0427293,0.08159762,-0.1624755,-0.07441346,0.1392358,-0.22919105,0.09894064,-0.08616831,0.031107761,-0.2648963,0.25998923,-0.34419578,-0.060380418,-0.039079648,-0.049632873,-0.23108415,0.2162427,-0.19331431,0.047129516,0.09044429,0.23148699,0.26415548,0.29433227,-0.19701879,-0.05490244,-0.3888744,0.01854352,0.036284026,0.24265368,-0.053407174,-0.11560888,0.016631048,-0.0017372617,0.38833463,-0.15951714,0.089798056,-0.369996,0.3057707,0.016337221,0.0077236146,0.01231494,-0.20516565,-0.22406194,-0.06440064,-0.010378514,0.06467962,-0.19833711,0.09285362,0.06678485,-0.06571233,-0.07661269,0.03266126,-0.1361633,0.010451448,-0.047762647,0.04135738,-0.11096663,0.068416096,-0.19102956,0.06888663,0.08152771,-0.31046367,-0.15148957,0.032757457,-0.33813602,0.19758321,-0.016130948,-0.2787741,0.22976407,-0.095425606,-0.07970575,0.1560607,-0.07282736,-0.12021129
196,finance,-0.07694675,-0.082411885,-0.057009134,0.034781296,-0.028272923,0.32368904,0.08068413,0.17090008,-0.05305178,0.0061200075,-0.26171553,0.17098217,0.091918595,0.41916013,-0.16455775,-0.14876801,0.04593114,-0.3632794,-0.2177648,0.05813438,0.15119278,0.029085537,-0.21549435,0.071245395,0.030188425,-0.05294164,-0.012903489,0.07579873,-0.14751406,-0.07121812,0.1437173,-0.23092546,0.0719208,-0.07326428,0.028372042,-0.24884902,0.30740577,-0.3402305,-0.046980377,-0.037651233,-0.06358476,-0.23684652,0.19108084,-0.19659516,0.042977434,0.09064066,0.22390477,0.26644766,0.31786597,-0.17870049,-0.017630195,-0.41891003,0.040846583,0.045713685,0.24469173,-0.029553957,-0.12995613,0.0054542376,-0.0016824486,0.40681478,-0.15519118,0.11289695,-0.39198878,0.31745368,0.019911863,0.053946055,0.002642681,-0.20388049,-0.2196055,-0.07133781,0.009603542,0.06304966,-0.20815548,0.07267856,0.08022316,-0.05438593,-0.046143223,-0.00042282988,-0.17214634,0.006544394,-0.049747914,0.045266565,-0.12393511,0.061161894,-0.17612942,0.036329582,0.10032956,-0.30315965,-0.18287721,0.022511704,-0.3158244,0.20557097,-0.019624585,-0.245506,0.27074778,-0.10195492,-0.059493307,0.11896469,-0.082994305,-0.12382378
197,finance,-0.012846399,-0.07357124,-0.08373114,0.025967808,-0.058053557,0.25590786,0.07675932,0.13039337,0.034080215,0.04165576,-0.257531,0.112128824,-0.008745083,0.33498248,-0.18022984,-0.19101192,0.08636143,-0.29902488,-0.21057832,0.078715816,0.18460351,0.039508615,-0.16623995,-0.0077650254,0.073225535,0.041931372,-0.06116442,0.10356219,-0.19126639,-0.039306026,0.17334543,-0.2589665,0.1366322,-0.035691656,-0.01756104,-0.2741762,0.2035133,-0.24758852,0.021535538,-0.06558857,-0.03683505,-0.15041973,0.16660622,-0.12258962,0.034600835,0.0882228,0.17162359,0.21750392,0.33854106,-0.23800486,-0.017316096,-0.43328553,-0.060529795,0.06295652,0.08968467,-0.12630787,-0.0967131,0.064563036,0.106429294,0.30741617,-0.17791314,0.09899985,-0.27737784,0.25955665,0.053063232,0.00028323947,-0.048377015,-0.1732321,-0.07368909,-0.05998586,-0.033865966,-0.0036701441,-0.14259149,0.06673313,0.12399544,-0.030587593,0.0054643205,0.03318594,-0.124572076,-0.09750766,0.014003645,-0.017971655,-0.108761065,0.065162234,-0.1602684,0.024868378,0.04119386,-0.25820613,-0.10427013,0.10292293,-0.34289244,0.14191383,0.041497275,-0.2639387,0.2023911,-0.049519774,-0.07635935,0.1621067,-0.08860722,-0.15220368
198,finance,-0.010132512,-0.0816006,-0.08560595,0.049112197,-0.05791947,0.28164425,0.08725644,0.14617316,0.012223753,0.02883384,-0.29212338,0.14199935,0.0030461038,0.3832778,-0.19958836,-0.20189029,0.093681335,-0.3360955,-0.22975503,0.08309719,0.20212032,0.03639268,-0.18518569,0.012174248,0.08128127,0.035003323,-0.055404697,0.11220422,-0.21717794,-0.0533461,0.18398441,-0.27828535,0.12871146,-0.041290205,-0.013744938,-0.29248482,0.22402124,-0.2630858,0.008574661,-0.049748372,-0.056424752,-0.1764892,0.1835422,-0.12626162,0.04542113,0.10346532,0.18921673,0.2443139,0.3490331,-0.24602571,-0.015464785,-0.4721266,-0.06176808,0.06034004,0.121028185,-0.12559098,-0.115136184,0.06351628,0.09699758,0.34306648,-0.1769239,0.10768834,-0.30687526,0.2857216,0.058573272,-0.0012801376,-0.04080045,-0.1911077,-0.089907154,-0.060651265,-0.023243908,0.0061628995,-0.168995,0.07634056,0.14243448,-0.04312602,0.010002414,0.030744178,-0.15118009,-0.09285215,0.013142658,-0.022790277,-0.11386664,0.05977791,-0.18661831,0.025605185,0.052071948,-0.2951784,-0.12015178,0.10575347,-0.3732029,0.16930823,0.036306605,-0.28665608,0.2356346,-0.055122662,-0.09784465,0.16935506,-0.09142941,-0.1733634
199,finance,-0.042929407,-0.07895321,-0.07989261,0.03551141,-0.04643251,0.29091427,0.07517991,0.14228046,-0.0016880848,0.035409566,-0.25513297,0.13913076,0.023873659,0.37701955,-0.18117683,-0.17364019,0.07831867,-0.327543,-0.21594948,0.08001803,0.17842829,0.055420086,-0.18232566,0.010697265,0.058564063,0.02249178,-0.04493539,0.09797381,-0.19000094,-0.060710516,0.16342132,-0.25316057,0.114530884,-0.054449916,0.0014315268,-0.28226396,0.24178198,-0.27845255,0.0035041044,-0.06623695,-0.043809153,-0.18088825,0.17194802,-0.14958021,0.028453613,0.088617615,0.19382167,0.23394023,0.34988886,-0.21567774,-0.012561655,-0.4414817,-0.030743573,0.05375155,0.13936566,-0.11401192,-0.108914375,0.048192035,0.08067029,0.3568188,-0.18480134,0.11570533,-0.32647562,0.2922947,0.049839795,0.0150991585,-0.039817892,-0.16938806,-0.10844415,-0.080258235,-0.017875511,0.012384086,-0.16148601,0.07242932,0.121370435,-0.04525903,-0.006468871,0.021674827,-0.15016511,-0.076768264,0.004386489,-0.009500946,-0.116189905,0.06943734,-0.15927258,0.041991718,0.05896923,-0.2968714,-0.12252169,0.09293884,-0.33306977,0.18168812,0.03284822,-0.27121726,0.22258374,-0.05988482,-0.07170313,0.14685945,-0.083213165,-0.15599783
200,finance,-0.014176744,-0.07087346,-0.08438959,0.01141512,-0.051612657,0.2439786,0.09515307,0.111971624,0.028565943,0.03435635,-0.23309903,0.099961095,-0.0157244,0.31331968,-0.17551453,-0.16534561,0.0845407,-0.27220932,-0.18980993,0.07618212,0.17773455,0.03914293,-0.1503801,-0.026129337,0.073393054,0.056135736,-0.074323244,0.10245777,-0.18675701,-0.04305471,0.15321608,-0.2421862,0.1532207,-0.0418547,-0.012117372,-0.2606207,0.17123976,-0.23796968,0.013852133,-0.063340954,-0.027170533,-0.13795367,0.158163,-0.12685706,0.038389888,0.07450064,0.16674758,0.19396777,0.311297,-0.24056433,-0.02636838,-0.3902926,-0.067314126,0.048512112,0.080957666,-0.13580488,-0.08799667,0.0596249,0.10694066,0.2730432,-0.16903888,0.08200819,-0.2642031,0.24948184,0.055444557,-0.020856244,-0.04170114,-0.15129171,-0.06549129,-0.057794694,-0.04646121,0.0023379836,-0.13463566,0.074192256,0.11593481,-0.041167837,-0.011178197,0.04241242,-0.10646371,-0.09785355,0.010736167,-0.022482652,-0.08938391,0.060639422,-0.15632597,0.05816973,0.02242362,-0.2602651,-0.07791566,0.104835756,-0.34536323,0.13431597,0.048586864,-0.27378616,0.17395306,-0.041683126,-0.08231128,0.1680804,-0.08153878,-0.14101498
