id,isi_berita_clean,label
1,ketua umum komite olahraga nasional indonesia koni pusat letjen tni purn marciano norman resmi tutup program sport diplomacy indonesia timor leste giat langsung september program sebut inisiasi koni pusat lalu kerja sama confederacao do desporto de timor leste cdtl indonesia koni pusat gandeng universitas didik mandalika undikma tuan rumah international student inbound mobility program isimp serta asal universidade nacional timor lorosa e untl marciano nilai olahraga jadi sarana erat hubung dua negara sekaligus dorong tingkat prestasi atlet alangkah indah negara tetangga bangun suatu hidup penuh akrab saling isi kurang dukung hal positif ujar marciano kutip situs koni kenang alam tugas ainaro timor leste buat milik dekat masyarakat tempat hati ini sama saudara saudara adalah saudara juga ingin bangkit sama ingin timor leste hormat negara kata sempat sebut marciano juga serah simbolis lengkap petanque delegasi timor leste undikma sedia bola koni pusat lengkap alat upa bola kecil circle tas masuk bantu kirim timor leste lengkap sebut harap manfaat lanjut kembang olahraga petanque timor leste para delegasi ke negara selamat jalan saudara saudara sampai salam cdtl untl masyarakat timor leste tutup marciano ran adp,sport
2,urus pusat kickboxing indonesia pp kbi periode bawah pimpin ngatino resmi lantik gedung koni pusat senayan jakarta rabu lantik sebut jadi momentum baru kickboxing indonesia pp kbi target bentuk ekosistem bina integrasi atlet amatir profesional tingkat prestasi merah putih kancah internasional ngatino percaya pimpin kbi periode tiga sebut amanah sebut dorong laku evaluasi benah organisasi percaya beri saya kembali pimpin kickboxing indonesia periode tiga rupa buah hormat sekaligus amanah sangat besar apa telah lalu lama jadi bahan evaluasi laku baik benah depan ujar ngatino terang pers langkah awal pp kbi gelar juara nasional kejurnas awal november ganti pon bela diri solo tunda ajang sebut kbi siap gala night nyaring atlet baik puluh atlet pilih arah jalur profesional kbi rencana kembali jaring atlet lengkap bina sama atlet hasil seleksi ekosistem bina amatir pro harus iring sudah siap besar amatir hasil kejurnas langsung jadi pro depan sudah siap pro kemudian mulai untuk cari untuk sama sama ada untuk siap jadi atlet profesional ngatino jelas bina prestasi kbi kembang kbi pro wadah tanding profesional sekaligus buka peluang atlet dapat hasil prestasi kbi tengah siap kerja sama platform streaming vidio untuk luas jangkau tanding hingga mancanegara tarik sponsor rencana sebut dapat dukung koni pusat ketua umum koni pusat marciano norman minta kbi laku evaluasi program belum pasti bina atlet jalan tahap level amatir tuju profesional siap atlet atlet masuk profesional adalah juara juara amatir mereka sudah jam terbang tinggi kompetisi amatir masuk profesional kata marciano marciano apresiasi kiprah kickboxing yang telah kontribusi oleh medali indonesia sea games catat hasil positif juara tashkent itu sekjen koni pusat tb ade lukman optimistis kbi jadi salah satu sumbang medali emas indonesia ajang internasional turut cabang olahraga bela diri lama jadi salah satu pilar penting oleh medali indonesia multi event sea games yakin bawah pimpin ketua umum pak ngatino serta jajar akan jadi bagi kontributor medali medali emas di event event internasional pungkas ran nds,sport
3,lina hisage atlet tolak peluru asal wamena papua gunung mulai tunjuk kembang signifikan sejak gabung papua athletics center pac januari kurun waktu kurang dua tahun atlet usia tahun mampu tingkat catat lempar hingga raih juara sekaligus pecah rekor nasional lina catat prestasi ajang asean school games raih juara tiga tolak jauh meter tahun kemudian prestasi tingkat raih juara pertama catat tolak meter asean school games brunei darussalam catat sebut sekaligus jadi bagi jalan lina pecah rekor belum buat sendiri rekor pertama cipta ajang invitasi atletik jakarta tolak meter catat kemudian baik jadi meter laga brunei juara meter kalau juara meter kata lina mimika sport complex rabu kembang sebut lepas rutinitas latih jalan hari tetap ikut giat sekolah lina biasa jalan latih sore hari materi latih jalan liput rotasi kuat hingga latih cepat rutinitas sebut jalan hampir hari bagi siap hadap bagai juara tengah rutinitas lina aku pernah alami jenuh atas biasa habis waktu sama teman teman asrama jalan jalan sekadar kumpul kalau jenuh biasa duduk tempat teman jalan jalan beli cerita bareng bareng ujar lina dukung keluarga jadi salah satu alas terus tingkat performa selalu ingat juang orang tua lama dukung jalan atlet hasil selalu ingat orang tua usaha selalu dukung itu motivasi tutur lina jadi atlet tolak peluru bukan sekadar aktivitas jalan lina dia sebut atlet tolak peluru cita cita salah satu sosok jadi inspirasi atlet tolak peluru putri amerika serikat pegang rekor dunia lama jalan bina pac lina dapat dukung fasilitas latih turut penuh butuh atlet fasilitas sangat bagus sangat pada semua alat kita butuh semua sini kata program latih ukur latih tolak peluru pac yeremias kiriwaib kata kembang lina rupa hasil program latih susun ukur materi latih buat sembarang lalu evaluasi koordinasi tim teknis materi hari hari kasih dapat hasil bongkar pasang koordinasi tim teknis punya tim teknis khusus pb pasi materi program latih kami ikan hari ukur dipertanggungjawabkan progres depan kata yeremias lina belum rupa jebol pplp pusat didik latih olahraga ajar papua jayapura potensi kemudian buat lina panggil gabung pac awal yeremias mampu lina kembang mampu serap program latih beri milik potensi karakter lina nilai baik juga bantu proses bina lina jebol pplp jayapura bawah asuh latih tyo karena punya potensi panggil gabung sini awal kemudian latih syukur anak punya karakter baik program kami susun tim dia serap baik ujar hasil lihat catat terus tingkat pecah rekor ajang invitasi jakarta lina baik catat saat tampil asean school games brunei depan yeremias target lina atlet lain elis terus baik catat baik masing masing khusus lina target tingkat personal best nomor tolak peluru lina elis memang target target tentu juara waktu dekat ini paling bisa pecah personal best masing masing kata capai target sebut latih laku bagai variasi sesi latih mulai panas aktivasi kait dukung teknik atlet masuk latih teknik inti latih teknik atlet kembali jalan latih beban kemudian lanjut dengan guna medicine ball juga dapat latih kuat otot inti yang cakup bagi perut pinggang punggung jadi itu semua laku tiap hari kata yeremias jaga aspek fisik teknik latih juga perhati kondisi psikologis atlet lama jalan rutinitas latih yeremias kata atlet beri ruang istirahat laku aktivitas ketika mulai alami jenuh dia aktivitas luar latih jalan jalan nongkrong tonton film bantu atlet kurang bosan kembali jalan program latih tidak ekang apabila lihat sudah jenuh saya arah ayo nongkrong di situ ayo bioskop syukur erti bisa urai bosan mereka di tengah tengah sesi latih ujar anl ega,sport
4,timnas equestrian indonesia tolak jepang jelang gulir asi games atlet turun sana dapat medali timnas equestrian tolak aichi nagoya jepang senin malam wib kemarin berangkat atlet ikut prosesi lepas laku wakil noc indonesia krisna bayu terminal bandara soekarno hatta tangerang banten atlet bawa bagi disiplin dressage jumping eventing siap hadap asi games seluruh atlet equestrian merah putih lalu pusat latih intensif lama kurang lebih bulan jerman bekal latih sebut buat tim eventing kuat steven tayang fergi tri nur fajar marcho alexandro muhamad zaki optimistis beri hasil baik itu tim dressage tunggang serasi proses adaptasi atlet kuda jadi bagi penting sekaligus tantang sendiri tim dressage diri dara ningar prameswari karen herjawan audirania amanda putri alfaro manayang hari sama empat atlet dressage baru tuntas latih jerman dirga wira ramadhan sahputra marco hence wowiling arserl rizki brayudha brayen nathan brata coolen berangkat tuju negeri sakura sebut ungkap kellin baquita ketua bina nepi sekaligus tanggung jawab program latih atlet aktif damping atlet sejak masa siap hingga berangkat tuju aichi nagoya tiba di negri sakura seluruh atlet equestrian indonesia milik waktu beberapa hari laku adaptasi lingkung cuaca tempat pasuk masa lomba mulai september hingga oktober mrp yna,sport
5,dua seri akhir motogp marc marquez sukses sapu bersih poin maksimal tampil rider ducati buat amat motogp carlo pernat sebut makhluk mars marquez sapu bersih motogp san marino misano raih menang sprint race balap utama aman poin satu akhir pekan hasil sebut lanjut performa apik marquez seri belum raih poin motogp aragon arti marc kumpul poin maksimal dua seri untun pernat buat marquez beda bukan sekadar cepat gaya balap rider asal spanyol nilai ubah iring tambah usia alam pernat nilai marquez kini lebih mampu kendali situasi balap banding beberapa tahun lalu terlalu sering ambil risiko hingga ujung crash lebih baik baca kondisi kelola balap marquez makhluk mars bahkan iring tambah usia semua masalah pernah alami mampu kelola balap cara laku balap ucap lansir motosan selalu sulang marquez beberapa grand prix akhir selalu sulang untuk sekarang dua kali turut turut marquez empat lima tahun lalu akan kata tidak ada seperti cara balap meski terkadang jatuh sekarang gaya balap sudah ubah tidak lagi jatuh kelola situasi hadap waktu terus jalan pernah alami masalah bahu dia mampu atas semua dia kelola sangat baik sampai tanda kutip dia buat balap jatuh bukan dia dorong tentu nyata pernat sebut muncul marquez tampil dominan misano hasil ambil alih posisi depan marco bezzecchi jatuh kemudian tahan tekan jorge martin raih menang marc marquez kini ada puncak klasemen motogp poin sama jorge martin unggul jumlah menang menang misano jadi menang gp lima dalam tujuh balap akhir,sport
6,alwi farhan moh zaki ubaidillah muhamad yusuf petik ajar harga kento momota modal tampil asi games tim bulutangkis indonesia selesai rangkai pusat latih tokyo akan tolak nagoya kamis pagi masuk kampung atlet training camp akhir tim bulutangkis tokyo momota jadi mentor sekaligus sparring partner tim tunggal putra indonesia tiga empat tunggal putra indonesia alwi ubed sapa akrab moh zaki ubaidillah yusuf status debut akan jadi andal tim bulutangkis asi games aichi nagoya jonatan christie tahu kento momota superior apa dulu jadi main bareng hari pasti senang buah hormat alam tidak lupa kata alwi terang tulis rabu senang bagi lapang dia tadi momota sempat beri evaluasi masuk cara main saya ucap ubed alwi ubed walaupun asi games pertama punya alam kuat indonesia ajang saing ketat sea games piala sudirman hingga piala thomas pasti syukur senang bisa wakil indonesia asi games ingin maksimal sempat asi games pertama hasil kemarin sea games saya ubed cukup yakin jadi ada modal bagus ke multievent level lebih tinggi ucap alwi siap individu jauh alhamdulillah cukup lancar siap sama tim juga jalan baik siap tanding minggu depan tambah ubed beda dengan yusuf belum punya alam tampil turnamen besar dukung senior sangat guna bagi tingkat percaya diri pasti awal awal ada grogi dari senior terus ingat buat lebih enjoy ucap yusuf mereka selalu pesan untuk anggap seperti turnamen individu tetap fokus semangat lebih tenang ujar asi games aichi nagoya cabang bulutangkis gulir september regu september orang ichinomiya city municipal gymnasium aichi jepang mcy aff,sport
7,tengah viral insiden cepirit ajang hyrox atlet malaysia aku balik diskualifikasi pergi toilet lansir the rakyat post zarif zakaria kena apes atlet malaysia diskualifikasi hyrox bangkok thailand bulan lalu gara garanya aku sempat pergi toilet lomba mulai zarif jadi telat akhir malah diskualifikasi bagi media sosial threads nya kesal pada ajang hyrox beijing atlet joanna wietrzyk justru boleh selesai lomba meski cepirit kotor mana mana kena dq cuma pergi toilet lomba kok orang ikut lomba kena diare tidak diskualifikasi tulis zarif bagi foto aksi hyrox bangkok catat waktu terang tulis dq diskualifikasi catat waktu singgung soal alas diskualifikasi zarif jelas diri memang telat ikut start tetap tanya ada atlet mencret tetap boleh ikut lomba unggah ia buat tanggap insiden viral hyrox beijing akhir pekan lalu pegang rekor dunia joanna wietrzyk dapat lomba meski cepirit tengah sesi atlet asal australia alami diare hingga mencret celana tetap lanjut race kotor alir kaki foto viral media sosial wietrzyk akhir bisa selesai lomba bahkan menang ia kemudian unggah foto sedang rumah sakit sindir yang kritik hyrox kemudian sorot anggap abai protokol sehat standar lomba sempat pasang badan diri olahraga indoor itu moritz furste akhir minta maaf akan ubah atur hyrox gara gara insiden sebut yna pur,sport
8,dejan fedinansyah felisha alberta nathaniel pasaribu beri dukung pasang ganda campur indonesia tampil asi games dua tak iri meski sempat tampil multievent asia datang pbsi kirim dua pasang ganda campur asi games aichi nagoya langsung september hingga oktober adalah amri syahnawi nita violina marwah nikolaus joaquin siti fadia silva ramadhanti amri nita rupa pasang ganda campur murni joaquin fadia rupa pasang cabut sektor ganda putra ganda putri dejan tetap beri dukung dua harap lah buat indonesia kok kalau mix double bagus mau amri nita joaquin fadia kan indonesia jadi doa lah buat mereka kata dejan temu pelatnas pbsi cipayung rabu dejan sejati milik ingin tampil asi games eks tandem fadia main sektor ganda campur dejan tak masalah komposisi pasang pilih asi games nilai putus sebut rupa bagi strategi tetap tuju penting indonesia enggak lah kan strategi akhir buat indonesia juga rezeki lanjut soal komposisi main dejan tetap simpan ambisi tampil ajang multievent sebut untuk ini pilih tatap target lebih besar olimpiade ken lah main asi games semua ingin main asi games cuma kan belum waktu olimpiade amin penting saja juara olimpiade amin pungkas dejan mcy krs,sport
9,bagas maulana apriyani rahayu tak minder meski juang nol jadi pasang baru sektor ganda campur siap jalan peran lap amri syahnawi dkk tahu latih kepala ganda campur nova widianto ubah komposisi bagi main sektor ganda campur bagas apri mulai jalan status tandem sejak september latih ingin lap mix double sekarang pure main mix tak pindah ganda jadi mau maksimal tak sia nyiakan latih percaya bukti kata bagas pelatnas pbsi cipayung rabu baik bagas maupun apri sejati bukan atlet baru dua alam koleksi gelar turnamen besar sektor masing masing ganda putra ganda putri bagas pernah juara all england korea open apri rupa raih medali emas olimpiade tokyo status main senior matang kenyang alam bukan mungkin rasa minder bangun semua awal tidak rasa bagas apri pasang sama sama usia tahun justru lihat tugas sebut tantang baru hadap jiwa tarung benar lihat situ sudah matang cuma pikir kembali jangan pikir itu awal ganda putra mix sama nol benar enggak apa apa sih ujar bagas kalau jiwa tarung sih enggak begitu anggap ini tantang baru gas lagi muda kan ucap mantap apri sepakat bagas bagi putus pindah ganda campur rupa bukti diri mampu saing banyak hal eksplorasi ini ubah baru tantang buat untuk lebih tak ambil rasa bisa dari diri sendiri rasa lebih mampu banyak bisa dieksplore dan saya mau ajar lagi bagas sama sudah hajar kata apri challenge sih tantang baru juga buat tak ingin lihat sudah lama nih sini sudah senior masih muda lah tegas tak itu bagas apri juga siap kerja lebih keras pasang baru belum milik peringkat sektor ganda campur kalau saya dan bagas memang harus ekstra poin kami tak jadi harus ekstra banget harus benar benar hasil yang baik yang bagus banget gitu bukan bagus karena modal buat poin kami tahun depan kata apri,sport
10,ajang lari gengsi alfamart run siap gelar plaza parkir timur senayan gelora bung karno gbk jakarta minggu gelar olahraga padu ragam hibur ikut serta pilih tinggi antusiasme publik lihat jumlah cari tiket aplikasi alfagift mekanisme ballot sukses tembus angka juta orang kompetisi lari skala nasional sekaligus jadi bagi riah raya ulang tahun alfamart marketing director alfamart ryan alfons kaloh papar ajang olahraga gengsi sengaja rancang sangat eksklusif alfamart run memang rancang eksklusif jumlah serta batas tahun slot tambah jadi serta antusiasme jauh lebih besar juta orang ikut war ticket lalu alfagift arti tinggi minat memang banding kapasitas sedia papar ryan terang tertuilsnya rabu ryan sebut antusiasme serta bagai daerah selalu sangat luar biasa tahun serta alfamart run asal jabodetabek selenggara belum lihat serta datang bandung yogyakarta surabaya bahkan luar pulau jawa jadi memang antusiasme cukup luas ungkap ryan daya tarik utama helat lima letak goodie bag spektakuler berat capai kilogram serta bawa pulang bagai produk makan minum hingga butuh rumah tangga nila lebih rp juta tas ukur jumbo sebut produksi khusus gandeng umkm intako tanggulangin asal sidoarjo serta alfamart run bukan hanya dapat alam lari capai garis finis juga bawa pulang goodie bag isi cukup banyak bahkan bobot capai kilogram jelas ryan pihak tegas buah tangan berat puluh kilogram sebut rupa bentuk apresiasi tinggi usaha para lari ingin beri alam lebih serta tahun hasil dapat tiket sambung alfamart siap total hadiah podium nila rp juta lari cepat kategori lomba k k dapat undi doorprize fantastis upa unit mobil listrik wuling aira ev helat sport entertainment turut riah tampil padi reborn hingga brand ambassador ibnu jamil ririn ekawati acara ramah lingkung usung konsep lanjut lewat guna jersey hasil daur ulang botol plastik menteri pemuda olahraga republik indonesia erick thohir turut beri apresiasi selenggara alfamart run nilai sukses dorong gaya hidup aktif luas ekosistem olahraga nasional akn ega,sport
11,pasang baru ganda campur dejan ferdinansyah felisha alberta nathaniel pasaribu jalan tur eropa waktu dekat lapar gelar dejan felisha umum jadi tandem sejak nova widianto masuk latih ganda campur pelatnas pbsi dua tahap matang chemistry lebih pola apa main apa satu sama tahu lah cara mix double main cuma lebih biasa sih oh main pola ini madu itu masih cari cari ujar dejan temu pelatnas pbsi cipayung rabu dejan ubah pasang bukan baru sejak gabung pelatnas awal januari ini jadi kali empat ganti pasang tiga pasang belum siti fadia silva ramadhanti bernadine anindya wardana apriyani rahayu harap duet felisha lebih langgeng prestasi kendati akhir status pasang baru sebut buat dua rintis awal harap prestasi jauh lebih belum kalau prestasi bagus lama tandem moga ini jadi awal mula bangkit kata bagi felisha cukup lama absen turnamen bwf aku sangat lapar kembali tanding partner baru felisha akhir kali tanding indonesia open juni rencana akan tampil denmark open mulai oktober french open oktober datang sudah lapar tanding lapar dalam arti orang lapar maksud nafsu banget kondisi lapar juara lapar juara bukan lapar tanding tegas lihat optimisme felisha dejan tak kalah antusias rasa pacu semangat rekan sebut bagus lah saja sudah lapar senang sih main level atas kasih percaya sana tuju ke sini ingin cari prestasi ada sempat seperti ini pasti lah lapar saya mau makan makan prestasi ucap dejan mcy aff,sport
12,grid motogp akhir lengkap senna agius resmi naik kelas moto motogp kuat tech ktm mulai musim depan balap australia usia tahun jadi bagi line up baru tech sama luca marini pasti sebut sekaligus lengkap susun balap motogp musim agius jalan debut kelas premier era baru motogp mulai musim depan motogp guna mesin cc ban pirelli tech ktm resmi umum agius balap motogp rider lahir australia dapat sempat naik kelas tunjuk performa kompetitif moto agius koleksi empat menang moto jadi salah satu balap jalan debut motogp musim agius empat rookie lain proyeksi tampil motogp musim depan adalah david alonso dan holgado izan guevara nicolo bulega alonso holgado guevara rupa balap asal moto bulega naik motogp kiprah worldsbk agius sambut pasti sebut capai besar karier hari wujud buah impi jangka panjang tembus motogp kata agius lansir crash net kerja keras lama tahun tahun capai momen saya sangat terima kasih guenther seluruh orang tech percaya saya beri sempat saya sabar balas percaya saya tahu tantang nanti saya siap ajar kerja keras jadi versi baik diri saya sama tim tutur agius juang moto pasti promosi motogp datang agius saing moto agius empat kali tang balap moto raih pole position moto san marino misano akhir pekan misano akhir kecewa agius singkir tikung gagal selesai balap insiden sebut buat posisi klasemen moto turun peringkat empat poin performa panjang musim cukup yakin tech ktm beri sempat tampil motogp manajer tim tech nicolas goyon sebut agius milik cepat mentalitas hadap tantang baru motogp senna tunjuk panjang karier moto milik cepat mentalitas hadap tantang baru muda jadi banyak potensi bisa kembang sama senang jadi bagi tahap ikut karier goyon nilai ubah regulasi motogp jadi tantang sendiri seluruh balap motogp guna mesin cc pirelli jadi pasok ban ganti michelin goyon situasi sebut juga buka peluang tech agius bangun sama sejak awal era baru senna sangat ajar dia kerja keras dia sudah tunjuk dia mampu saing baris depan sangat senang dia gabung tech tidak sabar lihat apa bisa kami capai sama jadi satu satu rider australia promosi agius buat australia tetap milik wakil grid motogp jack miller pasti pindah worldsbk mulai musim depan miller menandatangani kontrak yamaha tampil worldsbk dan demikian agius akan jadi satu satu rider australia grid motogp musim depan hadir juga tepat masuk adelaide kalender motogp mulai grand prix australia akan gelar adelaide ganti phillip island tuan rumah daftar balap motogp ducati marc marquez pedro acosta vr ducati fermin aldeguer nicolo bulega gresini ducati joan mir dan holgado aprilia marco bezzecchi francesco bagnaia trackhouse aprilia raul fernandez enea bastianini ktm fabio giannantonio alex marquez tech ktm luca marini senna agius honda fabio quartararo diogo moreira david alonso lcr honda johann zarco diogo moreira david alonso yamaha jorge martin ai ogura pramac yamaha toprak razgatlioglu izan guevara,sport
13,ganda putri febriana dwipuji kusuma meilysa trias puspitasari nyata siap tempur asi games aichi nagoya meski status debut senior dua sepakat target medali ana trias rupa salah satu pasang ganda putri turun pbsi multievent besar se asia empat tahun sebut target cuma fokus satu satu medali kata trias warta pelatnas pbsi cipayung asi games tahun bakal jadi alam beda dua trias lakon asi games pertama ana dua siap jauh cukup baik apa perlu baik terus baik hari kata ana aku senang percaya tampil asi games senang main asi games dua kali benar benar jadi sempat besar tunjuk baik lanjut rasa mungkin lebih senang pertama dua siap main mau gimana tambah trias aku gugup meski asi games pertama alam main regu sea games buat lebih tenang asi games pertama kuat aku sedang tingkat kuat aku biasa main regu sea games jadi aku netral ungkap trias dua saling bagi jaga kompak satu sama selalu sharing apa perlu baik apa sudah baik apa yang perlu tingkat kami selalu komunikasi hanya trias para latih kami kata ana soal janji perintah kait bonus rp miliar raih emas asi games ana sebut sebut motivasi tambah ia juga tak jadi ganggu fokus makin semangat dengar tapi harus lebih fokus main tanding per tanding hasil ikut usaha kita tegas mcy aff,sport
14,motogp lanjut austria akhir pekan red bull ring jadi arena seri musim saing rebut posisi atas klasemen makin panas marc marquez rebut puncak klasemen motogp jorge martin walaupun dua rider punya poin sama marquez pertama kali pimpin klasemen motogp musim raih menang ganda misano tambah hasil jorge martin finis lima hasil buat saing klasemen makin sengit dua rider kini milik jumlah poin marquez hak ada posisi atas milik jumlah menang balap utama lebih banyak marquez koleksi lima menang grand prix musim sedang martin baru raih satu menang martin belum pimpin klasemen sejak seri assen kini juara tahan motogp sebut tahan posisi saing lanjut red bull ring gp austria jadi balap dua untun eropa telah seri san marino rangkai motogp kemudian lanjut jepang indonesia jadi tuan rumah mandalika oktober saing marquez martin akhir pekan austria akan mulai dengan rangkai sesi latih kualifikasi sprint race hingga balap utama jadwal motogp austria jumat september wib moto fp wib moto fp wib motogp fp wib moto practice wib moto practice wib motogp practice sabtu september wib moto fp wib moto fp wib motogp fp wib kualifikasi motogp wib kualifikasi moto wib kualifikasi moto wib motogp sprint minggu september wib motogp warm up wib moto race wib moto race wib motogp race,sport
15,tak dipungkiri ducati jadi tolok ukur motogp lantas fabio quartararo tak coba gabung tim naung ducati el diablo akhir kerja sama lama delapan tahun yamaha akhir motogp quartararo umum kuat honda pabrikan mulai musim depan sulit yamaha empat musim akhir jadi latar belakang quartararo tang balap sejak jadi kampiun sachsenring alias empat tahun lalu makin kecewa quartararo sekali naik podium p seri akhir tengah yamaha jeblok ducati justru dominasi tunggang desmosedici sapu bersih empat musim akhir titel titel juara dunia raih francesco bagnaia jorge martin marc marquez enam balap pasti tunggang motor ducati ducati pabrikan andal duet marquez pedro acosta tim tim satelit gresini vr tandem joan mir daniel holgado fermin adelguer nicolo bulega turut turut fabio quartararo jelas alas pilih honda sekaligus tak coba dapat kursi balap tim ducati pikir honda lama beberapa tahun sekarang jalan periode mana ingin juara lagi ujar rider prancis honda kerah seluruh sumber daya punya comeback ubah regulasi motor motor baru ban baru rasa honda buat kejut produksi buah motor sangat kompetitif pernah temu beberapa pabrikan masuk honda temu temu aku punya banyak sekali tanya tidak jawab tanya tanya tunjuk kepada banyak tentang proyek mereka yang buat putus gabung quartararo kata motorsport rin rin,sport
16,kontingen atlet ajar jakarta barat jakbar ukir sejarah jadi juara umum pekan olahraga ajar provinsi porprov dki jakarta atas prestasi sebut anggota dprd dki jakarta fraksi pdi juang hardiyanto kenneth beri apresiasi bonus atlet ajar raih medali emas serah bonus laku kantor wali kota administrasi jakarta barat ruang mh thamrin saksi wali kota jakarta barat iin mutmainnah selasa tahu porprov dki jakarta langsung tanggal agustus hingga september hall a gelanggang mahasiswa soemantri brodjonegoro jakarta selatan ajang sebut jakarta barat pertama kali cetak sejarah keluar juara umum koleksi tujuh medali emas perak tujuh perunggu jakarta barat unggul jakarta timur koleksi lima medali emas posisi ikut tempat jakarta selatan lima emas jakarta utara tiga emas tujuh medali emas jakarta barat sumbang jumlah cabang olahraga bola basket regu putri u bulu tangkis regu putra u u sepak bola regu putra u u sepak takraw regu putra putri u bentuk apresiasi kenneth beri bonus atlet ajar raih medali emas besar bonus sesuai jumlah atlet ajar libat masing masing cabang olahraga cabang olahraga sepak bola dapat bonus besar rp juta bonus sebut beri jumlah atlet ajar tim sepak bola sebut cukup banyak lanjut tim bola basket dapat bonus rp juta sepak takraw rp juta bulu tangkis rp juta sangat apresiasi olahraga pemuda betul suka olahraga masih main basket jabat ketua umum catur dki jakarta cas sayang sekali tim basket putra gagal dapat emas cuma putri ujar kenneth terang pria akrab sapa bang kent harap beri bonus sebut jadi motivasi atlet ajar terus tingkat prestasi turut tahan gelar juara umum jadi tantang lebih berat jakarta barat porprov ikut buah awal paling berat adalah tahan ingat harap tim basket putra tahun depan dapat medali emas tradisi terus tahan konsisten terus ikan kalau sempat kalau memang ulang jadi juara umum akan tambah bonus tahun depan tutur pria ketua umum cas dki jakarta kent ajak atlet ajar raih medali perak perunggu tingkat prestasi rebut medali emas porprov lanjut ikan tantang atlet ajar raih medali perunggu perak penasaran bisa juang rebut medali emas porprov lanjut tahun depan lanjut alumni ppra lxii lemhannas ri tak atlet ajar kent beri kejut beri bonus tambah latih asisten latih hasil antar tim raih medali emas latih dapat bonus rp juta asisten latih oleh bonus rp juta tambah apresiasi bonus latih rp juta asisten latih rp juta ingat tanpa latih kalian bukan apa apa betul bekas atlet jadi saya tahu penting peran latih latih adalah pelita jadi kita harga pungkas kepala baguna badan tanggulang bencana dpd pdi juang provinsi dki jakarta sementara wali kota jakarta barat iin mutmainnah apresiasi juang atlet ajar telah bawa nama jakarta barat jadi juara umum terima kasih atlet ajar sudah juang jakarta barat saya bangga kalian perdana sejarah catat jakarta barat bisa jadi juara umum sejak porprov ada ujar iin iin juga sampai apresiasi anggota dprd dki jakarta hardiyanto kenneth telah beri bonus para atlet ajar jakarta barat bentuk harga atas prestasi telah raih sampai terima kasih apresiasi setinggi tinggi bang kenneth telah beri perhati bonus kepada para atlet ajar jakarta barat rupa bentuk dukung nyata juang prestasi para atlet ajar sambung turut beri bonus sebut harap jadi motivasi tambah para atlet ajar sebut terus prestasi harum nama jakarta barat maupun dki jakarta bagai ajang olahraga bonus tentu bukan soal nilai materi juga jadi bentuk harga atas kerja keras disiplin juang para atlet ajar mudah mudah bisa makin motivasi mereka latih lebih giat raih prestasi lebih tinggi kata juga harap dukung atlet ajar terus beri bagai pihak bina olahraga di jakarta barat bisa makin kembang mampu lahir atlet atlet prestasi di tingkat nasional maupun internasional beri bonus sebut sambut positif para atlet ajar celine salah satu atlet basket ajar putri jakarta barat harap apresiasi beri kenneth sebut dapat tambah motivasi para atlet ajar untuk tahan prestasi moga ada bonus pak kenneth bisa motivasi para atlet ajar bisa juang lebih keras di porprov ikut dan bisa juara umum kata celine ega anl,sport
17,asosiasi lari trail indonesia alti dki jakarta punya target besar pekan olahraga nasional pon bawa pulang lima medali emas karena alti dki mulai siap diri tuju pon beberapa ajang gengsi lain awal rapat kerja provinsi rakerprov alti dki jakarta aula lantai kantor koni dki jakarta selasa usai raker sedia laku lantik urus baru alti dki jakarta ketua umum pp alti bima arya sugiarto lantar bima arya dadak dapat tugas negara lantik alti dki paksa tunda meski ketua alti dki eko putro had prasetyo nyata tunda lantik sama sekali tak pengaruh semangat juang eko kata rakerprov jadi momentum kuat sinergi organisasi sekaligus susun program bina atlet eko alti dki ingin bangun organisasi lebih transparan buka dukung kembang olahraga lari trail ibu kota rapat kerja tadi jalan lancar giat hadir wakil ketua umum ii koni dki jakarta kemudian bidang organisasi hadir sama seluruh organisasi teman teman lain sama sama bangun organisasi lebih baik depan ujar eko terang media sebut sinergi antarbagian jadi salah satu kunci siap atlet atlet potensial hadap bagai juara maksud sini bagai tim arti sinergi siap atlet atlet depan agar bisa lebih tingkat prestasi raker tadi ada masuk teman teman ke depan organisasi lebih transparan lebih buka maju alti jakarta sambung waktu dekat alti dki jakarta hadap juara nasional gunung dempo pagar alam sumatera selatan desember banyak atlet siap tampil ajang sebut siap atlet siap kejurnas gunung dempo desember tahun tutur eko tak fokus agenda jangka pendek alti dki mulai susun kuat hadap target jangka panjang pon koni dki jakarta beri target alti raih lima medali emas lima perak empat perunggu pon mau tak mau alti dki buru waktu siap atlet lama tahun ke depan target penuh itu arti pr buat dari induk taung sehingga harus penuh lanjut eko saat waktu dekat siap atlet juara sebut dalam rakerprov tadi juga sepakat siap atlet atlet baru dalam rangka sambut pon kami akan usaha lebih keras wujud target sebut pungkas mrp bay,sport
18,kontingen atlet ajar jakarta barat baru juara pekan olahraga ajar provinsi popprov dki jakarta bonus beri juara popprov dki jakarta langsung agustus september hall a gelanggang mahasiswa soemantri brodjonegoro jakarta selatan jakbar pertama kali cetak sejarah keluar juara umum koleksi tujuh medali emas perak tujuh perunggu jakbar unggul jaktim koleksi lima medali emas posisi ikut tempat jaksel lima emas jakut tiga emas tujuh medali emas jakarta barat sumbang jumlah cabang olahraga bola basket regu putri u bulu tangkis regu putra u u sepakbola regu putra u u sepak takraw regu putra putri u atas prestasi sebut anggota dprd dki jakarta fraksi pdi juang hardiyanto kenneth beri apresiasi bonus atlet ajar raih medali emas serah bonus laku ruang mh thamrin kantor wali kota administrasi jakbar saksi wali kota iin mutmainnah selasa besar bonus sesuai jumlah atlet ajar libat masing masing cabang olahraga cabor sepakbola dapat bonus besar rp juta bonus sebut beri jumlah atlet ajar tim sebut cukup banyak lanjut tim basket dapat bonus rp juta sepak takraw rp juta bulu tangkis rp juta sangat apresiasi olahraga pemuda betul suka olahraga masih main basket jabat ketua umum catur dki jakarta cas sayang sekali tim basket putra gagal dapat emas cuma putri ujar kenneth terang pria akrab sapa bang kent harap bonus motivasi atlet ajar terus tingkat prestasi turut tahan gelar juara umum jadi tantang lebih berat jakarta barat popprov ikut buah awal paling berat adalah tahan ingat harap tim basket putra tahun depan dapat medali emas tradisi terus tahan konsisten terus ikan kalau sempat kalau memang ulang jadi juara umum akan tambah bonus tahun depan tutur pria ketua umum cas dki jakarta kent ajak atlet ajar raih medali perak perunggu tingkat prestasi rebut medali emas popprov lanjut ikan tantang atlet ajar raih medali perunggu perak mereka penasaran bisa juang rebut medali emas di popprov lanjut tahun depan lanjut alumni ppra lxii lemhannas ri tak atlet ajar latih asisten latih hasil antar tim raih medali emas juga ciprat bonus latih dapat rp juta asisten latih oleh bonus rp juta tambah apresiasi bonus latih rp juta asisten latih rp juta di ingat tanpa latih kalian bukan apa apa betul bekas atlet jadi saya tahu penting peran latih latih adalah pelita jadi kita harga papar kepala baguna badan tanggulang bencana dpd pdi juang provinsi dki jakarta sementara wali kota jakbar iin mutmainnah apresiasi juang para atlet ajar telah bawa nama daerah jadi juara umum terima kasih kepada atlet ajar sudah juang jakarta barat saya bangga kalian perdana sejarah catat jakarta barat bisa jadi juara umum sejak popprov ada ujar iin beri bonus sebut sambut positif para atlet ajar celine salah satu atlet basket ajar putri harap apresiasi beri kenneth sebut dapat tambah motivasi para atlet ajar tahan prestasi moga ada bonus pak kenneth bisa motivasi para atlet ajar bisa juang lebih keras di popprov ikut dan bisa juara umum kata celine mrp bay,sport
19,siap tuju fia rallycross world cup mulai sarga motorsport selaku selenggara laku modifikasi sirkuit international e prix ancol hari jakarta resmi jadi tuan rumah juara fia rallycross ajang balap mobil dunia gulir ancol desember datang indonesia gelar kategori rx rx mulai hari mulai modifikasi benar bukan bangun modifikasi sirkuit ujar ceo sarga co nugdha achadie jumpa pers kawasan jakarta pusat selasa beda saat guna formula e full aspal sirkuit ancol rombak total butuh rallycross proses modifikasi target selesai november awal sirkuit sebut guna formula e hanya guna lintas aspal nah rallycross kami gabung lintas aspal lintas gravel dirt jadi akan sangat tarik seluruh unjung masyarakat jakarta indonesia kata nugdha insyaallah mulai hari kami mulai laku modifikasi bulan november siap desember bisa guna sepenuh fia rallycross world cup tambah itu perintah provinsi dki jakarta pasti dukung penuh kadispora dki andri yansyah sebut siap jalan sejak tahun lalu sama ikat motor indonesia imi bicara masalah kesiap tadi singgung pak nugraha memang tahun lalu laku siap bantu teman teman imi kata andri bagaimana layan publik jalan baik transportasi jalan baik aman jalan baik layan fasilitas jalan baik itu bisa laku sendiri ujar soal balap sarga motorsport pasti nama besar kevin hansen legenda dunia sebastian loeb nomor rx rx akan kejut rencana ada talenta indonesia akan ikut laga untuk balap lain kami masih tunggu final dari fia jadi kita tunggu sama moga waktu dekat bisa umum fia pungkas nugdha mcy rin,sport
20,reli pen harianto bawa cerita usai tampil asia cross country rally axcr bulan lalu cuma luar lintas bawa mobil balap ajang internasional bukan soal siap mesin performa kendara urus dokumen pabean logistik hingga proses bawa kendara tanah air jadi bagi penting siap sejak awal pen harianto selaku leader indonesia cross country rally team ixcrt kategori mobil rasa saat bawa toyota hilux revo nomor laga asia cross country rally axcr thailand selesai seluruh enam leg axcr finis posisi empat kelas tg kendara serta lengkap dukung indonesia september bea cukai laku periksa kontainer bawa kendara lengkap sebut bagi proses pabean pen dapat dukung banyak sponsor fin galad exchange pertamina lubricants gadai indonesia injourney airport alam sebut jadi sempat bagi edukasi kena proses resmi bawa kendara kompetisi luar negeri ata carnet paspor barang salah satu dokumen penting giat sebut ata carnet dokumen pabean internasional bawa barang negara kemudian bawa negara asal sifat ata carnet banyak guna giat internasional masuk motorsport bawa kendara spare part tools ban lengkap dukung lain sederhana ata carnet kerap sebut paspor barang guna tetap ikut tentu pabean negara asal maupun negara tuju urus mulai kadin alam pen proses perlu siap jauh berangkat aju ata carnet laku lalu kamar dagang industri kadin lembaga terbit ata carnet indonesia mohon siap general list daftar rinci barang bawa motorsport daftar sebut cakup kendara spare part ban velg tools lengkap servis data jenis jumlah barang identitas nomor seri nilai barang asal barang perlu cantum akurat akan jadi acu periksa biaya administrasi mohon perlu siap uang jamin sesuai tentu laku jamin sebut kait wajib pegang carnet penuh mekanisme pasu sementara selesai pabean barang atau dapat selesai sesuai prosedur seluruh syarat penuh barang akan periksa bea cukai berangkat cocok data general list ata carnet kalau mau bawa mobil balap ke luar negeri siap jangan mobil awal tahu barang apa bawa spare part tools ban semua data baik mulai jenis barang harga asal negara form sebut kita dapat kadin saat aju ujar pen kontainer tuju thailand axcr butuh logistik tim cukup besar total dapat tiga kontainer berangkat indonesia satu kontainer feet guna bawa toyota hilux revo pen harianto spare part butuh tim motor pimpin rudy poa selaku leader tim sekaligus rider senior satu kontainer feet bawa suzuki jimny milik gema suria dodi kondisi sebut tunjuk ikut cross country rally internasional bukan butuh mobil siap balap rencana logistik matang kapal sempat delay jalan tuju thailand tim hadap ubah jadwal lambat kapal kondisi sebut periode jadi bagai negara bukan indonesia ubah jadwal buat tim sesuai bagai butuh logistik administrasi kondisi sebut koordinasi bea cukai jadi bagi penting selesai proses berangkat pen apresiasi asistensi koordinasi beri bea cukai selesai proses dokumen pabean sesuai akibat ubah jadwal kapal laku sesuai prosedur waktu kapal sempat delay jadi harus sesuai jadwal sangat bantu asistensi koordinasi bea cukai selesai proses dokumen berangkat komunikasi sangat bantu paham selesai proses harus laku kata pen dukung sebut juga dapat apresiasi adhang noegroho adhi selaku kepala kantor layan utama kpu bea cukai tipe a tanjung priok dukung apresiasi indonesia cross country rally team bawa nama harum indonesia event rally internasional layak jadi contoh panutan tim tertib taat atur bawa barang keluar masuk selalu sama tahun ke tahun ujar adhang axcr selesai kendara lengkap ke indonesia jalan proses pabean bea cukai laku periksa kontainer tiba tanah air kendara lengkap periksa cocok data dokumentasi cantum dalam ata carnet general list proses sebut penting pasti barang sesuai dengan barang belum bawa keluar indonesia seluruh wajib pabean selesai sesuai tentu proses selesai ata carnet kembali jamin pegang carnet lanjut lalu mekanisme laku support bea cukai rasa proses berangkat barang asistensi koordinasi beri sangat bantu dalam selesai proses pasti semua jalan sesuai prosedur ujar pen baca juga axcr overheating gagal misi juara pen harianto motorsport bukan soal balap alam sebut pen nilai balap indonesia ingin ikut kompetisi internasional perlu paham motorsport milik ekosistem lebih luas sekadar siap kendara teknis safety shipping dokumen pabean hingga koordinasi logistik harus pikir sejak awal jangan kita fokus buat mobil bagus cepat lupa bagaimana cara bawa mobil keluar dan masuk kembali ke indonesia semua harus pikir awal tutur pen pen harap alam dapat jadi referensi balap indonesia lain ingin bawa kendara sendiri laga kompetisi internasional terima kasih kadin dan bea cukai yang tiap tahun selalu dukung dalam ikut axcr tutup pen baca juga bagaimana kiprah reli indonesia axcr simak video video tim cr hajar al ain di afc champions league gambas video detik,sport
21,marc marquez pimpin saing motogp sempat jauh tinggal marquez aku diri dapat untung rival rival balap ducati tak sekalipun tang balap grand prix tujuh seri pertama musim bahkan empat kali gagal dulang angka duo aprilia marco bezzecchi jorge martin tokcer dominasi posisi atas klasemen finis tujuh mugello tempat marc marquez cecer poin pimpin juara telah juara dunia sembilan kali pelan pelan lesat marquez tampil juara hungaria ceko jerman aragon san marino empat antara masuk balap akhir pekan lalu misano hasil sapu bersih marquez sisi baik martin bezzecchi justru pudar usai sama sekali gagal tang satu balap grand prix alhasil marc marquez kini puncak klasemen motogp poin marquez bayang jorge martin oleh poin sama unggul jumlah menang bezzecchi tiga selisih poin marquez ungkap performa turun rival rival jadi kado manis buat saing motogp aku tadi siap balap mugello kondisi tapi sekaligus cara siap anda milik sempat tang balap sahut balap usia tahun di crash itu aku enggak pikir juara itu gantung kepada memang benar para rival beri buah hadiah ketika aku rasa hadiah itu rasa manis jadi aku sedang usaha maksimal untung gaya balap motor dari tim marc marquez tambah rin aff,sport
22,atlet angkat besi eko yuli irawan incar tiket olimpiade los angeles tekad sekaligus tanda karier lah usai eko sapa karib memang tanda asi games multievet level asia akhir urus olimpiade simpan ambisi besar dapat tampil ya coba mudah mudah akhir olimpiade cuma saing para junior untuk kualifikasi ujar eko detiksport lolos kualifikasi olimpiade la eko tanda olimpiade enam empat edisi belum kantong medali perak dua perunggu olimpiade atlet lahir lampung gagal raih medali alami cedera bagi paha kanan satu bulan terbang paris ganggu performa tanding kualifikasi olimpiade eko rencana turun kelas kg asi games aichi nagoya bakal jadi ajang panas kelas baru sebut ini bobot kg target turun minggu tanding turun kelas kg sudah ubah kelas pakai olimpiade sekarang berat badan kg mau turun minggu akhir jelas eko kelas kg kelas olimpiade sektor putra diri kg kg kg kg kg nomor putri kg kg kg kg kg kg kualifikasi olimpiade angkat besi bagi dua periode periode pertama bakal mulai tepat juara dunia angkat besi senior rencana gulir oktober hingga november ningbo china telah event ikut ialah st iwf qualifier for la ikut kalender iwf langsung desember itu bisa pasti tempat waktu selenggara masih umum lebih lanjut tahun gelar lima juara rupa bagi kualifikasi olimpiade kualifikasi iwf ii juara senior kontinental kualifikasi iwf iii juara senior dunia iwf empat juara di atas masih masuk periode pertama kualifikasi olimpiade di periode dua akan gelar kualifikasi iwf iv gelar tahun depan kemudian kualifikasi iwf juara kontinental senior juara dunia senior iwf periode kualifikasi olimpiade akan akhir mei mcy aff,sport
23,tim bulutangkis indonesia terus matang siap tuju asi games aichi nagoya pasuk hari dua pusat latih tokyo skuad merah putih dapat variasi main lewat latih tanding klub jepang ntt east badminton club latih tanding sebut gelar selasa main ganda putra putri indonesia dapat sempat hadap pasang jepang tambah alam terjun asi games latih kepala ganda putra indonesia antonius budi ariantho nilai latih tanding klub jepang beri manfaat penting turut main hadap pola main beda banding latih rekan sendiri sparing sama klub jepang rasa sangat positif dapat variasi pola main lawan beda kalau tim sendiri kan hari hari kata antonius budi ariantho terang manfaat rasa tanding lebih banyak siap pola beda beda lanjut anton sebut siap sektor ganda putra matang lima main ada skuad terus biasa main pasang beda lama siap indonesia sejak indonesia biasa lima main putar pasang beda rasa siap matang banget tinggal lihat ketemu siapa butuh bagaimana anton ungkap rupa rasa ganda putri rachel allessya rose febi setianingrum sempat latih tanding ganda putri jepang buat suasana latih lebih segar sekaligus beri alam hadap karakter main beda seru tadi latih tanding ganda ganda jepang biasa jadi lawan hari bisa latih sama positif sekali hawa ada suasana baru kata rachel febi nilai karakter main ganda jepang bisa jadi modal tambah diri rachel tampil asi games ganda jepang kenal ulet tenaga cukup kencang tadi ada hinata suzuki nao yamakita sudah sering ikut world tour series jadi tambah modal asi games febi timpal asi games aichi nagoya buka september cabang bulutangkis kemudian tanding september nomor regu september nomor orang rachel febi asi games kali jadi panggung debut mereka dua jadi hasil juara dunia bahan evaluasi tampil lebih baik jepang hasil juara dunia jadi evaluasi kami sini kami harus lebih maksimal mau kalah tingkat senang bisa percaya main asi games ucap febi amin rachel siap makin dekat ke hari tanding latih tanding lawan klub jepang jadi sempat para main indonesia kaya variasi main hadap saing asi games,sport
24,timnas basket putra indonesia gagal laju perempatfinal asi games latih david singleton sebut hasil sebut gagal tegas evaluasi seluruh laku yudha saputera dkk gagal raih menang tiga tanding grup a indonesia kalah telak jepang kemudian takluk korea selatan kembali tel kalah hadap arab saudi skor hasil sebut buat indonesia finis posisi empat grup a tiga poin tiga kalah tim merah putih akhir kiprah lebih awal singleton buka aku hasil sebut sesuai standar tetap tim nasional nilai hasil bagai gagal yakin banyak potensi tunjuk dapat proses adaptasi cukup cepat lama ada jepang kata latih karib sapa dave kutip laman federasi singleton tegas tim cari alas atas hasil buruk sebut turut indonesia butuh lebih banyak alam tanding waktu sama utama siap hadap asi games cari cari alas poin utama harus jawab dasar fakta benar butuh lebih banyak alam tanding waktu sama utama tim asi games baru benar benar bangkit tunjuk mampu baik tanding tiga jelas meski gagal raih menang singleton nilai main tetap tunjuk juang hingga tanding akhir ingin saya tekan tim tetap tampil juang hingga akhir ingin masyarakat indonesia tahu pernah serah ujar singleton aku tampil indonesia cermin mampu benar sayang bisa tunjuk jati diri sungguh hingga tanding akhir lawan arab saudi bukan standar yang ingin tetap level tim nasional tegas singleton gagal asi games jadi bahan evaluasi besar seluruh elemen tim evaluasi hanya sasar latih main staf dukung aspek organisasi hingga jadwal harus evaluasi segala federasi milik harap kami raih menang tampil lebih baik karena mulai latih main staf dukung hingga aspek organisasi jadwal semua akan evaluasi baik tutur singleton juga nilai benah boleh henti level tim senior kembang main latih level akar rumput nilai penting siap generasi ikut kami benar tidak jauh capai hasil yang lebih baik kami harus gerak hal kembang tingkat tidak hanya level senior juga tingkat akar rumput baik main maupun latih generasi datang kami akan cari bagai cara laku baik baik pada masa siap maupun lama kompetisi langsung tegas singleton mcy krs,sport
25,basi rilis roster timnas basket x putri indonesia laga asi games empat main pilih bawa merah putih ajang gelar jepang sebut empat main adalah jesslyne jaya wiyanto thasya hery saputera erlina christiana diva intan nur fadil juang bawah asuh deny sartika deny optimistis komposisi milik timnas basket x putri indonesia nilai skuadnya milik padu main big small jadi modal hadap saing fase grup komposisi size dua main big dua small nana thasya alam angkat tim nge lead teman teman tanding kata deny sartika terang tulis selasa latih staff komit game by game anak anak kasih improve bagus keluar mampu maksimal ujar indonesia gabung pool d sama singapura thailand korea selatan dasar jadwal tanding rilis panitia asi games timnas basket x putri indonesia akan hadap singapura lebih september hari sama indonesia kemudian hadap korea selatan tanding akhir fase grup akan temu indonesia thailand september tiga lawan sebut deny nilai korea selatan jadi tim paling unggul pool d lihat saing pool d anggap poolnya jadi unggul cara hitung hitung korea selatan jelas deny meski deny pilih minta main fokus hadap tanding satu per satu ingin skuadnya mampu keluar mampu baik sudah siap lama training center akan hadap game lawan singapura thailand step by step coba keluar mampu baik kita kejar keluar apa telah latih lama siap training center timnas basket x putri indonesia jadwal tolak jepang pada september deny harap main dapat tampil beban dapat dukung penuh masyarakat indonesia moga main beban keluar mampu baik lawan thailand singapura kata deny harap dukung dari masyarakat indonesia insan basket tanah air moga basket x putri bisa beri all out tiap game ucap,sport
26,marc marquez jadi cepat motogp san marino rider ducati lenovo team tang balap sirkuit misano minggu menang dapat usai insiden timpa marco bezzecchi bezzecchi start pole position akhir balap lebih awal jatuh tikung lap pertama insiden sebut buka jalan marc ambil alih posisi depan pun terus pimpin balap hingga garis finis kejar rider alex marquez bk gresini racing motogp tampil solid finis posisi dua podium tiga tempat pedro acosta red bull ktm factory racing tebak podium jawab seru san marino hanya jadi lintas gemar motogp belum ikut uji insting lewat bold riders podium picks image png kompetisi serta tebak tiga rider akan finis posisi pertama dua tiga race selesai seluruh prediksi periksa detikers hasil kumpul poin tinggi adalah vita mayawati khoirul anam dua hak dapat voucher masing masing nila rp ribu selamat vita mayawati khoirul anam hasil baca peluang podium san marino buat detikers belum hasil ada seri motogp ikut kembali uji insting siapa tahu tebak ikut justru bawa pulang hadiah buat kamu belum gabung sekarang waktu follow bold riders official sponsor gresini racing motogp team sekaligus wadah komunitas motor multi genre besar indonesia sini kamu ketemu sama cinta motor riding bareng ikut bagai aktivitas seru jangan lupa follow instagram boldriders nggak tinggal update motogp konten otomotif info event motor lain bold riders spirit of brotherhood ega ega,sport
27,jenderal tni purn muhammad herindra resmi pimpin urus besar esports indonesia pb esi periode bina atlet jadi salah satu fokus utama urus baru kuat ekosistem esports nasional herindra kukuh ketua umum pb esi periode jakarta selasa nilai pimpin pb esi rupa amanah strategis tingkat prestasi sekaligus bangun ekosistem esports lebih profesional lanjut jadi ketua umum pb esi rupa amanah strategis bangsa bukan sekadar tugas maju olahraga talenta lokal jadi tuan rumah negeri sendiri main kunci pasar global kata herindra nyata terima detiksport bina arah mampu teknis atlet disiplin bugar sehat mental lindung main hingga pasti jalur karier jadi bagi perlu kuat herindra optimistis indonesia milik banyak talenta muda bisa bawa prestasi esports level internasional yakin depan akan banyak prestasi lihat banyak talenta talenta muda indonesia punya bakat bawa indonesia lebih bicara tingkat internasional tegas herindra tekan penting kuat ekosistem negeri kembang developer game lokal selenggara kompetisi content creator platform streaming regulasi standardisasi jadi bagi arah urus pb esi indonesia boleh jadi pasar tonton talenta lokal jadi tuan rumah negeri sendiri main kunci pasar global kata herindra herindra pandang prestasi esports batas oleh medali dapat jadi bagi diplomasi indonesia era digital prestasi internasional bukan hanya soal medali juga bentuk diplomasi digital kuat citra indonesia ujar koni dukung bina atlet ketua umum koni pusat letnan jenderal tni purn marciano norman beri dukung urus pb esi bawah herindra nilai esports indonesia milik fondasi prestasi raih gelar tingkat asean asia hingga dunia pb esports indonesia telah lahir atlet atlet prestasi bangga semua telah hasil raih juara baik tingkat asean tingkat asia maupun tingkat dunia kata marciano marciano harap capai sebut jadi modal tingkat prestasi indonesia kompetisi internasional ikut masuk asi games aichi nagoya saya betul betul beri dukung penuh ketua pb esports indonesia bapak muhammad herindra serta jajar urus masa bakti prestasi esports waktu ke waktu makin baik tegas marciano norman bina atlet marciano sorot penting kuat industri game negeri turut indonesia perlu jadi tuan rumah negeri sendiri beri ruang lebih besar game karya anak bangsa esports juga jadi tuan rumah negara sendiri salah satu tingkat kualitas sosialisasi game game rupa produk negeri ujar taufik bina mulai sejak dini wakil menteri pemuda olahraga taufik hidayat juga dukung urus pb esi nilai esports kembang sekadar main hibur jadi olahraga prestasi profesi industri esports bukan sekadar main hibur telah jadi olahraga prestasi profesi industri bagi masa depan generasi muda ujar taufik jakarta selasa taufik nilai bina atlet esports butuh proses panjang latih fisik daya tahan bentuk mental perlu jadi bagi sistem bina sejak usia dini juga ingat esports butuh latih siap cabang olahraga lain saya titip jenjang atlet bina dari usia dini lebih baik tambah taufik hidayat jangan orang asumsi esports hanya main game mereka butuh latih juga ungkap taufik dukung perintah koni pb esi industri komunitas urus herindra periode arah kuat jalur bina atlet sekaligus bangun ekosistem esports nasional lebih profesional mandiri lanjut dspo krs,sport
28,insiden joanna wietrzyk cepirit ajang hyrox beijing jadi sorot diri hyrox moritz furste akhir minta maaf insiden jadi ajang hyrox beijing akhir pekan lalu wietrzyk pegang rekor dunia cepirit akibat diare tengah lomba sejak stasiun burpee broad jump kaki penuh kotor sendiri hingga stasiun stasiun ikut walking lunges farmer s carry wietrzyk tetap lanjut perlombaanya panitia selenggara tak setop insiden viral tanya standar hyrox khusus soal bersih sehat atlet hyrox terap atur guna alat lintas sama diri hyrox moritz furste akhir angkat suara mantan atlet hoki asal jerman minta maaf tak segera tindak insiden cepirit jadi perlu bicara langsung kalian semua kena peristiwa peristiwa baru tiongkok minta maaf semua pihak dampak langsung maupun langsung kepada semua orang rasa tidak tangan situasi bagaimana mesti tulis furste instagram nya hyrox laku salah tidak reaksi segera lama balap langsung akhir tugas adalah antisipasi insiden insiden potensial macam tidak laku mulai ini laku atur prosedur baru cegah ulang situasi ini ajar usaha jadi lebih baik hari kata belum hyrox china selaku selenggara aku bersih area kena kotor wietrzyk insiden panitia selenggara segera tutup isolasi daerah kena dampak lacak dan selesai desinfeksi komprehensif kata selenggara hyrox china yna aff,sport
29,jepang tuan rumah unggul cabang olahraga karate asi games pb forki yakin indonesia bawa pulang satu emas karate jadi salah satu cabor andal indonesia raih medali emas asia games aichi nagoya kirim bagai atlet ajang internasional forki kemudian tetap enam atlet asi games nomor kata marzella sekar damayanti dabn christopher edbert setiabudi nomor mite muhammad tegar januar leica al humaira lubis cok istri sanistya rani daniel hutapea bantu tiga latih masuk syamsuddin barkhani latih kepala tim karate indonesia target bawa pulan minimal satu emas nomor mite wanita siap bagus siap timnas asi games nagoya sudah bulan lalu siap fisik maupun mental yakin sudah siap libat beberapa event internasioinal tambah wawas mental ujar ketua pb forki had tjahjanto detiksport acara lepas atlet asi games cilandak jakarta selatan senin enam atlet harap emas kelas mite wanita kalau kata pria harap ambil lawan paling kuat jepang lihat latih mereka optimistis raih emas mite harap nomor kata event kata jadi andal sambung saya yakin mite dapat satu emas kalau kata emas hal luar biasa estimasi saya perak perunggu pasti indonesia sendiri asi games memang kurang bagus prestasi cuma dapat satu medali perunggu tugas makin berat di karena ada ketat biaya pelatnas menteri pemuda olahraga kemenpora imbas efisiensi laku perintah indonesia event asi games nagoya dapat bantu kemenpora sesuai porsi saya rasa masalah semua memang bina belum harus koordinasi kemenpora selalu koordinasi selalu dapat solusi solutif situasi seperti tapi atlet semua juga akhir bisa kita bisa laksana giat sesuai program buat papar purnawirawan tni au sebut tim karate indonesia terbang jepang september laku siap akhir tanding september ingat karate bukan cabang ukur bagaimana forki antisipasi ada mungkin putus juri nanti untung tuan rumah ya kita kirim latih sudah alam satu kata mite khawatir tekan rumah kami yakin emas untuk mite kata paling gak kita perunggu dapat demikian had sempat jabat panglima tni menteri agraria tata ruang itu mrp aff,sport
30,marco bezzecchi gagal dulang poin motogp san marino usai alami crash rider aprilia pantang lempar handuk sisa juara dunia nasib apes alami bezzecchi race motogp san marino minggu mulai balap pole sitter diri justru jatuh baru pasuk lap pertama crash paksa bezzecchi akhir balap lebih cepat gagal dulang poin marc marquez akhir keluar menang motogp san marino gagal dulang poin san marino tambah hasil buruk marco bezzecchi race akhir kali gagal raih poin balap utama antara crash bezzecchi lengser puncak klasemen kini dampar posisi tiga rider asal italia koleksi poin tinggal angka marc marquez poin puncak motogp kini sisa balap belum tutup musim bezzecchi nilai jumlah sebut banyak bagi bangkit rebut puncak klasemen just like that it all changes in the motogp standings sanmarinogp pic twitter com jelwjlpz motogp motogp september tujuh balap tidak anggap enteng apa begitu empat belas balap lagipula banyak balap harus lalu kata bezzecchi lansir mundo deportivo tidak pernah pikir telah tujuh balap pertama sudah aman gelar juara saya yakin marc tidak pikir sekarang ujar bay aff,sport
31,jorge martin gagal naik podium motogp san marino posisi puncak klasemen geser marc marquez sebab jorge martin finis lima balap utama motogp san marino minggu sempat pimpin martin terus lorot atas hasil jorge martin geser posisi puncak klasemen motogp oleh marc marquez meski sama sama punya poin jumlah menang lebih banyak marquez lima banding satu jorge martin aku masalah arm pump jadi rem keras cepat tinggi tekan sangat besar buat otot lengan bengkak jepit dalam jaring otot kondisi sebut hambat alir darah sebab tangan asa kaku hingga hilang tenaga kendali motor alami masalah serius arm pump ungkap martin lansir crash sayang sekali hilang peluang besar hari awal balap sangat baik tambah jorge martin aku laden marc marquez karena rasa sakit tahan alhasil rider aprilia hilang kendali kemudian mulai alami masalah rem buka gas kondisi makin buruk tiap putar jelas akhir tidak buat apa apa saya benar benar hilang kendali atas motor sambung sekarang saya tidak punya banyak waktu laku tindak apa saya pulih diri baik usaha tetap fokus balap austria kami jelas perlu paham langkah lanjut austria saya perlu jalan operasi tidak ingat jadwal balap sangat padat ini tutup aff bay,sport
32,marc marquez akhir puncak klasemen motogp bos ducati davide tardozzi tolak label favorit juara buat marquez marc marquez tang motogp san marino minggu marquez sempat sulit awal musim cedera bahu terus terus pangkas jarak akhir marquez pangkas tinggal poin marquez jadi puncak klasemen motogp poin geser jorge martin poin sama punya jumlah menang lebih banyak lima banding satu team manager alias bos ducati davide tardozzi tolak label favorit juara buat marc marquez kompetisi panjang saya favorit juara ini tegas lansir crash tahu ada delapan balap sisa dengan banyak poin rebut pun sangat kenal lawan lawan baik balap maupun motor papar tardozzi davide tardozzi yakin rival masih bisa bangkit khusus duo aprilia jorge martin marco bezzecchi pasti saing akhir jadi harus tetap fokus satu balap balap ikut usaha kumpul poin banyak mungkin tiap sirkuit kami tahu ada sirkuit mana aprilia lebih cepat kami tutup aff nds,sport
33,marc marquez pimpin klasemen kali pertama motogp jadi jawara misano marquez aku sangat bahagia sekaligus tolak lena marquez untung crash alami pole sitter marco bezzecchi putar pertama balap motogp san marino minggu balap ducati ambil alih pimpin lomba kemudian atas lawan jorge martin proses marquez jaga posisi depan akhir lomba sapu bersih seri san marino tambah poin lambung marc marquez puncak klasemen motogp poin marquez milik jumlah angka sama martin unggul jumlah menang marc marquez akhir ke performa baik sendat awal musim pengaruh cedera bahu derita mandalika tahun lalu marquez sulit sempat tinggal poin pimpin klasemen tetapi seri italia marquez bangkit juara dunia sembilan kali tang lima tujuh balap grand prix akhir masuk sapu bersih empat seri antara kendati marc marquez tegas juara selesai rasa nyata asa nyata cetus marquez parc ferme warta crash aku pernah serah aku juang akhir belum selesai belum akhir jadi sekarang puncak klasemen saing lawan balap balap sangat bagus utama martin bez seperti kita saksi semua ambang batas buah salah kecil akibat hilang banyak poin hari memang benar balap tadi salah bezzecchi aku sedikit terlalu percaya diri kemudian martin serang kemudian aku dapat percaya diri aku jaga cepat rasa gembira poin sini di misano arti sangat penting lugas marc marquez rin yna,sport
34,alexander zverev keluar juara us open tenis jerman kalah ben shelton tang titel grand slam dua karier zverev unggul atas tumpas lawan shelton final panjang empat set stadion arthur ashe senin dinihari wib tenis jerman hilang set tiga menang duduk akhir menang lengkap musim indah zverev belum zverev pecah telur rengkuh gelar juara french open juni silam bagi ben shelton kalah praktis tambah panjang puasa gelar grand slam tenis putra amerika serikat andy roddick akhir kali menang juara us open alexander zverev tang persen poin servis pertama emas pukul winner tenis usia tahun turut untung unforced error ben shelton lebih banyak sekalipun lebih banyak laku pukul winner ben kamu main orang luar biasa memang final grand slam pertama bagi kamu kembali kali kali aku taruh seluruh uang aku berani taruh kamu angkat trofi suatu hari ungkap zverev dalam pidato atas lapang aku tahu tonton sini ben jadi juara jadi aku sungguh minta maaf dua rasa luar biasa main atmosfer ini kalian semua bawa energi riuh kami terima kasih itu rasa aku cukup bicara jadi terima kasih dan sampai jumpa tahun depan kata kutip bbc sport rin raw,sport
35,marco bezzecchi gagal total balap grand prix motogp san marino bezzecchi tegas hasil kecewa tak hubung tekan rider aprilia mulai balap sirkuit misano minggu grid depan bezzecchi upaya senang publik sendiri sekaligus akhir puasa menang sejak akhir kali juara mugello balap bezzecchi justru akhir bencana bezzecchi jatuh tengah tengah putar dua pimpin balap depan marc marquez potong video insiden kait bezzecchi motor seret jauh luar lintas area gravel balap italia itu praktis retired nol poin empat kali tujuh balap grand prix akhir marco bezzecchi ungkap celaka alam murni akibat salah laku balap italia tangkis anggap diri rasa tekan besar menang balap kandang sekaligus lanjut momentum sayang sekali semua tadi jalan baik aku buat salah tikung aku hilang kendali bagi depan motor sahut bezzecchi lansir crash tanya dia rasa tekan tang balap kandang sendiri bezzecchi jawab enggak sih start depan ingin menang masalah balap misano bukan pasti tangki bahan bakar motor penuh anda harus atur titik rem sedikit lebih baik aku alami sedikit guncang bagi kencang jadi aku rem aku tutup jalur balap sempurna sayang sekali aku hilang kendali bagi depan motor dia jelas rin yna,sport
36,pebulutangkis muda hasil raih super tiket audisi umum pb djarum kudus hak lanjut juang tahap karantina lewat rangkai seleksi lama lima hari september gor djarum jati kudus pegang super tiket lanjut jalan tahap karantina lama empat pekan asrama pb djarum periode sebut hadap fase eliminasi ukur mampu kembang mentalitas tanding tentu atlet hak lang tahap ikut serta hasil lolos tahap karantina nanti dapat djarum beasiswa bulutangkis bakti olahraga djarum foundation sekaligus gabung atlet bina pb djarum raih super tiket banyak atlet putra putri lolos lalu jalur turnamen tanding tiga kelompok usia u ku ku atlet lain dapat super tiket dasar hasil pantau langsung tim cari bakat pb djarum program director bakti olahraga djarum foundation sekaligus ketua pb djarum yoppy rosimin apresiasi tinggi antusiasme serta orang tua ikut audisi umum pb djarum apresiasi orang tua latih anak anak atlet usia dini selalu nanti selenggara audisi umum itu arti kaderisasi mata rantai bulutangkis indonesia tetap pelihara baik ujar yoppy rilis terima detiksport selamat lolos tahap karantina ini baru mula tantang lanjut makin berat bahkan nanti masuk pb djarum level saing akan lebih tinggi jadi serta siap lanjut ketua tim cari bakat audisi umum pb djarum sigit budiarto apresiasi gigih pebulutangkis muda juang lewat tahap seleksi juara all england sebut tegas juang usai selamat para serta audisi umum pb djarum yang hasil dapat super tiket juang akhir masih fase karantina jadi semua serta siap diri lebih matang mulai fisik hingga mental kata sigit ikut daftar terima super tiket audisi umum pb djarum kudus super tiket jalur turnamen u putri lena arraya prasetyo sukoharjo pb pms solo ailsie elaina sembiring kota bogor pb champion kudus ku putri anindita khaira wilda kota bekas non klub farisa f zafiranihall sya bani setiawan kota mojokerto pb griya bugar yogyakarta ku putri fiona ayundya putri berlian kota semarang pb arista semarang syarifah adshila nugroho sleman pb champion reborn jogja u putra zayn abdullah rajendra najam paser utara pb champion kudus muhammad deffran alfarraz cirebon pb pandawa n kentaro javas kaivan tsaqib kebumen pb champion kebumen ghaozan gaffi algibran bekas pb champion kudus ku putra ashoka putra arvita kota semarang altrec semarang azka adhitama bekas pb bhinneka jethro alexander kemas kota palembang five stars badminton club muhammad marus sulaiman kalong pb champion kudus ku putra aldi aprian nugraha aldi aprian nugraha kota semarang pb mustika ungar fawwaz sani adhipramana ponorogo pb pms solo baron baswara putra kota yogyakarta pb champion reborn jogja m ramdani mubarok bandung pb victory bandung super tiket pilih tim cari bakat u putri adibha fitria kota samarinda pb champion kudus sanabila niyaz faza kota tangerang pb champion bogor vicky lee alison tegal pb sinar mutiara chloe levona willie kota bandung ade badminton club bandung ku putri rr arnetta safara bilqish sholeh kota yogyakarta eko febrianto ku putri lilianne andrea octaviany kabupaten sintang pb champion klaten stefanie tricia laiman kabupaten klaten pb champion klaten karenina putri inka azzahra kabupaten kendal altrec semarang karina frederika putri loen kota depok pb champion dakota u putra moreno putra zhulkifli kota balikpapan pb cahaya indonesia wijaya putra sugiharto kabupaten sidoarjo pb champion klaten arjuna azka aldrich kabupaten sragen pb sukowati ku putra azka azfar rabbani kabupaten purworejo pb garuda jaya muh rifky harimurti ramadhan kabupaten kolaka pb champion kudus ku putra feliks zebua kabupaten bogor kayp champion bogor ghian ahza danish adinata kota surakarta pb pms solo muhadad al azzam kota bandung jingga badminton academy raziq sahala kabupaten banjarnegara pb delta klampok ran yna,sport
37,karan singh bendung men s world tennis championship tenis asal india kembali jaya seri v final itf world tennis tour m lapang a bal beach country club nusa minggu karen hadap tenis amerika serikat alexander chang tempo jam menit rupa duel besar karan juara tahan seri v alexander chang juara utr ptt temu karakter main beda karan tenang akurasi tempat bola set pertama mampu redam lincah cepat chang unggul tie break pasuk set dua intensitas tanding tetap langsung tempo tinggi mana chang usaha tingkat tekan lewat sergap voli depan net maupun senjata servis keras karan mampu merespon baik ubah strategi chang hasil patah servis lawan game pimpin sia nyiakan sempat emas sebut servis karan tutup set dua skor akhir untuk tampil juara seri lima gelar untun bikin karan senang bukan main dia mau cepat puas rasa tampil lebih baik senang bahagia atas capai hasil seri di bal memang jadi juara laga hari tidak mudah alexander chang main bagus ujar karan dalam rilis detiksport raih gelar juara tunggal putra seri v karan hak atas hadiah uang usd tambah poin atp alexander hak atas usd trofi di serah heru gunawan selaku area business team leader bni kanwil denpasar damping bayu anggoro widyanto cfo paiton energi ini amman mineral men s world tennis championship rehat kruang lebih bulan gulir bulan desember dua seri m desember lanjut m desember januari mrp ran,sport
38,kim antonelli rebut podium pertama seri italia lalu formula gp spanyol finis depan max verstappen lando norris formula gp spanyol langsung madring minggu malam wib lando norris start pole position ikut max verstappen kim antonelli grid awal norris sempat kontrol awal balap buah virtual safety car rusak hari momentum pit stop lewat charles leclerc kemudian pimpin waktu cukup lama saja judi guna ban keras tunda masuk pit nyata jadi bumerang tak insiden hadir safety car antonelli jadi yang ketiban berkah hingga akhir juara norris lain sisi mampu bangkit sempat tarung verstappen kendati puas dengan podium tiga leclerc finis empat di epan george russell liam lawson franco colapinto oscar piastri arvin lindblad nico hulkenberg lengkap besar lewis hamilton gagal finis hasil gp spanyol raw rin,sport
39,marco bezzecchi alami crash motogp san marino nasib buruk rider aprilia jadi berkah buat sang rival marc marquez motogp san marino gelar misano world circuit marco simoncelli minggu malam wib bezzecchi mulai race pole sitter petaka timpa bezzecchi tikung lap pertama alami lowside hingga crash lempar gravel marc marquez langsung ambil alih pimpin balap lepas bezzecchi crash sempat rebut jorge martin mm mampu akhir race posisi pertama crash san marino tambah hasil buruk marco bezzecchi race akhir sudah kali gagal raih poin balap utama antara jatuh motor bezzecchi belum crash motogp hungaria motogp belanda race ceko mb kena sanksi larang tampil akibat dorong serang marshal jerman diri tak ikut balap lantar patah tulang usai crash sesi kualifikasi hasil hasil buruk buat bezzecchi lengser puncak klasemen kini dampar posisi tiga rider usia tahun koleksi poin tinggal angka marc marquez poin puncak marc marquez hasil manfaat peluang atas hasil hasil buruk bezzecchi the baby alien menang race utama kini duduk puncak klasemen motogp pertama kali early early drama bezzecchi has crashed out of the lead sanmarinogp pic twitter com wlihtccoi yang lihat hari kami balap atas mampu salah kecil rugi banyak poin memang benar lihat balap kata marquez usai menang motogp san marino salah bezzecchi sedikit terlalu percaya diri kemudian jorge martin serang kemudian dapat percaya diri tahan cepat ya senang poin di misano sangat arti ujar marco bezzecchi vs marc marquez main race akhir bay adp,sport
40,marc marquez pertama kali puncak klasemen motogp hasil dapat the baby alien menang race san marino motogp san marino gelar misano world circuit marco simoncelli minggu malam wib marquez start p belakang marco bezzecchi selaku pole sitter petaka timpa bezzecchi lap pertama rider aprilia alami crash hingga lempar gravel marc marquez ambil alih posisi depan usai crash bezzecchi jorge martin salip pasuk lap tujuh marquez rebut pimpin balap martin lap rider ducati hasil tahan posisi depan hingga garis finis susul alex marquez pedro acosta isi podium menang lengkap hasil sempurna marc marquez san marino juara tahan motogp juga raih podium pertama sprint race hari sabtu tambah total poin san marino dongkrak posisi marc marquez klasemen the baby alien duduk puncak pertama kali sejak musim motogp gulir marcmarquez wins at misano and takes the championship lead for the first time in sanmarinogp pic twitter com dvmiruszvi motogp motogp september marc marquez koleksi poin sama milik jorge martin poin capai bilang luar biasa ingat mm sempat crash motogp prancis absen balap catalunya rasa nyata anda tahu jangan pernah serah akan terus juang akhir selesai belum akhir kata marc marquez usai race motogp san marino jadi masih ada juara juang lawan rider rider sangat bagus utama martin bezzecchi seperti yang kita lihat hari ini kami balap batas mampu salah kecil bisa rugi banyak poin ujar bay adp,sport
41,ikut klasemen motogp marc marquez menang balap utama san marino rider ducati sukses geser jorge martin posisi puncak balap lap sirkuit misano minggu marquez sukses catat menang lima musim unggul alex marquez pedro acosta lengkap podium tambah poin bawa marquez posisi atas poin martin finis lima misano punya poin sama marquez unggul jumlah menang banding balap aprilia posisi tiga tempat marco bezzecchi poin gagal tambah poin akibat crash awal balap san marino fabio giannantonio tempat urut empat poin usai finis tujuh pedro acosta naik urut lima usai finis tiga geser ai ogura poin absen kali karena pulih cedera posisi tujuh isi raul fernandez poin posisi delapan isi alex marquez poin tambah poin usai finis dua geser francesco bagnaia poin alami crash tengah balap fermin aldeguer lengkap besar dengan poin usai finis empat klasemen motogp marc marquez ducati poin jorge martin aprilia marco bezzecchi aprilia fabio giannantonio vr pedro acosta ktm ai ogura trackhouse raul fernandez trackhouse alex marquez gresini francesco bagnaia ducati fermin aldeguer gresini luca marini honda enea bastianini tech brad binder ktm diogo moreira lcr fabio quartararo yamaha franco morbidelli vr johann zarco lcr joan mir honda jack miller pramac alex rins yamaha toprak razgatlioglu pramac maverick vinales tech iker lecuona gresini augusto fernandez yamaha pol espargaro tech,sport
42,motogp san marino tuntas gelar marc marquez jadi juara susul alex marquez pedro acosta motogp san marino langsung sirkuit misano minggu malam wib gelar balap utama total laps starting grid posisi pole isi marco bezzecchi ikut marc marquez fermin aldeguer row isi fabio giannantonio jorge martin luca marini balap mulai marco bezzecchi ngacir sekaligus tutup celah buat marc marquez bezzecchi tahan posisi tikung pertama jorge martin naik posisi tiga aldeguer turun empat masuk tikung petaka buat bezzecchi alami lowside crash lempar gravel marc marquez naik posisi pertama jorge martin naik dua pedro acosta naik posisi tiga lap tiga panas duel duo gresini vs ktm alex marquez maju posisi tiga asap pedro acosta aldeguer bayang belakang lap enam francesco bagnaia jatuh lagi pecco selesai balap lap tujuh tikung empat jorge martin sukses salip marc marquez martin salip sisi balap makin ketat posisi pertama tiga martin marc alex selisih waktu sampai detik lap marc marquez sukses salip jorge martin tikung enam marquez terus tekan dapat momentum lap ganti alex marquez salip martin persis laku kakak tikung enam marc marquez unggul nyaman satu detik kejar alex lap sementara martin tekan terus acosta lap asocta sukses salip martin tikung delap martin tampak mulai kendur lanjut salip aldeguer situasi banyak ubah masuk lap alex sempat nyaris lempar belok untung bisa kendali kuda besi alex sempat pangkas jarak jadi marc depan marc bisa tahan momentum tiga lap akhir alex makin kikis jarak jadi selisih detik marc marc marquez akhir kejar rider ducati jadi kampiun motogp san marino susul alex marquez pedro acosta lengkap podium hasil motogp san marino marc marquez spa ducati lenovo gp laps alex marquez spa bk gresini ducati gp s pedro acosta spa red bull ktm rc s fermin aldeguer spa bk gresini ducati gp s jorge martin spa aprilia racing rs gp s raul fernandez spa trackhouse aprilia rs gp s fabio giannantonio ita pertamina vr ducati gp s enea bastianini ita red bull ktm tech rc s luca marini ita honda hrc castrol rcv s fabio quartararo fra monster yamaha yzr m s brad binder rsa red bull ktm rc s toprak razgatlioglu tur pramac yamaha yzr m s franco morbidelli ita pertamina vr ducati gp s pol espargaro spa red bull ktm tech rc s johann zarco fra castrol honda lcr rcv alex rins spa monster yamaha yzr m joan mir spa honda hrc castrol rcv francesco bagnaia ita ducati lenovo gp jack miller aus pramac yamaha yzr m diogo moreira bra pro honda lcr rcv marco bezzecchi ita aprilia racing rs gp,sport
43,motogp san marino masuk tengah balap marquez saudara asap jorge martin motogp san marino langsung sirkuit misano minggu malam wib gelar balap utama total laps starting grid posisi pole isi marco bezzecchi ikut marc marquez fermin aldeguer row isi fabio giannantonio jorge martin luca marini balap mulai marco bezzecchi ngacir sekaligus tutup celah buat marc marquez bezzecchi tahan posisi tikung pertama jorge martin naik posisi tiga aldeguer turun empat masuk tikung petaka buat bezzecchi alami lowside crash lempar gravel marc marquez naik posisi pertama jorge martin naik dua pedro acosta naik posisi tiga lap tiga panas duel duo gresini vs ktm alex marquez maju posisi tiga asap pedro acosta aldeguer bayang belakang lap enam francesco bagnaia jatuh lagi pecco selesai balap lap tujuh tikung empat jorge martin sukses salip marc marquez martin salip sisi balap makin ketat posisi pertama tiga martin marc alex selisih waktu sampai detik lap marc marquez sukses salip jorge martin tikung enam marquez terus tekan dapat momentum lap ganti alex marquez salip martin persis laku kakak tikung enam marc marquez unggul nyaman satu detik kejar alex lap sementara martin tekan terus acosta lap asocta sukses salip martin tikung delap martin tampak mulai kendur aff bay,sport
44,motogp san marino masuk lap tujuh momen penting jadi jorge martin lewat marc marquez jadi depan motogp san marino langsung sirkuit misano minggu malam wib gelar balap utama total laps starting grid posisi pole isi marco bezzecchi ikut marc marquez fermin aldeguer row isi fabio giannantonio jorge martin luca marini balap mulai marco bezzecchi ngacir sekaligus tutup celah buat marc marquez bezzecchi tahan posisi tikung pertama jorge martin naik posisi tiga aldeguer turun empat masuk tikung petaka buat bezzecchi alami lowside crash lempar gravel marc marquez naik posisi pertama jorge martin naik dua pedro acosta naik posisi tiga lap tiga panas duel duo gresini vs ktm alex marquez maju posisi tiga asap pedro acosta aldeguer bayang belakang lap enam francesco bagnaia jatuh lagi pecco selesai balap lap tujuh tikung empat jorge martin sukses salip marc marquez martin salip sisi aff adp,sport
45,motogp san marino mulai bezzecchi langsung ngacir tutup celah buat marc marquez belakang rider aprilia langsung crash motogp san marino langsung sirkuit misano minggu malam wib gelar balap utama total laps starting grid posisi pole isi marco bezzecchi ikut marc marquez fermin aldeguer row isi fabio giannantonio jorge martin luca marini balap mulai marco bezzecchi ngacir sekaligus tutup celah buat marc marquez bezzecchi tahan posisi tikung pertama jorge martin naik posisi tiga aldeguer turun empat masuk tikung masih lap pertama petaka buat bezzecchi alami lowside crash lempar gravel aff bay,sport
46,veda ega pratama gagal tambah poin race moto san marino posisi klasemen makin dekat hakim danish moto san marino gelar minggu sore wib misano world circuit marco simoncelli veda mulai race banyak laps posisi david almansa mulai race pole sitter terus ada posisi depan hingga pasuk lap akhir maximo quiles hasil salip almansa tikung akhir lap pamungkas rider asal spanyol pun keluar menang moto san marino veda ega pratama gagal tingkat performa san marino rider honda team asia harus puas finis posisi gagal dulang poin hasil lebih baik tunjuk rider malaysia hakim danish mulai race grid belakang mampu finis posisi dan raih poin quiles tambah poin menang moto san marino rider tim cfmotoaspar team kukuh puncak klasemen poin david almansa ada urut dua klasemen moto poin susul alvaro carpe poin brian uriarte duduk posisi empat poin depan marco morelli poin dan valentin perrone poin veda ega pratama urut tujuh klasemen dengan poin kini jarak poin dari hakim danish poin belakang klasemen moto besar maximo quiles poin david almansa poin alvaro carpe poin brian uriarte poin marco morelli poin valentin perrone poin veda ega pratama poin hakim danish poin matteo bertelle poin rico salmela poin bay aff,sport
47,tim bulutangkis indonesia tiba tokyo jelang asi games aichi nagoya jalan pusat latih dulu tim bulutangkis indonesia laga asi games aichi nagoya tiba tokyo hari minggu jalan pusat latih pusat latih langsung kurang lebih tiga hari mulai senin hingga rabu datang kabid binpres pelatnas juga head latih asi games eng hian kata seluruh fasilitas pusat latih lengkap pada seluruh fasilitas hotel tempat latih butuh butuh kait pusat latih anak anak lengkap sesuai harap ucap eng hian siap anak anak pasti ganggu sesuai program program sudah rancang sejak pelatnas indonesia tambah eng hian tambah selain sparring partner bawa jakarta akan ada latih sama atlet atlet jepang bawa beberapa atlet sparring partner tambah akan ada latih bareng sama atlet atlet jepang tiga hari laksana pusat latih jelas eng hian ini sangat positif bekal tambah lakon laga asi games saya harap semua main jalan seluruh proses fokus suasana positif dengan rasa percaya diri yang makin kuat jaga kondisi kuat kompak siap beri mampu baik merah putih pesan eng hian cabang bulutangkis asi games aichi nagoya gulir september nomor regu putra putri lalu september nomor orang aff bay,sport
48,maximo quiles menang race moto san marino veda ega pratama puas finis posisi seri moto gelar misano world circuit marco simoncelli minggu sore wib balap tajuk moto san marino langsung banyak laps david almansa mulai race pole sitter rider indonesia veda ega pratama start posisi veda lorot p lepas lap pertama almansa pimpin race susul brian uriarte valentin perrone belakang posisi raih veda pasuk lap tiga almansa uriarte jadi rider depan maximo quiles salip uriarte posisi lap enam veda lorot p balik p susul hakim danish belakang hakim danish salip veda pasuk lap delap veda bahkan lorot p lap ikut turun p lap puluh uriarte kembali rebut p quiles lap sebelas hanya jarak detik dari alamnsa depan quiles salip uriarte lap veda ega lorot p hakim danish p maximo quiles hasil salip almansa tikung akhir lap pamungkas quiles jadi menang moto san marino veda ega pratama gagal raih poin finis urut ke hakim danish akhir balap di p hasil moto san marino maximo quiles david almansa brian uriarte matteo bertelle valentin perrone rico salmela joel kelso adrian cruces marco morelli david gonzalez casey o gorman hakim danish ryusei yamanaka adrian fernandez scott ogden eddie o shea alvaro carpe veda ega pratama guido pin jesus rios bay aff,sport
49,indonesia kalah arab saudi partai akhir sisih grup a cabang olahraga basket putra asi games hasil merah putih pasti angkat koper tanding aichi international arena nagoya minggu dua tim main imbang akhir kuarter pertama arab saudi hasil ambil momentum kuarter dua pimpin arab saudi jauh kejar indonesia kuarter tiga sempat unggul sisa waktu menit detik tutup kuarter skor indonesia pantang serah saja lantas beri lawan kuarter empat sempat tinggal laga sisa empat menit detik derrick xzavierro dkk lalu nipis jarak jadi sisa waktu detik arab saudi kemudian cetak tujuh poin untun unggul sisa waktu indonesia mampu tambah empat poin arab saudi tambah empat poin untuk tutup laga skor laga abraham grahita jadi sumbang poin banyak indonesia poin susul xzavierro poin yudha saputera poin andakara prastawa sumbang poin yang lain bawah digit kubu arab saudi muhammad abdurrahkman sumbang poin susul mohammed alsuwailem poin mathna almarwani sumbang poin sisa bawah digit jadi kalah tiga indonesia cundang jepang korea selatan merah putih finis juru kunci grup a tiga poin gagal lang fase gugur adp aff,sport
50,umum menang social media quiz tema tebak nama sirkuit motogp tunggu tunggu akhir tiba rangkai kuis telah sedot antusiasme tinggi cinta balap motor seluruh indonesia kuis gelar bold riders sama detikcom belum ajak serta uji tahu bagai lintas motogp serta minta tebak nama sirkuit dasar siluet postingan kuis ikut mekanisme telah tentu tantang dapat empat nama sirkuit jadi jawab benar jawab liput misano world circuit marco simoncelli red bull ring twin ring motegi mandalika international street circuit dasar hasil undi verifikasi jawab tepat tiga serta untung hak keluar menang tiga akun instagram sebut ricoramaddhan fikrinugraha dwidilanmchtr selamat seluruh menang hasil jawab kuis cermat cepat para menang mohon segera ecek kotak masuk pesan pribadi direct message akun instagram masing masing data klaim hadiah serta belum untung sempat raih bagai hadiah tarik lain buka lebar pantau terus akun media sosial boldriders tidak tinggal berita kini kuis seru lanjut bold riders wadah komunitas motor multigenre semua merek junjung tinggi semangat brotherhood sponsor gresini racing team ajang motogp bawa semangat balap penuh adrenalin berani ambil risiko bold riders dukung nilai live bold jadi jiwa motogp anak motor liput berani ambil putus hitung detik mentalitas terus kembang passion tinggi dunia roda disiplin harga proses latih jadi jalan lebih makna saudara inklusif rangkul semua jenis motor jangan lupa follow boldriders update informasi baru putar dunia motor motogp prf ega,sport
51,elena rybakina tampil juara grand slam us open usai kalah juara tahan kali aryna sabalenka final jadi gelar us open pertama rybakina tanding final usta billie jean king national tennis center minggu pagi wib rybakina menang duel tiga set skor tenis kazakhstan segel menang ace menang sekaligus lengkap hasil rybakina duduk peringkat satu dunia tenis usia tahun pasti naik peringkat satu dunia geser sabalenka usai tembus semifinal us open lalu jadi gelar grand slam tiga rybakina panjang karier sekaligus dua telah menang australian open jadi tenis wanita tiga abad juara grand slam lapang keras tahun sama sulit temu kata kata tepat sekarang tidak sangka mulai turnamen ujar rybakina sempat ganggu cedera gelang kaki turnamen lansir reuters harus hadap cedera entah bagaimana segala pihak aryna lawan kamu sulit kamu dorong sampai batas ingin terima kasih tonton atas atmosfer yang luar biasa sudah sini lama tahun akhir tidak pernah hasil saya makin jatuh cinta new york kata nds ran,sport
52,saing rebut super tiket makin kerucut hari empat audisi umum pb djarum kudus langsung gor djarum jati kudus sabtu beri lalu jalur turnamen super tiket jadi sempat serta belum mampu lang jauh arena tanding nilai milik potensi kembang jadi atlet kualitas masa depan empat hari laku pantau langsung tepi lapang tim cari bakat pb djarum mulai kantong jumlah nama nilai layak dapat perhati lebih legenda bulutangkis pb djarum sekaligus anggota tim cari bakat hastomo arbi kata proses cari bakat laku seluruh hanya lihat hasil tanding tim perhati bagai aspek dapat jadi modal orang main kembang kantong beberapa nama saya lihat skill itu bagus sekali cara tanding beda main postur tubuh nilai penting ialah bagaimana proyeksi bisa asah jadi atlet kualitas masa datang ujar hastomo raih piala thomas sebut tegas hasil tanding bukan jadi satu satu ukur tim cari bakat usaha lihat potensi jangka panjang orang main tegas maria kristin yulianti selaku anggota tim cari bakat audisi umum pb djarum sektir putri biasa kandidat raih super tiket pilih tim cari bakat asal serta gugur babak turnamen besar lihat kerja keras daya juang di lapang jadi hanya hasil akhir semata ujar maria kristin dari amat ada beberapa yang main ngoyo dan lihat mau kalah arti mereka milik spirit yang tinggi menang yang bisa jadi kandidat raih super tiket tegas ran pur,sport
53,nathan barki kubur impi juara seri v men s world tennis championship dia kandas semifinal tanding itf world tennis tour m bal beach country club nusa sabtu nathan hadap alexander chang asal amerika serikat tanding lama jam menit hadap juara utr ptt nathan sejati sempat unggul set pertama dia habis tenaga set dua serah mudah set tentu nathan beri lawan sengit akhir kalah meski gagal final nathan tetap puas capai seri v ingat prestasi baik perempatfinalis capai bagus ingat lawan alexander chang main luar biasa ini fokus tampild rangkai turnamen level kampus amerika serikat rencana lagi tanah air desember datang tampil ajang m m bal ujar nathan rilis detiksport alexander hadap tenis india karan singh sukses kalah kompatriot digvijay pratap singh set langsung karan akan coba tahan gelar rebut seri iv lalu nomor ganda putra alexander chang pablo perez ramos hasil tahan gelar juara ganda putra usai tumbang isaac becroft reece falck dari selandia baru lewat tarung tiga set lama jam menit takluk set pertama alexander pablo balas ngan angka sama set tiga lakon tentu menang duel makin sengit set tiga alexander pablo sempat tinggal tanding point hasil balik ada menang hak atas hadiah dolar as tambah poin atp isaac reece oleh uang dolar as trofi sangat senang raih dua gelar juara m bal ikan apresiasi rekan saya alexander chang performa tetap prima meski habis tanding nomor tunggal papar pablo pablo sangat cepat antisipasi main lawan maupun ubah strategi saat poin poin kritis jadi buah menang timpal alexander mrp pur,sport
54,air ancol jakarta ramai deru mesin jetski sabtu ajang panglima tni cup gelar mabes tni jetski academy ancol jadi titik temu puluh balap bagai latar belakang mulai prajurit atlet hingga komunitas sipil salah satu sosok curi perhati ario bimo nandito ariotedjo mantan menteri pemuda olahraga dito hadir sekadar tamu hormat justru turun langsung serta pacu jetski kelas moto amateur runabout racing kena nomor punggung diri garis start sama serta lain dito jalan seluruh rangkai balap sesuai jadwal telah tetap panitia dito dunia olahraga bukan asing jauh percaya jadi menteri pemuda olahraga april pria lahir september telah aktif bagai sektor ekosistem olahraga indonesia dito pernah percaya chef de mission kontingen indonesia youth olympic argentina juga catat pernah libat urus ikat sport sepeda indonesia issi dki jakarta hingga jabat chairman rans basket rilis terima detiksport ajang panglima tni cup tawar ruang kompetisi relatif jarang temu olahraga indonesia prajurit tni atlet hobi balap komunitas sipil temu satu arena atur standar tanding nilai sama kelas moto amateur runabout racing jadi salah satu contoh kelas jadi pintu masuk balap yang sedang bangun alam titi jenjang kompetisi level ini proses regenerasi balap jetski langsung capai level elite bawa nama indonesia kompetisi internasional balap butuh ruang kompetisi asah mampu sekaligus bangun mental tanding ran pur,sport
55,juara renang ajar mula jakarta selatan selesai laksana juara renang muda langsung kolam renang tirta faletehan pesanggrahan jakarta selatan sabtu ketua panitia laksana agus maulana kata total renang muda putra putri ambil bagi ajang juara jadi panggung renang mulai tingkat anak lahir lanjut agus serta rupa siswa sekolah anggota klub renang seluruh indonesia panitia beri tegas kait status serta bukan juara lomba osn tingkat nasional provinsi pon popnas indonesia open kejuarda kejurnas fai atlet popb panitia buka daftar sejak juli hingga september adalah juara renang khusus mula laksana tujuh buat tahun jadi wadah anak anak kembang mampu renang jelas agus harap lalu giat bisa sinergi pihak pihak kait wadah prestasi ajar indonesia ungkap bagi bina kata agus nomor khusus tanding ajang nomor short course jadi pilih tingkat percaya diri renang muda fokus tanding nomor short coures ukur percaya diri mampu renang mula tingkat ajar jelas agus bagi apresiasi kerja keras juang renang muda lintas renang lanjut agus panitia sedia hadiah menang dua kategori tentu menang juara seri juara acara juara seri dapat medali juara acara dapat piala sertifikat eksklusif rasi apresiasi bagi motivasi tingkat bangga para renang muda atas kerja keras dalam latih tanding terang agus juga sedia hadiah uang bina untuk para menang nilai total hadiah besar rp juta ungkap agus harap juara bisa terus laksana lanjut renang muda butuh wadah untuk tunjuk hasil latih ada banyak juara renang mula akan asah mental mampu sejak dini harap renang andal masa depan lahir juara dan jadi sumbang medali untuk indonesia ajang internasional ujar ran pur,sport
56,pihak selenggara target jumlah tonton motogp mandalika lebih banyak ketimbang tahun lalu ada veda ega pratama jadi alas utama informasi detiksport tahun lalu motogp mandalika pecah rekor tonton orang race day total tonton lama tiga hari helat ajang capai tonton tiga tahun akhir sejak selenggara motogp mandalika catat tumbuh tonton tonton sekitar persen mengapa direktur operasi injourney tourism development corporation itdc troy warokka yakin jumlah tonton makin banyak tahun indonesia punya balap veda ega pratama moto mario aji moto lebih veda mana performa sejak awal musim betot perhati publik sekalipun belakang turun jauh troy sebut jual tiket motogp mandalika capai persen total kapasitas veda mario marc marquez punya basis dukung besar indonesia fans saksi marquez raih menang pertama indonesia tarik motogp kali balap indonesia veda ega pratama mario aji moto moto juga buat gera beli tiket lebih agresif banding tahun lalu ujar troy terang media indonesia sport summit iss jumat tiket jual persen bahkan persen animo masyarakat cukup luar biasa karena selain ingin tonton marc marquez ramal jadi juara dunia belum pernah naik podium mandalika juga balap indonesia tampil mario aji veda ega pratama sambung jadi tarik motogp mandalika tahun semua tunggu marquez mampu naik podium mandalika juga bagaimana kiprah balap indonesia mario aji veda ega pratama motogp mandalika gelar oktober datang troy harap dukung seluruh pihak utama perintah hajat kali bisa jalan lancar sukses lihat jadi ini memang siap motogp nya makin baik motogp nya juga saya rasa makin positif paling penting dukung perintah baik pusat maupun daerah luar biasa giat ini papar jadi buat ini rupa dukung yang luar biasa yang paling penting doa seluruh masyarakat acara sukses lancar aman mrp cas,sport
57,balap misano world circuit marco simoncelli sabtu malam wib marc start dua langsung ambil alih pimpin balap lepas tikung pertama posisi tahan marc akhir balap sekalipun marco bezzecchi selaku pole sitter terus buru panjang lap utama tengah balap jarak capai detik scroll to continue with content bezzecchi puas posisi dua susul jorge martin rupa rekan tim aprilia fabio giannantonio alex marquez lengkap lima besar advertisement tambah poin marc tetap mangkas jarak martin puncak klasemen motogp jadi poin marc punya poin martin poin bezzecchi intai posisi tiga poin posisi tiga besar cuma jarak poin giannantonio posisi empat punya poin lalu ai ogura posisi lima poin,sport
58,marc marquez tampil dominan tang sprint race motogp san marino balap ducati asap duo aprilia marco bezzecchi jorge martin jalan balap balap misano world circuit marco simoncelli sabtu malam wib marc start posisi dua langsung salip marco bezzecchi tikung pertama ada posisi depan jorge martin start lima upaya selak posisi depan cuma naik satu strip posisi empat fabio giannantonio sukses tahan posisi tiga lepas start fermin aldeguer harus turun posisi enam akhir lap pertama salip pedro acosta masuk lap tiga saing mulai panas alex marquez tiba tiba lesat posisi lima lewat acosta aldeguer marc kuntit bezzecchi posisi dua giannantonio posisi tiga hampir tengah balap jalan marc pimpin balap susul bezzecchi martin terus buru giannantonio posisi tiga jelang ujung lap tujuh martin akhir salip giannantonio sisi kiri luar rebut posisi tiga marc pimpin selisih satu detik bezzecchi lap sembilan bezzecchi sukses mangkas jarak marc jadi detik balap jadi lebih sengit martin giannantonio alex ada posisi tiga lima rebut podium akhir sadar bezzecchi intai marc laju motor lebih kencang sisa tiga lap lebar jarak sudah capai detik bezzecchi sendiri jarak lebih satu detik atas martin posisi tiga lap marc buat jarak sedikit jauh jadi detik atas bezzecchi atas satu detik lap akhir marc akhir jadi balap pertama lintas garis finis susul bezzecchi martin di giannantonio alex marquez lengkap posisi lima besar acosta fernandez aldeguer luca marini johann zarco di posisi enam hingga puluh hasil sprint race motogp san marino mrp cas,sport
59,hasil kualifikasi moto san marino bisa lihat rider indonesia veda ega pratama tempat posisi start dalam sesi kualifikasi moto san marino sabtu malam wib david almansa jadi rider cepat balap tim intact gp catat waktu satu menit detik lengkap front row brian uriarte joel kelso baris dua posisi start isi valentin perrone maximo quiles matteo bertelle veda ega catat waktu baik satu menit detik balap honda team asia catat waktu detik lebih lambat almansa sesi kualifikasi veda ega cuma lahap banyak enam lap rider asal gunungkidul yogyakarta catat top speed kilometer jam hasil kualifikasi moto san marino david almansa menit detik brian uriarte joel kelso valentin perrone maximo quiles matteo bertelle casey o gorman rico salmela alvaro cape scott ogden adrian fernandez ryusei yamanaka joel esteban marco moelli eddie o shea veda ega pratama jesus rios hakim hanish marcos uriarte adrian cruces guido lini zen mitani leo rammerstofer nicola carraro ruche moodley david gonzalez cas mrp,sport
60,selesai kualifikasi motogp san marino balap aprilia marco bezzecchi raih pole unggul rider ducati marc marquez sesi gelar misano world circuit marco simoncelli sabtu sore wib francesco bagnaia gagal lolos q raul fernandez fermin aldeguer jadi serta akhir q sempat jadi crash awal q alex marquez gelincir marc ada posisi depan awal bezzecchi sempat jatuh posisi dekat empat menit waktu sisa marc pimpin yellow flag keluar fabio giannantonio jatuh tikung empat bezzecchi kemudian lesat coba dua kualifikasi untuk ada posisi depan marc coba baik catat waktu puas posisi dua jarak detik aldeguer lengkap baris depan start posisi tiga giannantonio jorge martin posisi empat lima luca marini pedro acosta franco morbidelli alex fernandez posisi enam ke alex sempat gelincir di tikung empat sempat dua hasil kualifikasi motogp san marino mrp cas,sport
61,simak jadwal motogp san marino misano hari sabtu saing marc marquez marco bezzecchi jadi perhati utama dua ganti pimpin sesi latih jumat rangkai motogp san marino hari mulai fp sore wib rider kelas utama akan jalan kualifikasi tentu posisi start tutup sprint race malam hari bezzecchi balik unggul marc marquez duel bezzecchi marc panas sejak hari pertama marc marquez jadi cepat fp jumat pagi catat waktu menit detik rider ducati lenovo itu unggul bezzecchi selisih detik bezzecchi lantas balas sesi practice jumat malam rider aprilia racing sebut catat waktu menit detik tempat posisi pertama hasil practice sebut pasti bezzecchi marc marquez balap yang masuk besar dapat tiket langsung q sesi kualifikasi hari sabtu jadwal motogp san marino hari hari dua motogp san marino mulai sejak siang moto lebih dulu jalan fp kemudian moto kelas utama fp motogp gelar pukul wib sesi jadi sempat akhir balap siap motor pasuk kualifikasi kualifikasi motogp kemudian langsung mulai wib bagi dalam q q sesi akan tentu posisi start sprint balap utama puncak sprint motogp san marino gelar pukul wib balap sebut langsung lama lap ikut jadwal motogp san marino hari wib moto free practice nr wib moto free practice nr wib motogp free practice nr wib motogp qualifying nr wib motogp qualifying nr wib moto qualifying nr wib moto qualifying nr wib moto qualifying nr wib moto qualifying nr wib motogp sprint lap,sport
62,gresini racing guna livery khusus kenang mendiang marco simoncelli balap motogp san marino akhir pekan simoncelli mulai debut motogp sama gresini terus sana wafat usia tahun akibat celaka motogp malaysia ia sukses catat podium dua pole position lama periode citra simoncelli lekat motor livery putih corak merah kombinasi warna sebut sesuai sponsor itu san carlo livery sebut kembali pakai gresini laga motogp san marino akhir pekan gelar misano world circuit marco simoncelli sejak nama trek ubah hormat sang rider lahir besar rimini guna livery juga jadi bagi raya tahun gresini racing kiprah ajang balap motor prototipe pertama kali terjun kelas cc musim hari minggu fairing motor alex marquez fermin aldeguer beri hormat penuh mesin tani marco simoncelli lama karier begitu singkat motogp bunyi nyata gresini racing kutip crash rilis livery paolo simoncelli yang rupa ayah marco juga turut hadir sesuai umum tim livery belum tampak sesi latih jumat alex dan aldeguer kendara motor livery biru muda yang jadi ciri khas gresini racing beberapa musim akhir adp pur,sport
63,marc marquez aku sedikit sulit jalan latih hari pertama motogp san marino padahal hanya kalah marco bezzecchi sukses lolos langsung sesi kualifikasi dua q latih bebas sirkuit misano jumat marquez hasil jadi cepat sesi practice beberapa jam selang finis dua selisih detik belakang bezzecchi meski rasa nyaman balap aragon pekan lalu itu ia hasil raih menang ganda sprint race balap utama memang benar akhir finis posisi dua practice situasi tak aragon selalu ada tiga besar panjang sesi latih ujar marc marquez kutip crash memang benar saya catat waktu kompetitif putar cepat kita lihat saing sangat ketat sesi kualifikasi besok jadi sangat krusial jika laku sedikit salah bisa harus mulai balap baris dua bahkan tiga ini masalah besar motogp saat ini misano salah satu sirkuit tempat kuat antar tim lebih imbang seperti yang lihat catat waktu aprilia tampil kuat di tikung cepat ducati unggul di tikung tipe stop and go tegas adp bay,sport
64,ducati tegas terus beri dukung optimal francesco bagnaia hingga akhir musim motogp tengah performa labil balap asal italia sudah hampir tahun lalu sejak akhir kali bagnaia raih menang balap utama motogp tepat sirkuit motegi musim capai baik hanya finis tiga banyak empat kali bagnaia catat retired banyak enam kali masuk crash dua seri akhir silverstone aragon kondisi sebut turut dampak percaya diri kendara desmosedici gp parah hasil latih motogp san marino hanya ada urut rider harus jalan q kali empat untun tepat sejak motogp jerman juli lalu capai jauh musim kontras rekan tim marc marquez juara tahan motogp sudah menang empat kali musim meski milik masalah bahu jumpa pers kamis bagnaia nilai ducati lebih dominan anda turun gp musim motor sebut beri menang musim tahun rupa toreh baik tanggap komentar bos ducati davide tardozzi tegas komitmen pihak terus baik kondisi bagnaia sekalipun pindah aprilia tahun depan pikir pecco panggil bagnaia punya opini sendiri telah musim hasil jadi juara ujar tardozzi jumat kutip crash maksud pecco ingin rasa percaya diri dulu beri motor lama sayang belum temu motor baru bagaimana usaha keras kembali sensasi sebut kepada utama kait bagi depan motor cepat tikung jauh tampak belum hasil wujud sedang upaya kembali rasa itu untuk khusus misano tempat tahu sangat cepat pasti ada masalah percaya ducati pecco baik sisi maupun diri tahu saya bicara dengan hari saya tahu ada masalah antara dia sangat paham kami usaha keras bantu dia sangat paham kami akan terus juang sama hingga lap akhir di balap akhir tegas tardozzi adp bay,sport
65,antasyafi robby al hilmi raih medali emas speed orang putra world climbing series guiyang robby pertama kali emas world climbing series final rebut emas nomor speed orang putra world climbing series guiyang china langsung jumat atlet panjang tebing indonesia antasyafi robby al hilmi saing dua wakil tuan rumah yongzhi ling shouhong chu atlet jepang ryo omasa robby mampu jadi cepat final catat waktu detik peringkat dua duduk yongzhi ling catat waktu detik shouhong chu duduk peringkat tiga catat waktu detik ryo omasa puas posisi empat toreh waktu detik medali emas rupa medali emas pertama robby world climbing series itu toreh guiyang buat robby pecah catat waktu pribadi baik babak final robby sangat senang raih medali emas pertama world climbing series aku prestasi berkat dukung banyak pihak senang emas pertama world climbing series berkat dukung semua latih sama teman teman atlet indonesia ujar robby rilis terima detiksport pun sembah menang untuk seluruh rakyat indonesia ibunda cinta ibu akhir aku emas ungkap head latih galar pandu asmoro harap hasil robby nomor speed orang tular nomor speed relay ingin indonesia tambah emas ajang ini kami harap ada medali yang dapat nomor relay ujar pandu asmoro wakil indonesia lain nomor putra raharjati nursamsa henti babak semifinal sektor putri rajiah sallsabillah henti semifinal adi asih berthdigna devi surya mentok di perempatfinal pur bay,sport
66,balap vr racing team franco morbidelli jalan hukum long lap penalty balap motogp san marino akhir pekan susul langgar laku sesi practice lapor crash morbidelli nyata salah telah kendara terlalu lambat hingga ganggu enea bastianini tikung awal sesi langsung sirkuit misano jumat stewards motogp tegas aksi morbidelli masuk kategori dangerous slow riding ingat telah beberapa kali laku langgar musim long lap penalty hukum tepat penalti terap balap utama hari minggu ia sendiri akhir sesi practice posisi lima hak lolos langsung sesi kualifikasi dua q motogp san marino akan jadi balap kandang akhir morbidelli kelas primer musim depan ia akan pindah ajang world superbike untuk tukar posisi nicolo bulega saat laga ajang balap motor produksi massal belum penalti umum morbidelli sempat ungkap optimisme tatap balap akhir pekan sensasi saat kendara motor asa biasa ujar murid valentino rossi ini sirkuit kandang jadi sangat kenal misano baik itu usaha beri usaha lebih tegas adp pur,sport
67,indonesia punya wakil juara dunia karting bulan depan nal sosok abraham benedict abraham memang bilang baru pentas gokart nasional remaja lahir jakarta desember mulai kenal gokart nasional sejak januari sama tkm racing team belum abrahham main gokart gokart avenue kawasan lebak bulus jakarta selatan latih mantan balap formula asia keanon santoso abraham terus lang pentas juara gokart nasional tampil tahun saing nasaional abraham nyata lirik tim dewa united motosport gabung tim mulai januari performa bilang janji panjang enam round jalan sejak awal musim hingga seri tutup eshark rok cup september abraham konsisten naik podium kelas junior newbie maupun non seeded puncak raih posisi empat balap final a konsistensi kumpul poin poin lewat podium kelas junior raih sejak putar awal buat nama ajar kelas sekolah pelita harap kemang village finis runner up klasemen akhir national championship eshark rok cup tetap eshark rok cup berangkat balap juara runner up national championship kelas junior senior buat abraham sontak girang bukan main dia tampil rok cup superfinal oktober sirkuit south garda lonato italia kali petama abraham tampil ajang kelas dunia karena putra pertama asyma sianipar novri rozzak langsung laku siap rutin fitness jaga fisik dua kali pek latih sirkuit karting international sentul abraham lihat beberapa video tanding gokart superfinal sejak tahun tahun lalu tahu persis saing nanti sangat ketat pasal ajang rok cup superfinal temu juara juara nasional puluh negara dunia seru kalau lihat saing terus latih tidak mau terlalu tinggi harap penting masuk final sangat syukur lanjut mohon doa ucap abraham media jumat september rencana abraham seluruh tim indonesia akan terbang italia awal oktober lebih punya banyak waktu adaptasi ibunda abraham azyma aku kagum prestasi putra sulung lebih gokart benar benar rubah karakter putra abraham sangat malu syukur gokart lingkung rubah karakter ia mau bicara banyak orang dan dia juga me manage emosi baik syukur sekali itu semua dia malah prestasi berkat banget buat tutur asyma mrp bay,sport
68,kemenpora ri beri harga usaha indonesia sports awards tiga nilai kontribusi kembang olahraga nasional acara indonesia sports summit selenggara jakarta international convention centre jicc jumat kemenpora beri harga indonesia sports awards kategori sports industry of the year djarum foundation pt bank rakyat indonesia pt indofood sukses makmur tbk harga beri langsung menpora ri erick thohir beri harga kemenpora laku lalu proses panjang ketat sama dewan juri kompeten lintas disiplin mungkin dunia olahraga kembang dukung stakeholder satu bangun olahraga indonesia tahun dua indonesia sports summit perspektif dorong industri olahraga masyarakat olahraga prestasi terus tingkat kata erick thohir rilis terima detiksport tidak mungkin kerja sendiri olahraga satu bangsa apa laku terima harga tunjuk kontribusi lanjut beri dampak luas kembang olahraga indonesia ujar djarum foundation salah satu terima harga indonesia sports awards terima kasih kemenpora ri atas apresiasi beri djarum foundation rupa salah satu stakeholder milik program lanjut dampak kembang industri olahraga nasional utama bidang bulutangkis sepakbola putri djarum foundation mulai kontribusi bidang olahraga hobi tidak sengaja bulutangkis sekarang tahun support bangun supersoccer arena kembang sepakbola putri indonesia jadi tantang baru buat kami kami harap kemudian hari timnas putri indonesia mampu kompetisi piala dunia kata direktur djarum foundation roberto hartono kontribusi djarum foundation langsung panjang cabang bulutangkis mulai bina talenta jenjang lalu audisi umum pb djarum selenggara kompetisi sirkuit nasional juara nasional indonesia masters indonesia open cabang sepakbola putri komitmen sebut wujud lalu milklife soccer challenge sejak pertama kali gelar kudus terus kembang kini jangkau kota indonesia program tidak hadir kompetisi lengkap rangkai bina skill challenge milklife soccer extra training hingga milklife soccer challenge all stars komitmen bina olahraga usia dini juga kembang lalu milklife archery challenge milklife athletics challenge milklife festival senengminton beri ruang anak anak kenal cinta sekaligus kembang potensi bidang olahraga pada jenjang kompetisi lebih tinggi djarum foundation turut dukung hadir bagai kompetisi sepakbola di antara hydroplus soccer league turnamen level internasional srikandi merdeka cup rangkai sebut bentuk jalur bina lebih lanjut talenta temu sejak usia dini milik sempat kembang lalu jenjang kompetisi ikut bay pur,sport
69,audisi umum pb djarum kudus lanjut tahap turnamen babak banyak atlet telah lolos fase screening saing sengit rebut super tiket momen langsung gor djarum jumat pebultangkis muda sektor putra alami tingkat kualitas saing makin ketat segi kualitas beberapa bagus pulau jawa lihat kalimantan bagus bagaimana cara merespon main misal posisi jatuh bola tengah samping kembali bola tetap taktis enak kata tim cari bakat audisi umum pb djarum aryono miranat terang pers itu attitude juga penting bagaimana sikap hasil misal banting raket ledek lawan lain moga bisa pantau bibit talenta baik ucap pria juluk latih naga air sebut salah satu serta curi perhati anu al fathir rahadi pebulutangkis ku asal balikpapan kalimantan timur sebut awal tahap turnamen menang yakin atas nidan maulud fathan dari kuningan jawa barat ingin gabung pb djarum banyak atlet jadi juara dunia sama latih bukan cuma latih soal teknik saya juga soal mandiri kata anu koordinator atlet putra tim cari bakat audisi umum pb djarum leonard holvy de pauw harap serta yang menang tahap turnamen jumat puas diri juang gabung pb djarum sangat panjang nilai benar pada karantina sana bisa lihat biasa yang benar bagaimana hidup di asrama disiplin makan atur waktu istirahat kata holvy ran bay,sport
70,indonesia jaga asa raih gelar seri v amman mineral men s world tennis championship nathan barki tembus semifinal laga perempatfinal seri v itf world tennis tour m lapang d bal beach country club nusa jumat nathan tahun hadap unggul enam isaac becroft asal selandia baru modal menang atas unggul atas anthon sheep nathan tancap gas set pertama pimpin meski nathan hilang set dua kalah pasuk set tutup nathan ajak anthon main reli reli panjang uras tenaga nathan tahu lawan baru kalah anthony susanto tiga set hari belum meski duel langsung ketat tensi tinggi strategi nathan jalan efektif mana kondisi lebih bugar mental tanding kuat hasil sudah lawan becroft peringkat atp skor akhir tiebreak menang tidak mudah ingat lawan tenis tangguh rupa juara seri m pekan lalu dengan motivasi tinggi fokus tiap game tekad kuat menang hasil gembira ujar nathan rilis detiksport laga semifinal nathan temu juara tunggal utr ptt alexander chang tenis kidal amerika serikat kalah partner nomor ganda pablo perez ramos laga perempatfinal itu semifinal sektor ganda putra unggul dua sekaligus juara seri m alexander pablo lolos final usai takluk ashwin ryan sharma ha minh duc vu menang set langsung dalam tempo relatif singkat menit temu isaac becroft reece flack selandia baru di laga final besok isaac reece sendiri lolos ke final usai lewat duel rubber set lawan rekan negara nick beamish matthew shearer super tiebreak dalam tempo jam menit mrp raw,sport
71,marco bezzecchi tampil balap cepat sesi practice motogp san marino geser marc marquez detik detik akhir sesi practice motogp san marino langsung misano world circuit marco simoncelli jumat malam wib marco bezzecchi sejak awal kutat posisi atas saing alex marquez franco morbidelli sempat merangsek besar dekat menit akhir sesi fabio giannantonio luncur lintas garis balap cepat tuju menit akhir balap mulai laku time attack pedro acosta sempat pimpin lalu luca marini raul fernandez posisi marc marquez bagi besar sesi luar lima besar hasil rebut posisi atas unggul bezzecchi waktu sisa delapan menit alex marquez merangsek posisi geser bezzecchi menit menit akhir bezzecchi respons rebut posisi pertama sesi sisa detik alhasil marc marquez turun posisi dua alex tempat tiga di giannantonio morbidelli acosta tempat posisi luca marini johann zarco pol espargaro dan jorge martin lengkap besar hasil practice motogp san marino raw raw,sport
72,timnas basket putra indonesia tel kalah pool a asi games aichi nagoya takluk jepang laga perdana yudha saputera dkk kini kalah telak kali korea selatan skor tanding aichi international arena jumat indonesia sejati awal tanding cukup baik yudha saputera dkk sempat pimpin lima angka awal kuarter pertama lalu tembak tiga angka ali alhadar poin lester prosper korea selatan kemudian kejar lalu aksi lee hyunjung hingga sama duduk jadi itu main angsur asai korea selatan korea selatan tutup kuarter pertama unggul pasuk kuarter dua hendrick yonga buka oleh poin indonesia lalu tembak angka korea selatan balas lewat tembak tiga angka lee woosuk indonesia terus upaya bangun serang kejar tinggal korea selatan mampu tahan unggul hingga akhir kuarter dua indonesia tambah poin kuarter dua korea selatan hasil poin alhasil korea selatan unggul sembilan angka pasuk jeda skor korea selatan makin jauh indonesia sulit tahan momentum kuarter tiga oleh poin skuad garuda seret korea selatan makin leluasa cetak angka korea selatan hasil poin kuarter tiga indonesia mampu tambah poin jarak dua tim makin lebar korea selatan tutup kuarter tiga unggul kuarter akhir indonesia usaha kejar selisih poin terlalu jauh buat upaya sebut mampu ubah jalan tanding indonesia tambah tujuh poin kuarter empat balik korea selatan cetak poin sekaligus jadi oleh tinggi dalam satu kuarter tanding korea selatan akhir kunci menang telak yudha saputera jadi salah satu main indonesia catat kontribusi poin satu assist derrick michael xzavierro buku double double catat poin rebound dua kali kalah tunggu arab saudi kalah korea selatan jadi kalah dua indonesia pool a asi games laga perdana indonesia lebih dulu takluk tuan rumah jepang yudha saputera dkk aku unggul jepang skor demikian indonesia raih menang dari dua tanding sudah main indonesia milik satu tanding sisa sisih pool a skuad asuh david singleton hadap arab saudi september timnas basket putra indonesia milik waktu rehat hari pulih kondisi jalan tanding akhir fase grup laga lawan arab saudi jadi sempat indonesia tutup jalan pool a asi games aichi nagoya hasil positif,sport
73,marc marquez langsung unjuk cepat sesi latih bebas pertama free practice motogp san marino marquez jadi cepat fp misano buntut marco bezzecchi selisih detik marquez catat waktu menit detik sesi langsung misano world circuit marco simoncelli jumat sore wib catat sebut buat lap akhir guna ban depan soft bekas ban belakang medium bezzecchi tempel ketat posisi dua rider tuan rumah catat waktu menit detik hanya detik lebih lambat marquez guna ban medium baik bagi depan maupun belakang posisi tiga tempat raul fernandez trackhouse aprilia paut detik marquez guna kombinasi ban medium depan belakang jack miller alami awal akhir pekan buruk rider pramac yamaha jatuh sentuh rem depan tikung baru jalan lap keluar pedro acosta juga alami insiden rider ktm sebut jatuh tikung tetap mampu tempat posisi enam akhir sesi,sport
74,amri syahnawi nita violina marwah jadi ujung tombak ganda campur asi games meski amri nita tak rasa beban amri nita jadi satu satu ganda campur murni akan turun cabang bulutangkis asi games aichi nagoya september hingga oktober datang pasang lain nikolaus joaquin siti fadia silva ramadhanti rupa main cabut ganda putra ganda putri amri nita rupa wakil indonesia hasil baik juara dunia bulutangkis lalu finis semifinalis raih medali perunggu kalau pribadi beban tak lebih nikmat jauh jadi andal tak jadi andal latih tetap sama siap sama mungkin lebih ujung tombak jadi kita kalau lebih nikmat lah kata amri temu pelatnas pbsi cipayung maksud kan satu bangga buat tapi enggak mau terlalu pikir jauh mau fokus siap nikmat tanding jalan hari maksimal mungkin tambah tentu hasil juara dunia besar banget itu modal utama asi games tambah percaya diri lah jadi rasa saing tak cukup segitu mau naik untuk level ikut ujar nita timpal amri nita memang aku jauh lebih intens jalan latih rasa banyak ubah signifikandi bawah asuh nova widianto banyak detail detail paksa untuk naikin speed fokus saya pribadi masuk program latih nova ujar nita latih jadi asa latih jadi lebih erti main bagaimana pola apa kak amri mukul begini aku gimana jadi sekarang dua take and give nya lebih dia lanjut amri sebut kembali latih nova ubah pola latih ganda campur jadi lebih murni mudah mudah sempat dengan balik latih nova ke sini kan mixed murni jadi pola ubah belum sama sekarang jadi murni latih mixed itu main putra putri seperti pasang saling isi komunikasi harus bagus lah ujar amri tak itu amri nita juga ingin manfaat momen untuk bangkit ganda campur indonesia ini sempat kami tak semua sempat ini mixed double yang murni cuma kami yang dari ganda putri ganda putra sempat ini coba kami maksimal tegas amri mcy nds,sport
75,presiden ri prabowo subianto mengugkap bonus emas asi games besar rp miliar amri syahnawi nita violina marwah anggap sunti motivasi asi games langsung aichi nagoya september hingga oktober tatap ajang kontingen indonesia jumlah atlet cabang olahraga resmi lepas presiden prabowo istana negara kamis tak lepas beri arah momen sebut presiden janji bonus besar bagia raih medali emas rp miliar hasil jadi juara jumlah naik kali lipat bonus edisi belum hangzhou raih emas orang dapat bonus rp amri tanggap naik angka harga beri atlet raih emas asi games kalau rasa senang lah motivasi lah dengar soal bonus kata amri temu pelatnas pbsi cipayung tuju utama bukan itu kan dapat hasil fokus main bagus prestasi medali asi games lanjut alih alih pikir bonus amri nita maksimal sempat yang beri latih urus asi games pertama multievent jadi bukti untuk terus naik level sempat tak semua sempat ini mix double yang murni cuma kami yang ganda putri ganda putra sempat ini coba kami maksimal kata amri rasa latih luar biasa dari program intensitas latih kami dua juga saling suasana latih pengaruh banget mudah mudah bisa bawa pulang medali balik kalau bonus biar susul lah pungkas mcy cas,sport
76,saing motogp lanjut gp san marino saksi aksi rider lintas detikers bisa ikut uji tepat prediksi lewat bold riders podium picks bold riders podium picks rupa kompetisi kolaborasi bold rider detikcom ajak cinta motogp tebak tiga rider finis posisi pada race tarik seru bold riders podium picks tak langsung satu seri balap prediksi kirim serta hitung poin akumulasi panjang musim motogp begitu konsistensi tepat prediksi seri jadi kunci besar peluang saing posisi atas hingga akhir musim kompetisi buka mulai tanggal hingga september tepat rangkai gp san marino seluruh serta salur prediksi lalu microsite khusus sedia detikcom cara ikut bold riders podium picks cara ikut cukup mudah ikut langkah langkah perlu laku login guna akun connect detikcom masuk microsite detik com boldriderspodiumpicks pilih tiga rider prediksi finis posisi pertama dua tiga kirim prediksi race mulai tiap seri hasil poin terus akumulasi hingga akhir musim motogp makin akurat prediksi makin besar peluang jadi puncak klasemen hadiah tiap race grand price serta poin tinggi waktu submit cepat akan dapat voucher masing masing nila rp akhir musim serta akumulasi poin tinggi hak bawa pulang grand prize juara yamaha aerox juara samsung galaxy a g juara samsung galaxy a jadi jangan lewat seru gp san marino bukti berapa jitu prediksi segera ikut bold riders podium picks kumpul poin tiap seri jadi atas bawa pulang hadiah tarik di akhir musim motogp anl ega,sport
77,lebih komunitas motor tujuh genre roda kumpul selenggara perdana throttle land the terrace jakarta gatot subroto sabtu bagai tipe kendara mulai sport classic custom adventure supermoto skutik hingga motor listrik hadir satu ruang sama lewat format cross genre moto festival throttle land temu komunitas karakter gaya kultur beda lama lebih banyak gerak ekosistem masing masing throttle land buat ruang temu bagai genre komunitas motor hilang karakter masing masing tarik semua ada satu tempat beda justru jadi nikmat sama ruang saling kenal bagi passion lihat kultur motor perspektif beda ujar project director throttle land adam hadziq terang tulis kamis rolling wheels jadi awal temu riders temu lintas komunitas mulai acara langsung lokasi lebih motor ikut giat rolling wheels riding sama taman mataram tuju the terrace jakarta komunitas hanya hadir serta wakil komunitas ikut ambil bagi captain rolling wheels isi the meet up island hingga jalan community games temu riders interaksi lintas genre kemudian lanjut lalu moto street market live painting helmet bagai aktivitas hubung kultur motor fashion seni musik gaya hidup motor jadi ekspresi gaya identitas riders eksplorasi kultur motor hadir lalu motor gue gaya gue throttles orchestra lewat motor gue gaya gue riders bawa karakter personal runway sama motor masing masing riding gear street style casual look hingga gaya khas tiap rider tunjuk hubung motor identitas milik throttles orchestra temu wakil bagai komunitas tunjuk guna suara throttle motor ikut alun jingle throttle land deru mesin bagai jenis motor main sama jadi satu komposisi chapter bold riders hadir bagai daerah salah satu dukung acara bold riders turut ajak chapter chapternya bagai daerah hadir banyak chapter bold riders hadir bagai wilayah mulai jakarta bekas bogor yogyakarta malang padang pontianak samarinda hingga makassar respons luar biasa banyak datang luar jakarta bahkan tempuh jalan motor kota asal buat tunjuk kuat semangat brotherhood riders harap throttle land hanya jadi ruang temu kultur motor jakarta juga kembang jadi ruang temu komunitas bagai daerah indonesia ujar brand communications bold riders matthew raynaldi jumlah sebut chapter total riders luar jakarta tempuh jalan guna motor tuju ibu kota datang antara lain karawang serang sukabumi bandung cirebon garut tasikmalaya madiun hingga jambi semangat lintas genre turut terjemah lalu pilih hibur panggung throttle land ramai teenage death star full squad with vincent rompies orkes nunung cs ten holes feat nuwie fourtwnty the egos adella johana bottom bunkk hingga ntrl unit motor beri grand prize polytron ev fox bawa pulang eko frastianto bold riders chapter jambi scorpio custom scrambler menang baba gila gimmic komunitas classic acara tutup night riding susur jalan protokol ibu kota usai seluruh program venue akhir selenggara perdana throttle land ini dukung bold riders polytron ev ipone dainese kawasaki kyb aspira premio mine helm sama seluruh komunitas riders musisi kreator tenant libat faq apa buat throttle land beda festival motor lain throttle land guna format cross genre moto festival temu lebih komunitas motor tujuh genre sport classic custom adventure supermoto skutik motor listrik apa giat bisa ikut komunitas throttle land komunitas ikut bagai aktivitas mulai rolling wheels the meet up island community games moto street market live painting helmet hingga giat madu kultur motor fashion seni musik gaya hidup apa itu rolling wheels throttle land rolling wheels rupa giat riding sama jadi awal temu komunitas lebih motor ikut jalan taman mataram tuju the terrace jakarta wakil komunitas turut jadi captain apa tarik throttles orchestra throttles orchestra temu wakil bagai komunitas buah tunjuk guna suara throttle motor bagi komposisi musik deru mesin bagai jenis motor main ikut alun jingle throttle land berapa banyak chapter bold riders yang hadir throttle land banyak chapter bold riders bagai daerah hadir throttle land jumlah sebut chapter total riders datang luar jakarta guna motor antara karawang serang sukabumi bandung cirebon garut tasikmalaya madiun hingga jambi akn ega,sport
78,rider ktm pedro acosta yakin betul marc marquez rebut titel juara dunia motogp marquez punya beberapa unggul banding rival rival marquez dalam saing titel juara lawan duo aprilia marco bezzecchi jorge martin sempat cecer poin balap ducati kini tinggal poin martin unggul bezzecchi lima poin klasemen juara kini tinggal sembilan seri mulai motogp san marino akhir pekan marquez prediksi tangguh misano ingat menang banyak masuk edisi akhir acosta prediksi marc marquez rengkuh titel juara dunia puluh pasal marquez tangguh bagi besar seri sisa unggul alam duo aprilia masalah adalah marc oleh banyak sekali angka bangun banyak momentum musim kata balap usia tahun lansir motorsport sirkuit sirkuit depan sangat cocok lepas indonesia rasa ada satu sirkuit tang seluruh balap sisa portimao bisa jalan buruk buat rasa belum pernah finis sana bahkan anda tidak hapus qatar kalender telah bangun banyak sekali momentum hari buruk masih dapat angka mana sambung el tiburron saat marc desak dia akan laku yang dia laku tikung pertama di aragon jadi rasa akan jadi saing ketat balap akhir marc itu kan balap yang punya alam banyak dia harus tang kejuaraa dunia acosta simpul rin yna,sport
79,golf memang rupa salah satu cabang olahraga top dunia golf bukan sekadar ajang cari prestasi juga dapat cuan lewat bisnis tuju bangun solidaritas akrab suasana kompetitif turnamen golf yayasan global ceo indonesia selenggara th anniversary global ceo indonesia golf tournament royale jakarta golf club oktober ceo indonesia golf tournament usung semangat a decade of leadership connection and collaborations kuat jejaring strategis antar pimpin lintas industri lalu semangat sportivitas integritas turnamen jadi buah momentum apresiasi jalan global ceo indonesia bangun ekosistem pimpin kolaboratif sekaligus erat hubung antara petinggi asosiasi bagai sektor industri lebih dar buah kompetisi olahraga giat juga rancang ruang temu eksklusif konstruktif tukar wawas luas jejaring profesional buka peluang sinergi kerjasama lanjut pilih golf bagi raya satu dekade global ceo indonesia selaras nilai nilai pimpin integritas disiplin fokus sportivitas tepat ambil putus lalu dekat sebut turnamen harap hadir interaksi ebih personal makna antara pimpin dapat wujud visi tuju utama indonesia lebih baik puluh tahun jalan global ceo indonesia rupa capai lahir percaya sama semangat kolaborasi seluruh anggota mitra lalu raya kuat posisi global ceo indonesia ekosistem temu pimpin bijak laku usaha saling hubung tumbuh beri kontribusi nyata maju dunia usaha ekonomi indonesia ujar ketua umum global ceo indonesia trisya suherman rilis detiksport turnamen ikut para ceo direktur komisaris milik usaha pimpin bagai sektor industri rangkai giat mulai registrasi makan siang lanjut arah atur tanding sesi lepas serta shotgun start pukul wib lalu tutup awarding night rangkai raya tahun global ceo indonesia total serta rencana ikut global ceo indonesia golf tournament bulan depan siap turnamen bukan sekadar ajang olahraga bagai momentum hadir alam manfaat nilai strategis seluruh pihak libat ujar kepala divisi ceo golf indonesia ben ezra golf milik nilai selaras pimpin integritas disiplin strategi mampu ambil putus itu kami harap turnamen tidak hadir ajang laga sportifitas kualitas juga jadi medium efektif mempererathubungan antar pimpin buka peluang kolaborasi baru mrp ran,sport
80,audisi umum pb djarum kudus sedang langsung pebulutangkis muda putri bagai daerah indonesia tunjuk tekad kuat raih super tiket audisi umum pb djarum kudus helat gor djarum jati rabu hingga minggu tak kurang banyak serta asal bagai penjuru indonesia mulai sumatera hingga papua saing sektor putri jadi salah satu perhati tim cari bakat meski jumlah serta putri banyak sektor putra kualitas main tampil nilai cukup janji legenda pb djarum sekaligus anggota tim cari bakat audisi umum bulutangkis yuni kartika kata tim lebih jeli identifikasi main milik potensi kembang jumlah atlet putri memang lebih sedikit banding serta audisi putra benar benar pintar perhati atlet milik potensi walaupun jumlah sedikit bukan arti kualitas tidak baik ujar yuni yuni salah satu positif lihat audisi tahun adalah mampu teknik dasar serta cukup baik serta datang bagai daerah sebar bakat sektor putri bilang rata kami lihat satu teknik dasar rata rata relatif banyak sudah baik kemudian sebar asal serta cukup rata kalau lihat potensi cukup gembira usia paling bawah itu u banyak janji jelas meski mampu teknis lapang bukan jadi satu satu faktor tentu masa depan serta tim cari bakat lihat bagai aspek proses seleksi ikut yuni jelas aspek fisik mental jadi bagi penting dalam nilai para serta pasuk fase karantina sebut perlu untuk pasti atlet pilih milik modal lengkap untuk kembang jadi pebulutangkis prestasi main atas lapang nanti akan ada faktor faktor yang akan bisa nilai fase karantina fisik maupun mental tutur yuni ran yna,sport
81,rider spanyol alex rins tolak tawar laga wsbk hilang kursi motogp rins ungkap diri balap motor rins pasti tinggal yamaha akhir musim pabrikan jepang telah umum duet jorge martin ai ogura line up balap sepenuh baru era mesin cc mulai wsbk mula gadang gadang jadi tuju ikut balap usia tahun rins tolak jumlah tawar sana kejar karier baru yakin balap mobil aku akan superbike tahun depan ucap rins lansir motorsport kata kalian media red beberapa balap lalu aku milik buah proyek sangat bagus sangat tarik dalam benak yang belum ungkap belum persen rampung jadi aku sangat senang tadi sulit pilih aku habis seluruh hidup motogp juara banyak duel duel balap menang kurang lebih lama tahun semua kelas jadi aku akan henti roda cetus aku tadi milik mungkin sana wsbk aku sangat terima kasih mereka mereka cukup tarik dengan namun aku temu yang benar benar lebih motivasi tambah alex rins mulai karier juara balap motor di usia tahun tiga musim rins promosi kelas tengah lalu tembus kelas premier sampai kini rins lakon balap grand prix motogp dengan enam menang kali naik podium prestasi baik rins sekali finis tiga sama suzuki rin yna,sport
82,indonesia cuma lolos satu wakil perempatfinal seri v amman mineral men s world tennis championship adalah nathan barki ajang itf world tennis tour m dogelar bal beach country club nusa kamis empat wakil indonesia tampil babak dua tiga nomor tunggal satu ganda putra nathan barki menang hadap unggul pertama asal selandia baru anthon sheep nathan main cerdik hadap peringkat atp sebut selalu sabar cermat tempat bola redam serang anthon nathan menang set pertama performa lanjut set dua main efektif nathan bikin anthon frustrasi laku salah kalah laga durasi jam menit laga mudah hadap lawan anthon shepp milik servis keras main agresif tenang tepat strategi bisa kalah ujar nathan rilis detiksport sayang lolos nathan tidak ikut kompatriot nomor tunggal muhammad rifqi fitriadi rafalentino ali da costa tumbang lawan lawan rifqi rupa unggul dua malah serah hayden jones asal australia duel durasi jam jones tahun menang tiebreak waktu jam rafalentino lagi kandas tenis india karan singh seri empat pekan lalu takluk sehingga henti nomor ganda putra rafalentino nasib sama pasang ethan david zapp usai kalah juara seri lalu alexander chang pablo perez ramos dengan skor alhasil wakil indonesia di nomor ganda putra habis mrp ran,sport
83,komando operasi udara nasional koopsudnas tni angkat udara tni au kolaborasi urus besar satu panah indonesia pb pan gelar juara panah piala panglima tni turnamen sebut jadwal langsung lapang panah arjuna halim perdanakusuma jakarta timur oktober juara gelar rangka ingat hari ulang tahun hut tni jadi bagi rangkai ingat hut tni juara sebut harap ingat masyarakat sejarah panjang olahraga panah indonesia pentas dunia panah jadi cabang olahraga buka keran medali pertama kontingen indonesia olimpiade olimpiade seoul trio srikandi indonesia diri lilies handayani kusuma wardhani nurfitriyana hasil sembah medali perak pasti selenggara juara panah piala panglima tni sampai asisten komunikasi elektronika askomlek kaskoopsudnas marsekal pertama marsma tni i b ngurah mardika putra juga tindak tanggung jawab juara siap sukses juara panah piala panglima tni harap muncul atlet atlet potensial mampu ulang prestasi trio srikandi indonesia dahulu ujar i b ngurah mardika putra damping panglima koopsudnas pangkoopsudnas marsekal madya marsdya tni minggit tribowo jumpa pers ruang leo watimena koopsudnas lanud halim perdanakusuma jakarta timur selasa i b ngurah mardika putra juara tidak jadi ajang kompetisi juga panggung bukti para manah bagai kelompok usia latar belakang lalu kompetisi tni au harap bentuk generasi muda disiplin mental tangguh milik daya juang tinggi bangsa juga muncul talenta talenta dapat kuat timnas panah indonesia masa depan imbuh juara panah piala panglima tni tanding jumlah kategori antara junior senior open kategori sebut jadi wadah atlet bagai daerah tingkat mampu asah mental tanding sekaligus buka peluang lahir calon atlet dapat jadi bagi kuat timnas panah indonesia itu dapat kategori eksekutif rancang sarana silaturahmi erat satu satu antarinstitusi para mang penting panitia imbau atlet klub panah bagai daerah indonesia manfaat sempat sebut ikut juara panah piala panglima tni ran yna,sport
84,latih kepala ganda campur indonesia nova widianto yakin amri syahnawi nita violina marwah mampu tunjuk kualitas asi games target bawa pulang medali asi games ganda campur turun wakil pasang dada nikolaus joaquin siti fadia silva ramadhanti amri nita jadi tulang punggung mix double nova kata siap amri nita sejak pekan akhir harap pasang dapat tunjuk mampu juara dunia akhir kalau lebih gitu loh lihat punya mampu game plan bagus kata nova saat temu pelatnas pbsi cipayung kamis mungkin kendala satu kan jangan pikir hasil bagus kemarin medali perunggu world championships jadi buat nervous main lah nothing to lose saya rasa mereka bisa tutur raih medali perak olimpiade beijing sempat amri nita besar asi games peta saing ganda campur dunia dominasi pasang tentu saing sekarang mix double enggak tentu banyak pasang china agak turun nih jadi harus manfaat berapa kali pasang china lepas world championships sudah kali lepas kemarin china masters cuma satu biasa minimal semifinal ungkap jadi harus manfaat lah karena mulai rata enggak yang terlalu dominan lagi telah pensiun zheng siwei huang yaqiong makanya kans lebih medali pun saya rasa tinggal kita kadang kadang kan multi event juga enggak gampang mereka punya mental kuat mau keras saya rasa bisa medali tegas eks latih gamda campur malaysia ini asi games langsung di aichi nagoya mulai september hingga oktober ganda campur indonesia akhir kali rebut medali emas asi games lalu christian hadinata ivana lie mcy pur,sport
85,timnas basket putra kalah jepang laga perdana pool a asi games aichi nagoya yudha saputera dkk aku unggul tuan rumah usai takluk langsung aichi international arena kamis indonesia memang langsung tinggal sejak kuarter pertama duduk kondisi terus lanjut hingga kuarter dua kuarter tentu meski usaha mangkas tinggal upaya belum hindar indonesia kalah jepang laga tutup unggul tuan rumah adapun lester prosper jadi cetak poin banyak indonesia poin rebound asis susul kemudian yudha saputera catat poin rebound asis adapun jepang tsuya k jadi cetak poin banyak poin rebound asis kemudian kanechika ren poin rebound asis kalah indonesia kini posisi empat klasemen grup a angka jepang kuasa klasemen poin laga ikut indonesia hadap korea selatan jumat tanding langsung aichi international arena pukul wib sempat kendala jemput bus lepas hasil timnas basket putra indonesia sejati sempat alami jadi kurang senang jelang tanding lawan jepang bus akan tumpang atlet atlet indonesia sempat alami lambat lama menit managing director badan tim nasional btn basi jeremy imanuel santoso sayang kondisi jadi tim sangat sayang jadi bisa jadi hari tanding tuju venue lawan tuan rumah kata jeremy terang tulis kamis komunikasi panitia lokal athlete village tampak ada satu panitia lokal dapat beri jawab kenapa bus jemput kontingen indonesia alami lambat lama menit lanjut tahu tunggu bawah halte fasilitas ada kursi ada tenda luar hujan gerimis atlet kita harus tunggu menit kita sangat sayang kita komunikasi ke pihak cdm noc akan beri lapor resmi bahas cdm meeting di kemudian hari ujar jeremy juga ucap terima kasih atas koordinasi tim cdm noc laku respons solusi beri atas hambat alami timnas terang jeremy fokus saat tanding kami sangat sayang tuan rumah jepang bisa siap hal dasar harus tidak jadi masalah kita tahu bagaimana sifat dasar biasa orang jepang kait waktu tepat waktu bagaimana anti telat yang kita mungkin pernah alami baca di sosial media pungkas mcy pur,sport
86,indonesia siap tuju asi games multiajang olahraga besar se asia merah putih target empat medali emas mana indonesia kirim atlet cabang olahraga menpora erick thohir kata target indonesia asi games nagoya jepang lebih realistis banding edisi belum hasil pantau diskusi ketua koi chief de mission tentu ingin dapat emas banyak banyak kemarin hangzhou china dapat medali emas ujar erick ia sadar hal buat jumlah nomor andal indonesia tanding pengaruh target harap tentu biasa politik olahraga beberapa nomor hilang dragonboat hilang ada tembak memang tanding lagi jelas nah realitas kalau lihat kondisi hari ya emas jadi target hari cabang cabang mungkin kita semua paham lah beda olimpiade seperti bulutangkis panjat tebing tentu angkat besi kata erick bulutangkis pbsi target satu medali emas adapun nomor andal ialah regu putra pbsi yakin komposisi gabung main pelatnas non pelatnas faktor alam jadi kuat tim bulutangkis indonesia indonesia punya jonatan christie main peringkat dunia alam gudang baik single event maupun multievent raih medali emas asi games akan bahu bahu alwi farhan moh zaki ubaidillah muhamad yusuf tambah nomor ganda fajar alfian muhammad shohibul fikri leo rolly carnando daniel marthin nikolaus joaquin amri syahnawi bulutangkis indonesia tumpu cabor angkat besi raih medali emas olimpiade rizki juniansyah jadi andal baru merah putih kelas kg angkat besi turun rahmat erwin abdullah raih medali emas asi games kelas kg putra cabor lain juga dongkrak oleh emas indonesia panjat tebing ketua umum federasi panjat tebing indonesia fpti yenny wahid pasang target tiga medali antara nomor speed putra speed putri nama veddriq leonardo raih medali emas olimpiade paris desak made rita kusuma dewi bukan nama baru di podium bagai toreh emas hasil catat mulai emas juara dunia panjat tebing world climbing series krakow hingga emas asi games tak tutup mungkin nomor lead juga bisa beri kejut medali indonesia di edisi akhir indonesia sukses rebut tujuh medali emas diri dari cabor tembak emas wushu balap sepeda angkat besi panjat tebing perahu naga mcy aff,sport
87,latih kepala tunggal putri indonesia imam tohari sebut medali jadi target realistis atlet asi games baik nomor regu maupun orang tunggal putri turun empat wakil multievent asia langsung aichi nagoya september hingga oktober datang putri kusuma wardani jadi andal tiga main muda thalita r wiryawan ni kadek dhinda mutiara ayu puspitasari tiga jalan debut multievent empat tahun sebut baru imam memang tak pasang target muluk muluk ia tetap harap medali sembah atlet atlet kalau nomor regu ingin medali enggak ngomong medali warna apa dapat mungkin tim putri luar biasa pun orang medali target realistis kata imam temu pelatnas pbsi cipayung kamis tembus imam bekal atlet bagai siap baik segi fisik maupun teknik khusus putri lihat tak kendala signifikan imam cuma harap main peringkat tujuh dunia sebut lebih konsisten manfaat momentum asi games agar tampil lebih baik detik pun putri masih butuh konsistensi tanding contoh jepang tampil bagus sekali di juara dunia apa kita harap sesuai imam jelas mungkin beban karena kan juga memang satu satu andal tunggal putri jadi yang selalu harap selalu ngomong juga dengan putri mau enggak mau memang lawan nah turut sih tinggal tunggu waktu begitu momen dan ketemu yang tahan konsistensi tegas imam mcy aff,sport
88,tim bulutangkis indonesia jalan training camp tc tokyo tolak nagoya jepang hadap asi games rombong jadwal terbang sabtu kepala latih tunggal putri indonesia imam tohari nilai berangkat lebih awal penting atlet manfaat waktu sebut adaptasi kondisi cuaca jepang tanding benar adaptasi cuaca tc laku kan bukan satu dua minggu atas enggak hanya beberapa hari bagi bagai latih sangat bagus sekali kata imam pelatnas pbsi cipayung kamis imam berangkat lebih awal kurang risiko atlet langsung tanding tiba jepang berangkat sana cuma beberapa mungkin tiga hari tahu tahu kita sudah fight tanding agak riskan contoh makan enggak cocok kalau saya sih kalau jepang sih cocok semua cuaca lapang terus ada suatu tempat tuju sih lanjut imam tak khawatir cuaca jepang meski adaptasi jadi salah satu tuju tc imam sebut ada antisipasi lebih kait cuaca turut kondisi jepang ini jauh beda jakarta saya rasa sana enggak beda jauh mungkin sampai derajat panas mungkin enggak sampai derajat jadi sini memang panas betul hampir sama lah jepang tutur kondisi nilai relatif mirip imam harap para atlet bisa lebih cepat adaptasi begitu dapat langsung fokus hadap tanding asi games asi games akan langsung aichi nagoya jepang september hingga oktober pbsi turun main tampil nomor regu orang,sport
89,nikolaus joaquin siti fadia silva ramadhanti jadi pasang dada asi games siap bikin kejut pbsi buat kejut bentuk pasang dada nikolaus joaquin siti fadia silva ramadhanti ganda campur dua gabung isi slot kosong joaquin fadia sempat tak mau sia sia bakal manfaat kondisi momentum bikin kejut multievent besar se asia sebut awal memang kan fokus regu betul slot mixednya kosong satu isi ujar joaquin temu pelatnas pbsi cipayung kamis fadia benar bakal fokus nomor regu dulu orang kan fokus regu dulu joaquin butuh tim mungkin kasih tau latih anton kasih tau kak karel jadi buat berangkat fokus regu dulu baru siap individu jelas fadia meski dada joaquin fadia aku latih sama hampir tiga pekan kondisi itu pula buat kompak dua makin satu joaquin semangat banget jadi ikut juga kata fadia soal peluang asi games dua pilih mau beban meski peta saing punya kans besar baca lawan lawan murni ganda campur kalau peluang sih enggak pikir sana penting saya sama kak fadia chemistry lebih fokus dua dulu baru pikirin lawan ujar joaquin mungkin lawan kaget juga benar kata joaquin maksimal sempat kami siap mati mati lawan siapa fadia timpal kendati joaquin fadia tak cuma bagai sekadar lengkap target mereka juga jelas bawa pulang medali lah medali siapa tidak ingin apalagi bonus m aduh iya makin semangat satu satu ucap joaquin kemudian tertawa pun soal nasib ke depan dua belum mau pikir jauh enggak ada yang tahu ya kalau hasil bagus tahu tahu juara amin siapa tahu kami fokus depan mata dulu pungkas fadia mcy aff,sport
90,kota nagoya jepang selaku tuan rumah asi games sempat terjang banjir ajang multievent pasti aman lansir reuters hari selasa hujan lebat banjir landa nagoya prefektur aichi lapor empat orang alami luka ringan orang ungsi tempat tampung air hujan rembes masuk jumlah lokasi selenggara asi games nagoya jelang buka kompetisi september sekitar orang masuk staf atlet bagai negara evakuasi rabu walikota nagoya ichiro hirosawa sebut banjir surut ajang asi games pasti aman jalan atlet luka situasi cukup parah ancam buka ajang pada tanggal ichiro dasar situasi yakin tidak masalah selenggara asi games tegas ichiro terus pantau kembang hujan potensi banjir sekali diri tegas asi games akan jalan tepat waktu dasar informasi milik ini yakin kami akan selenggara ajang ini tanpa tunda tutup simak video bicara kesiap atlet asi games mensesneg siap sangat baik,sport
91,moh zaki ubaidillah jalan debut asi games aichi nagoya main tunggal putra andal indonesia tak sabar segera tanding sumbang poin tim regu putra pbsi sendiri pasang target satu medali emas multievent besar se asia nomor regu putra jadi salah satu sektor andal tunggal putra regu putra ubed bahu bahu jonatan christie alwi farhan muhamad yusuf ubed aku antusias sambut asi games pertama sama merah putih senang main asi games pertama kali kalau pasti enggak sabar main regu enggak mau kalah besar tim support belakang mau menang kata ubed temu pelatnas pbsi cipayung kamis soal siap ubed sebut ada program latih khusus hanya perlu tingkat daya tahan sudah banyak latih lapang kondisi fisik saya bagus jelas juara thailand masters ubed sadar beban saing asi games ringan pilih jadi motivasi beban ada moga lebih nikmat tiap tanding sama tim pasti saing ketat jadi mudah saya jadi tantang saya ujar kesiap mental ubed banyak ajar alam belum ia sudah pernah tampil juara asia sea games kalau saya ajar kalah kalah belum banyak harus evaluasi kasih baik tanding ikut jangan ulang salah belum tegas dukung tim belakang ubed tekad beri baik debut kalau saya pasti enggak sabar ingin main regu enggak mau kalah besar ada tim support di belakang pasti mau menang ada pungkas runner up sea games tonton video lihat momen selebrasi ubed di thomas cup,sport
92,tenis indonesia muhammad rifqi fitriadi rafalentino ali da costa lang babak dua seri v men s world tennis championship laga babak pertama tunggal putra itf world tennis tour m bal beach country club nusa rabu rafalentino hadap tenis india shanker heisnam tenis tahun mudah menang set langsung tempo menit ulang menang atas shanker seri iv pekan lalu sudah kalah shanker pekan lalu motivasi ulang tetap main beban babak ikut fokus strategi dapat hasil maksimal ujar rafalentino dalam rilis detiksport langkah rupa lakon rifqi fitriadi main lapang f hadap wakil swedia eric ahren moonga rifqi dengan karakter serang garis belakang dominasi main menang dalam tempo jam menit babak dua rifqi temu tenis kualifikasi asal australia hayden jones menang raghav jaysinghani tuan rumah hilang satu wakil babak utama juang anthony susanto lama jam menit tantang unggul enam asal selandia baru isaac becroft gagal buah menang unggul tiebreak set pertama nyata tak mampu tahan tenis tahun itu isaac rupa runner up seri iv menang rubber rame mrp yna,sport
93,audisi umum pb djarum sedang langsung kudus kevin sanjaya jadi ingat momen diri upaya kejar mimpi audisi umum pb djarum kudus helat gor djarum jati rabu hingga minggu tak kurang banyak serta asal bagai penjuru indonesia mulai sumatera hingga papua mantan atlet bulutangkis indonesia nama kevin sanjaya ikut libat tim cari bakat pb djarum juga rupa sosok legenda pb djarum hadir gor jati buat nostalgia masa pertama kali ikut audisi umum pb djarum tahun lalu senang lihat juang adik adik begitu gigih saya mentalitas tanding siap hasil apa lapang jadi poin penting jadi pebulutangkis andal jadi ingin menang rasa takut kalah harus imbang kata kevin rilis terima detiksport lihat antusiasme luar biasa adik adik audisi kali saya rasa rupa angin segar regenerasi bulutangkis karena mereka calon calon pahlawan olahraga indonesia masa depan sambung bibit potensial sebar tiga kategori usia u ku ku baik putra maupun putri adapun kudus jadi kota tiga laksana proses seleksi pebulutangkis muda kualitas super lebih ada pekanbaru juli makassar agustus tepat hari olahraga nasional ingin terus ambil peran dukung maju olahraga indonesia lalu bina atlet sejak usia dini audisi umum pb djarum jadi salah satu langkah temu talenta talenta muda potensial bagai daerah kata program director bakti olahraga djarum foundation sekaligus ketua pb djarum yoppy rosimin ran ran,sport
94,modern pentathlon tanding momen hari ulang tahun hut tni ketua umum urus pusat modern pentathlon indonesia pp mpi marsekal muda marsda tni purwoko aji prabowo sampai apresiasi modern pentathlon cabang olahraga olimpiade gabung lima disiplin beda anggar renang lari tembak rintang obstacle ganti disiplin kuda mulai tahun modern pentathlon indonesia open rebut piala panglima tni jadwal langsung akademi angkat udara aau yogyakarta september rupa suatu hormat modern pentathlon jadi satu delapan cabang olahraga tanding rangka ingat hut tni tahun siap sukses modern pentathlon indonesia open rebut piala panglima tni kata purwoko aji prabowo damping panglima koopsudnas pangkoopsudnas marsekal madya marsdya tni minggit tribowo ada modern pentathlon indonesia open wujud ingin terus gema bina modern pentathlon mampu bentuk karakter generasi muda disiplin tinggi daya juang talenta juara sambung wawancara medai ruang leo watimena koopsudnas lanud halim perdanakusuma jakarta timur selasa purwoko aji prabowo sampai kabar gembira atlet muda modern pentathlon tampil rebut piala panglima tni pasti pp mpi awal fasilitas menang kategori u milik minat lanjut karier dunia militer lalu jalur prestasi buka sempat para juara kategori u tarik gabung jadi anggota tni coba fasilitas sempat panglima tni buka lebar bibit bibit muda prestasi pungkas marsda tni purwoko aji juara piala panglima tni buka saing kategori senior u putra putri tiga nomor utama siap uji tahan fisik mental para atlet liput pentathlon triathle biathle lebih jauh purwoko aji menyampaiakan kembang prestasi modern pentathlon indonesia alami tingkat prestasi cukup signifikan sea games thailand lalu timnas modern pentathlon indonesia sumbang medali emas perak perunggu kini pp mpi siap atlet bakal tampil asi games aichi nagoya sudah siap lima atlet modern petathlon indonesia maksimal bisa beri baik saat tampil asi games khusus modern pentathlon indonesia open kita harap muncul bibit bibit potensial akan bina untuk siap hadap single multi event internasional depan tutup ran aff,sport
95,juara nasional gokart langsung enam putar hadir saing ketat hingga seri akhir romy tahrizi hasil jadi juara nasional shifter tahun sama dewa united motorsport lalu juang panjang musim pasti sebut raih romy final race round langsung september belum balap profesi lawyer kantor ahhn lawyers sebut tempat posisi dua klasemen selisih poin puncak klasemen tampil konsisten mampu aman posisi hingga balap akhir romy hasil unggul saing dekat sekaligus kumpul poin banyak panjang musim hasil sebut antar jadi puncak klasemen akhir juara nasional gokart kelas shifter capai jadi hasil proses panjang mudah balap usia tahun sekaligus salah satu balap paling senior kelas shifter romy siap kondisi fisik mental optimal balap gokart intensitas tinggi butuh stamina konsentrasi daya tahan fisik prima utama hadap rangkai kompetisi lama satu musim panjang enam putar langsung sejak januari hingga september romy catat empat menang satu kali finis runner up satu kali gagal selesai balap toreh sebut romy hasil koleksi lima podium pasti gelar juara nasional shifter tahun performa romy lepas dukung penuh dewa united motorsport cara konsisten beri siap setting gokart baik tiap putar kolaborasi balap tim jadi salah satu faktor penting jaga performa hingga akhir mampu aman gelar juara nasional bahagia makin lengkap hasil romy turut antar dewa united motorsport jadi juara nasional tim juara nasional gokart romy sama balap dewa united motorsport kenal dengan sebut anak dewa hasil beri kontribusi penting capai sebut saing putar akhir langsung kondisi penuh tantang balap sempat ancam tiada akibat abu vulkanik erupsi anak krakatau capai kawasan sentul karting circuit kondisi sebut buat muka lintas jadi debu jarak pandang balap sangat batas alami tunda lama hampir empat jam balap akhir langsung laku tanggulang pihak organizer sama tugas madam bakar laku semprot seluruh muka lintas kondisi sebut tambah tantang para balap tentu strategi jaga konsentrasi hingga balap akhir gelar sangat arti juang tidak mudah panjang musim harus jaga konsistensi siap fisik jaga fokus terus laku evaluasi satu seri seri ikut saing kelas shifter sangat ketat harus mampu jaga kondisi tengah sibuk lawyer kata romy tahrizi nyata resmi syukur kerja keras sama tim akhir buah hasil terima kasih besar besar dewa united motorsport selalu beri support setting baik tiap seri gelar bukan milik tetapi milik seluruh tim keluarga sponsor semua pihak terus beri dukung lanjut romy juga tegas hasil raih gelar juara nasional bukan jadi akhir jalan motivasi hadap tantang ikut ingin jadi capai tahun bagai motivasi terus kembang target depan tentu tahan gelar jika sempat coba kompetisi level internasional saya percaya lama mau kerja keras terus ajar tidak mudah serah banyak capai mudah mudah saya bisa terus beri prestasi baik sama dewa united motorsport kata romy depan romy tahrizi tekad tahan gelar juara nasional sekaligus buka peluang tampil kompetisi gokart internasional komitmen sebut terus jalan sama dewa united motorsport telah beri percaya dukung panjang musim atas capai sebut romy sampai apresiasi seluruh jajar dewa united motorsport sponsor keluarga kerabat seluruh pihak yang telah beri dukung percaya lama jalan kompetisi hingga hasil raih gelar juara nasional shifter tahun ran ran,sport
96,asi games tak lama mulai ketua umum urus besar taekwondo indonesia pbti letjen tni richard tampubolon sampai optimismennya kait cabang olahraga dia pimpin asi games langsung aichi nagoya jepang ajang multi event olahraga asia akan resmi buka september tutup oktober presiden ri prabowo subianto resmi lepas kontingen indonesia istana presiden jakarta pusat rabu ketua umum urus besar taekwondo indonesia pbti letjen tni richard tampubolon turut hadir acara sebut sempat sebut prabowo pesan atlet jaga konsistensi latih orang nomor satu indonesia juga harap wakil indonesia lihat karakter bangsa kunci utama raih prestasi tinggi konsistensi latih semangat pantang serah harap atlet tunjuk karakter bangsa indonesia tangguh tanding jepang kata prabowo pesan sebut jadi motivasi atlet indonesia masuk para wakil taekwondo indonesia akan bawa merah putih aichi nagoya siap evaluasi sambung yakin para atlet taekwondo beri kontribusi maksimal jaya indonesia kata richard tampubolon asi games aichi nagoya akan jadi salah satu panggung penting taekwondo indonesia hasil baik nanti menjadibukti keberhasilanpbti bina siap telah laku hadap saing level asia ran krs,sport
97,pt bank negara indonesia persero tbk bni beri dukung juang bulutangkis indonesia panggung internasional ini iring tetap bulu tangkis kuat merah putih asi games aichi nagoya jepang main pilih satu bulutangkis seluruh indonesia pp pbsi banyak main akan jalan debut asi games antara alwi farhan moh zaki ubaidillah muhammad shohibul fikri nikolaus joaquin mutiara ayu puspitasari rachel allessya rose hingga nita violina marwah itu tujuh main lain milik alam tampil asi games jonatan christie fajar alfian leo rolly carnando daniel marthin putri kusuma wardani febriana dwipuji kusuma siti fadia silva ramadhanti corporate secretary bni okki rushartomo kata komposisi main alam debut tunjuk proses regenerasi terus langsung bulutangkis indonesia asi games aichi nagoya jadi sempat main uji mampu sekaligus tambah alam level internasional bni harap seluruh atlet kuat indonesia beri mampu baik hadir main alam sekaligus debut tunjuk regenerasi terus jalan jadi bagi penting jaga sinambung prestasi bulutangkis indonesia ujar okki terang tulis rabu asi games hadir kombinasi baru sektor ganda campur nikolaus joaquin siti fadia silva ramadhanti jadwal tampil pasang ajang sebut belum masing masing kompetisi pasang beda okki hadir kombinasi main baru beri sempat luas alam tanding sekaligus tambah alternatif indonesia hadap saing level asia paling utama harap tim indonesia tampil maksimal nomor regu baik putra maupun putri itu harap atlet mampu tunjuk performa baik nomor orang kata okki nomor regu bulutangkis asi games jadwal langsung september kemudian lanjut nomor orang september dukung juang atlet sebut juga tepat momentum hari olahraga nasional haornas ingat september bni haornas jadi ingat penting dukung lanjut bina atlet kembang olahraga nasional bni yakin juang para atlet asi games jadi inspirasi generasi muda terus prestasi sekaligus bawa nama indonesia tingkat asia dunia prf ega,sport
98,buat kamu ikut motogp rasa hafal karakter bagai sirkuit tantang tarik ikut bold riders sama detikcom hadir kuis tebak sirkuit motogp hadiah saldo e wallet total rp ribu kuis serta tantang tebak nama nama sirkuit dasar siluet postingan kuis tantang sebut jadi sempat uji berapa jauh tahu serta bagai lintas motogp tarik kuis tidak andal jawab tepat serta perlu ikut jumlah mekanisme tentu ikut kuis sesuai tentu cara ikut kuis tebak sirkuit motogp ikut kuis serta perlu pasti beberapa syarat laku ikut mekanisme follow akun instagram detikcom boldriders tulis nama nama sirkuit sesuai siluet slide postingan kuis kolom komentar mention detikcom boldriders teman dekat ikut ramai kuis pasti jawab seluruh mekanisme telah laku sesuai tentu kuis uji mampu serta nali sirkuit lalu tampil siluet gemar biasa ikut balap motogp bentuk lintas karakter tikung dapat jadi tunjuk tentu jawab hadiah saldo e wallet rp ribu uji tahu sirkuit motogp kuis tawar hadiah tarik tiga detikers jawab benar dapat saldo e wallet masing masing menang hak dapat saldo e wallet besar rp ribu total hadiah siap capai rp ribu jadi buat kamu rasa jago nali sirkuit motogp jangan lewat sempat ikut jawab tantang siap jawab baik ikut seluruh mekanisme laku bukti berapa kenal kamu bagai lintas motogp bold riders hadir wadah komunitas motor multigenre apa brand jenis motor semua bisa gabung bawah satu semangat sama brotherhood jalan berani pacu adrenalin ambil risiko sirkuit bold riders juga dengan bangga jadi sponsor resmi gresini racing team ajang motogp lebih sekadar komunitas bold riders dukung penuh nilai nilai jadi jiwa motogp para cinta roda selalu berani tampil beda live bold berani ambil putus hitung detik mentalitas terus maju kembang passion kuat dunia roda dua dedikasi harga proses latih disiplin prinsip jadi jalan alam arti semangat brotherhood solid rangkul semua genre motor sekat jangan tinggal seru follow akun boldriders sekarang untuk update info baru putar dunia motor motogp prf ega,sport
99,latih timnas voli putra indonesia reidel toiran pasang target medali asi games optimistis tim beri kejut besar timnas voli putra indonesia kuat main jumlah main alam tetap jadi bagi skuad antara dio zulfikri farhan halim fahri septian target dapat medali anak anak semangat semua jadi optimis kompetisi ini surprise beri kejut besar kata reidel temu wisma serba gbk rabu reidel tim jalan latih berat waktu kurang dua pekan manfaat maksimal kondisi fisik main berangkat asi games sekarang latih berat panjang latih jadi lepas fisik maksimal waktu kita evaluasi fisik kurang sekarang fase maksimal taktik kita kata reidel reidel waspada jepang india china soal saing reidel sebut jepang india china bakal jadi lawan berat indonesia sisi dia nilai performa tim terus alami tingkat indonesia belum hasil juara avc men s cup tim merah putih kalah korea selatan tanding final india tim tim baik jepang ada india ada china lumayan bagus kita mulai naik tutur asi games indonesia gabung pool b sama iran thailand kirgizstan reidel harap dukung masyarakat indonesia juang timnas voli putra asi games untuk masyarakat indonesia terima kasih sekarang dukung akan maksimal tanding harap maju ujar reidel mcy krs,sport
100,ketua umum komite olimpiade indonesia koi raja sapta oktohari pasti atlet layan baik tiba nagoya jepang jawab kondisi tengah jadi kota sebut nagoya tengah terpa banjir besar akibat ratus atlet asi games jepang evakuasi tempat inap bahkan prakira cuaca tunjuk lebih banyak hujan beberapa hari depan padahal tanding asi games mulai september buka resmi multievent empat tahun baru laku september hubung noc jepang cukup baik koordinasi tetap laku khusus nagoya tim cdm cukup intensif komunikasi baik perintah mapun loc aichi nagoya kata okto temu wisma serba gbk rabu insyaallah upaya terus ada pasti atlet layan baik tambah banjir besar wilayah asi games langsung fakta indonesia terpa tantang mulai bakar kalimantan banjir sumatra hingga gunung erupsi beberapa titik indonesia okto harap tantang jawab atlet prestasi olahraga indonesia sampai para atlet semua tantang jawab prestasi harap prestasi bisa jadi kuat semangat masyarakat indonesia hadap semua tantang sedang hadap ujar bangsa besar tak mungkin jadi kecil cuma tantang tantang jawab harus menang tegas okto okto nilai tim cdm milik rencana cadang situasi hadap masuk kait timnas basket turut dampak ada banjir besar nagoya seperti bukan pertama kali pernah jadi cdm olimpiade tiap situasi ada kondisi plan saya yakin pak todotua padaribu olahraga basket saya sangat pede tiap masalah akan cari solusi baik para atlet tegas begitu pun soal skema berangkat tim asi games untuk kloter ikut skema maksimal sesuai ada kemarin saat mau berangkat airport tutup cari solusi komunikasi atlet ofisial mereka tuju dengan skema kami laksana yang paling utama pasti layan atlet mereka bisa tampil maksimal kata okto mcy ran,sport
101,gubernur dki jakarta pramono anung minta badan kelola investasi bpi danantara ikut dana proyek lrt jakarta minta sebut sampai langsung pramono presiden prabowo subianto momen jadi prabowo pramono jajal lrt jakarta kelapa gading tuju manggarai jalan dua bincang kena lanjut kembang lrt jakarta tengah bincang pramono minta dukung prabowo danantara ikut dana kembang lrt jakarta ikut pramono jelas lama proyek sebut dana perintah daerah pemda nah kalo bapak izin benar tinggal bantu sedikit danantara kan lama jakarta sendiri pak ucap pramono prabowo siar youtube sekretariat presiden rabu prabowo lantas timpal minta pramono sebut jakarta golong provinsi kaya jakarta kaya ujar prabowo tertawa inormasi proyek panjang lrt jakarta tuju manggarai selesai resmi prabowo rabu jalur belum mulai kelapa gading jakarta utara akhir velodrome jakarta timur kini panjang hingga stasiun manggarai jakarta selatan proyek milik panjang kilometer nilai investasi rp triliun moda transportasi umum sebut rencana panjang tuju dukuh atas target rampung dalam konferensi pers usai resmi pramono sebut panjang jalur tuju dukuh atas butuh anggar rp triliun kerja target mulai laku awal manggarai dukuh atas rp triliun mulai tahun awal sudah sedia berapa pak dirut udah nggak perlu obligasi jadi inti obligasi apbd juga dari danantara terang pramono tak itu lrt jakarta target koneksi jakarta international stadium jis kawasan stasiun kereta cepat whoosh kembang dari kelapa gading tuju jis dari velodrome sambung stasiun whoosh halim yang bahagia saya happy sesuai dengan arah bapak presiden kita akan lanjut dengan jis dari kelapa gading jis dari velodrome whoosh uangkapnya lrt jakarta lewat stasiun stasiun kelapa gading stasiun boulevard utara stasiun boulevard selatan stasiun pulomas stasiun equestrian stasiun velodrome stasiun rawamangun stasiun pramuka stasiun matraman stasiun proklamasi stasiun manggarai,finance
102,direktur jenderal dirjen menteri uang minta batal ombak jabat laku purbaya yudhi sadewa jabat menteri uang ombak ratus jabat menteri uang laku purbaya kamis september mayoritas ombak sasar direktorat jenderal ditjen bea cukai ditjen pajak ombak jadi jabat pimpin tinggi pratama jabat administrator jabat awas jabat fungsional jabat unit organisasi non eselon kemenkeu turut dirjen pajak bimo wijayanto dapat nama nama ajaib masuk usai ombak sebut kan usul rotasi cuma memang beberapa nama nama ajaib tidak ikut proses assessment talent management ujar bimo temu usai acara international pajak conference kantor pusat djp jakarta selatan rabu alhasil bimo aku sama dirjen bea cukai djaka budhi utama minta ombak batal kemudian buat dirjen bea cukai minta tunda batal sinyal bagus pasu ikut susah payah ikut assessment ikut uji ikut talent management tegas bimo bimo nyata jabat indikasi lompat proses langsung batal daftar ombak kembali posisi mula nggak penuh syarat tadi batal lain lain tetap jadi balik posisi awal iya terang bimo benar konfirmasi minta batal kait nyata menteri uang suahasil nazara lihat lebih putus era purbaya sebut iya pak suahasil tegas komitmen laksana talent management laksana birokrasi reform baik baik terang bimo belum menkeu suahasil nazara buka suara kait nasib ombak jabat yang laku purbaya yudhi sadewa suahasil kata lihat putus menteri uang landas ombak kita lihat kemarin memang lantik minggu lalu tentu kita akan lihat lantik apa putus menteri uang apa dan kita akan tindak lanjut situ beber suahasil usai lantik istana negara jakarta pusat senin hns hns,finance
103,jakarta gerak nyaris jeda bunyi langkah kerja pagi hari aktivitas dagang hingga malam ganti hiruk pikuk kuliner hibur isi denyut ibu kota padat gedung aktivitas manusia tentu tanda buah kawasan benar benar hidup bising tepi jalan raya hingga ruang ruang sunyi simpul transportasi bagi sudut jakarta simpan potensi sepenuh gali balik peluang cipta tempat bukan lalu undang orang henti kumpul aktivitas cara bukan sekadar bangun ruang baru temu kuat soul jiwa telah lekat kawasan lalu beri ruang tumbuh dekat ini kenal placemaking sederhana ruang bangun guna hidup lalu aktivitas komunitas identitas buat orang milik ikat tempat sebut gambar bagaimana buah kawasan bisa hidup bisnis aktivitas cara dukung giat masyarakat kota kata kepala divisi business planning expansion division mrt jakarta r samuel ryan pradipta pranowo acara mrtj fellowship program jakarta tulis rabu mrt jakarta upaya hidup buah kawasan henti bangun stasiun ruang ruang sekitar jadi bagi jalan sekaligus peluang cipta aktivitas bentuk karakter buah tempat dekat placemaking mulai bawa jumlah kawasan sekitar stasiun mrt titik ini stasiun tak diri sendiri jadi pintu masuk tuju kawasan punya hidup identitas masing masing negara blok m blok m jadi salah satu contoh bagaimana dekat sebut terap kawasan ini terus kembang hanya tempat kumpul juga pusat kuliner lifestyle identitas bangun urban youth hub anak muda sekaligus bawa unsur nostalgia generasi dahulu agam komunitas giat tumbuh dalam turut bentuk karakter blok m sini muncul gambar negara blok m buah kawasan tak sekadar jadi titik pindah tumpang punya alas datang nikmat media sosial blok m tunjuk bagai wajah mulai tempat makan viral pusat warga skena hingga lokasi tunjuk musik ramai datang anak muda aktivitas hidup kawasan terus gerak inovasi prinsip utama aktivitas aktivitas tadi event giat atau giat giat komunitas memang situ hidup terus pernah mati memang konsep buat vibrant hidup terus pernah capek inovasi baru ujar samuel samuel kata konsep placemaking transit oriented development tod saling kait placemaking henti bangun fisik juga cakup akses hubung nyaman citra aktivitas interaksi sosial dalam blok m kini bukan sekadar kawasan cari makan sekitar stasiun unjung datang jalan kaki buru makan viral temu teman bahkan sekadar duduk santai sembari nikmat ramai ibu kota ramai putar ekonomi hasil buah kawasan hanya ukur berapa ramai orang datang balik geliat aktivitas sebut putar ekonomi jalar bisnis kawasan sekitar buah acara gelar misal unjung hanya habis uang lokasi acara juga makan restoran sekitar belanja toko dekat hingga inap hotel apabila datang luar kota teliti stanford university mereka bilang giat ekonomi kreatif biasa sebut mice meeting incentive convention and exhibition multiplier effect bisa kali nilai ekonomi giat sendiri jadi kalau misal giat rp miliar multiplier efek bisa rp miliar kata samuel arti buah ruang hasil tarik orang datang aktivitas manfaat tidak henti ruang sebut gera manusia ikut buka peluang usaha usaha sekitar dapat bagi geliat kawasan skala dampak dapat jadi lebih besar giat gelar skala internasional misal konser musisi luar negeri gelora bung karno gbk samuel multiplier effect giat macam dapat capai tujuh hingga delapan kali nilai ekonomi giat utama kota tua jiwa sudah blok m tunjuk hidup kawasan bukan arti buat sekadar ramai karakter komunitas aktivitas buat orang punya alas datang placemaking bukan arti buat kawasan milik wajah sama tiap tempat punya karakter cerita beda blok m tumbuh denyut anak muda kultur urban kota tua milik jiwa lahir sejarah identitas heritage nya sini tantang ikut bagaimana hidup kawasan sebut hadir aktivitas baru hilang karakter sudah lekat dalam area kota tua revitalisasi juga mudah mudah tetap hidup tahan identitas heritage nya jadi heritage chinatown nya little amsterdam nya nggak hilang tetap area nya buat hidup kombinasi retail komunitas lain bagai kata samuel beberapa area unsur lebih modern futuristik juga hadir ingat kawasan glodok sejak dulu kenal pusat elektronik karakter beda itu nanti temu hilang identitas heritage jadi bagi wajah kota tua kembang placemaking di kota tua nanti akan jalan iring bangun mrt tuju kota tua samuel belum merincikan kapan revitalisasi kawasan akan mulai ingat saat ini bangun fokus selesai stasiun thamrin monas target operasi desember itu dalam rencana besar jalur mrt north south target sambung hingga kota tua datang arti geliat baru kota tua tunggu jalan panjang bukan hanya hadir jalur mrt juga untuk temu cara ruang kaya sejarah itu kembali jadi tempat hidup hns hns,finance
104,banyak milik usaha kecil mikir konten promosi butuh kamera mahal jasa editor profesional padahal sekarang video produk tarik perhati media sosial buat sendiri cukup pakai hp aplikasi gratis lewat capcut mastery class kelas ajar langsung restu trio mara s ak executive multimedia pt lampung cerdas dunia sudah punya lebih followers juta views media sosial materi fokus praktik nyata mulai cara nentuin konsep video produk teknik editing simpel capcut bikin opening bikin calon beli henti scroll detik detik pertama format video rekam ulang kapan beda kelas live cuma sekali tayang capcut mastery class sedia format video rekam sejak hari kamis tanggal bulan april tahun hari jumat tanggal bulan april tahun akses online via lampung cerdas lalu detikevent kamu nonton ulang bagi belum paham harus nunggu jadwal kelas ikut cocok buat milik usaha waktu tentu bonus e book cara nentuin niche dapet follower pertama pakai buat tata strategi konten toko kamu awal info harga sedia bisa cek langsung halaman detikevent periode akses akhir desember cocok buat mula sekalipun kamu perlu alam editing belum buat ikut kelas materi susun dasar jadi milik usaha lama cuma andal foto produk polos bisa langsung praktik bikin video promosi sendiri konten lebih hidup personal biasa lebih percaya calon beli banding sekadar foto katalog dapat sekarang akses ajar detikevent hns hns,finance
105,perintah target mulai produksi bahan bakar minyak bbm campur etanol e dua tahun datang kejar target sebut perintah kira butuh lahan juta hektare menteri koordinator bidang pangan zulkifli hasan zulhas kata target sebut rapat presiden prabowo subianto menteri tani minta siap rencana kembang lahan bahan baku etanol ratas pimpin bapak presiden langsung bahas tahun datang sudah produksi paling kurang e karena tadi tan minta siap rencana masuk lahan terus kata zulhas kompleks istana presiden jakarta rabu zulhas bahan baku nilai paling mungkin produksi etanol tebu perintah kira butuh lahan juta hektare sebar pulau jawa sumatera hingga papua danantara dapat peran bangun industri olah etanol perintah target seluruh butuh etanol e nanti penuh produksi negeri danantara industri konversi etanol yang paling mungkin nyata tebu siap lahan lebih kurang juta hektar yang luar jawa yang jawa dari sumatera siap beber zulhas kata sedia lahan jadi salah satu hambat utama kejar target e perintah meta potensi lahan penuh butuh sebut tahap akan tuju e b yang pertama e jangka panjang akan tuju e tahap pertama tadi juta bottleneck nya lahan tapi peta tugas bumn pak tan tadi peta mungkin akan juta tutup zulhas hns hns,finance
106,data tumpuk dashboard otomatis buat putus bisnis jadi lebih tepat mampu baca angka jadi insight banyak profesional justru sesat tengah lapor harus bantu bukan bingung business acumen skill sering lewat business acumen mampu paham cara kerja bisnis seluruh mulai fundamental business model hingga hubung customer value revenue cost profit skill beda orang sekadar jalan tugas orang benar benar paham dampak putus bisnis sayang banyak profesional mulai fresh graduate hingga level manager biasa hubung kerja hari dengan angka bisnis margin cash flow kpi akibat putus lebih sering dasar asumsi ketimbang data risiko salah strategi jadi lebih besar data putus dampak paham kpi business metrics belum cukup kamu perlu tahu cara baca financial insight timbang cost benefit risk trade off tiap opsi solusi mampu yang buat rekomendasi bisnis lebih kuat pijak data bukan sekadar intuisi feeling semata kelas jam paham cara pikir bisnis ambil putus lebih tepat detikcourse rancang bantu kamu bangun business acumen praktis kamu ajak analis business case nyata susun rekomendasi solusi dasar perspektif bisnis bukan perspektif teknis kerja kelas cocok fresh graduate profesional team leader manager hingga business owner yang ingin asah pola pikir bisnis kelas langsung hari rabu tanggal september cara online serta dapat e sertifikat video recording insight langsung expert segera cek sedia tiket lalu laman resmi detikevent sekarang hns hns,finance
107,menteri uang menkeu suahasil nazara sambut baik timbang dewan wakil daerah republik indonesia dpd ri rancang undang undang anggar dapat belanja negara ruu apbn tahun anggar turut masuk cermin aspirasi daerah sebut jadi bahan penting perintah lanjut bahas rapbn sama dewan wakil rakyat republik indonesia dpr ri suahasil sebut ertimbangan dpd ri hadir momentum tepat iring langsung bahas rapbn perintah dpr ri sampai usai sidang paripurna luar biasa dpd ri masa sidang i tahun sidang rabu timbang timbang dpd beri waktu sangat tepat kita memang sedang jadwal bicara rapbn dpr ri timbang sebut jadi bahan masuk cermin aspirasi daerah ujar suahasil terang tulis rabu jumlah isu jadi perhati dpd lain bijak transfer daerah bangun infrastruktur dana desa kuat kapasitas fiskal daerah bagai masuk sebut jadi perspektif tambah bahas bijak fiskal alokasi anggar rapbn suahasil apresiasi proses sebut bagi penting tata kelola ketatanegaraan khusus pasti perspektif daerah turut jadi timbang susun bijak fiskal nasional ucap terima kasih khusus atas nama perintah undang sidang paripurna kali ini ini suatu tata negara baik dapat timbang cermin perspektif seluruh daerah kata menkeu timbang dpd lanjut perhati perintah jadi bagi bahas rapbn sama dpr ri sesuai tahap telah pakat badan anggar dpr timbang timbang sampai jadi masuk sangat sangat kami perhati jadi bagi bicara dpr ri tegas suahasil ily hns,finance
108,presiden prabowo subianto minta tangan bakar hutan lahan karhutla laku tegas seluruh prabowo mewanti wanti jangan lagi bakar hutan lahan alas apa arah sebut sampai prabowo pimpin rapat virtual istana merdeka jakarta rabu salah satu materi rapat bahas kembang tangan karhutla kalimantan sumatera boleh lagi bakar hutan lahan alas apa tangan karhutla tegas seluruh kuat cegah sejak sumber tulis akun instagram sekretariat kabinet kutip rabu prabowo minta upaya cegah kuat lalu olah lahan bakar perintah minta sedia alat damping masyarakat itu prabowo larang keras ada atur daerah atur buka lahan cara bakar dasar izin kepala daerah tindak minta laku pihak bukti laku atau lalai cegah bakar hutan lahan rapat sebut kapolri jenderal listyo sigit prabowo lapor dapat lebih korporasi langgar tidak dirinci identitas usaha maksud rapat bahas tangan jumlah bencana celaka antara celaka kmp virgo transport laut jawa cari orang hilang selat sunda tangan pascagempa nusa tenggara timur ntt prabowo minta cari korban celaka kapal maksimal menteri hubung terus beri informasi keluarga korban juga minta hak keluarga korban penuh investigasi celaka laku dalam objektif tangan pascagempa ntt prabowo minta proses pulih cepat tangan cakup beri bantu stimulan sedia huni hingga bangun rumah rumah dampak ily hns,finance
109,nasib dividen badan kelola investasi bpi daya anagata nusantara danantara setor kas negara rp triliun jelas wacana pernah embus purbaya yudhi sadewa masih jadi menteri uang malah menteri uang menkeu baru suahasil nazara enggan bicara soal nasib setor dividen bumn sebut usai rapat istana presiden rabu malam suhasil pilih diam ribu bahasa suahasil enggan komentar soal benar presiden prabowo subianto tak tuju rencana tarik dividen rp triliun danantara tanya tanya lontar kepada langsung buru buru masuk mobil beri gestur minta maaf awak media padahal sempat jawab panjang lebar tanya awak media belum soal nasib ombak jabat menteri uang tanya rupa tanya ceo danantara ros roeslani usai rapat istana beda suahasil ros buka suara nyata perlu diskus lebih suahasil kan beberapa kami duduk prof suahasil semua diskusi gitu rencana segera temu apa kita komunikasi sangat sangat baik yakin semua akan selalu solusi baik gitu ujar ros tanya lebih lanjut ros cuma bilang diri akan temu segera empat mata suahasil kita akan ketemu segera kok sebut singkat akhir agustus lalu purbaya masih jabat menteri uang kata bahas dividen masuk kocek negara bahas ros roeslani perintah tinggal tunggu eksekusi transfer dana sebut bahas pasti tinggal tentu kapan mau ngirim aja rp triliun putus presiden ujar purbaya kantor jakarta pusat jumat yang lalu purbaya besar setor danantara jadi angin segar fiskal negara banding dengan terima dividen tahun belum yang hanya capai rp triliun kalau tahun tahun belum cuma dapet rp triliun dividen kalau tingkat rp triliun kan bagus tingkat malah jadi saya rugi perintah rugi dapat nggak rugi malah nambah beber purbaya hns,finance
110,menteri koordinator infrastruktur bangun wilayah agus harimurti yudhoyono ahy kata lebih titik kawasan kumuh indonesia ribu kawasan sebut milik tingkat parah beda ahy kata total sebut kawasan masuk kategori kumuh berat sisa masuk kategori sedang ringan lebih titik kawasan kumuh indonesia bagai klasifikasi kelas berat sekitar kelas sedang ada kelas ringan ujar ahy acara urban climate forum jakarta rabu ahy jelas kondisi mukim kumuh akan timbul soal misal muncul bagai sakit ini jadi kurang batas akses air bersih sanitasi buruk kemudian kait soal ekonomi mana kualitas hidup rendah turut buat akses lapang kerja jadi lebih sulit pasti banyak sakit hidup dapat air bersih sanitasi buruk stunting jadi sakit tular jadi ispa sakit kulit lain juga jadi hari lapang kerja sulit kualitas hidup terang ahy tambah tangan kawasan kumuh sebut laku padu integrasi mana revitalisasi tidak cukup baik kondisi fisik mukim juga bareng sedia fasilitas publik pada jadi kalau ubah dengan dekat padu integrasi masuk dukung fasilitas publik pada sambung ahy hrp hns,finance
111,menteri uang suahasil nazara buka suara soal minta direktur jenderal pajak bimo wijayanto batal ombak jabat lingkung direktorat jenderal pajak djp ombak jadi kamis purbaya yudhi sadewa jabat menteri uang soal minta suahasil kata pihak perlu laku diskusi internal khusus lihat proses ombak sempat laku purbaya diskusi lihat proses maupun sedang jadi jadi proses maupun aktivitas sudah jadi ujar suahasil kompleks istana presiden jakarta pusat rabu suahasil kata tunggu rekomendasi para eselon satu jabat tingkat direktur jenderal soal ombak jabat tekan tunjuk jabat jenjang jenjang sendiri nah saya sekarang coba tunggu teman teman seluruh unit eselon satu kan nama tunjuk jabat jenjang jenjang kemudian laku sama sama seluruh unit beber suahasil pria belum jabat wakil menteri uang pun kata pihak perlu struktur jabat dapat kerja sama antar eselon kuat sinergi koordinasi kadang kadang perlu struktur jabat sifat lintas unit eselon satu kuat sinergi kuat koordinasi jadi sedang pasti akan pasti sinergi kemenkeu jadi baik ujar suahasil lalu mungkin batal ombak jabat minta dirjen pajak bimo wijayanto laku suahasil enggan bicara tegas batal ombak jabat laku cuma bilang pihak perlu lihat proses lantik laku sesuai tata kelola benar tidak lihat dulu apa yang sudah laku kemarin kan kalau lantik ada lantik yang hybrid nah ada yang waktu itu datang ini nanti jadi kombinasi yang seluruh makasih semua ujar suahasil hns,finance
112,pt summarecon agung tbk smra buka suara soal kasus hak bangun hgb kabupaten bogor tengah dalam komisi berantas korupsi kpk tahu kasus turut jaring presiden direktur smra adrianto pitojo adi operasi tangkap tangan ott kpk beberapa hari lalu summarecon aku hgb jadi perkara kpk rupa milik entitas anak persero hingga ubah status hukum sertifikat hgb sebut shgb sedang urus sebut rupa milik entitas anak persero sedang proses pecah ubah status hukum karena proses urus sebut jalan tulis manajemen summarecon agung kutip buka informasi rabu manajemen kata minta terang awal kpk langsung smra pasti ada dampak berita sebut status hgb hingga giat operasional persero sampai saat belum ada dampak atas berita proses periksa sebut persero masuk status hgb aset proyek giat operasional maupun kondisi uang persero jelas presiden direktur persero direktur smra lydia tjio turut jalan periksa minta terang kpk persero aku patuh atur hukum laku kait perseoran sebut jalan hal sebut persero hormat proses hukum saat ini sedang langsung kpk tindak kooperatif pihak pihak kait sesuai tentu laku pungkas kronologi kasus suap hgb dasar catat detikcom korupsi hgb ini mula lingkung menteri agraria tata ruang badan tanah nasional atr bpn uang jumlah urus layan tanah duga kumpul orang orang percaya menteri atr bpn nusron wahid plt direktur sidi kpk achmad taufik husein ungkap salah satu alir uang sebut kait urus hgb milik summarecon kasus ini mula para milik tanah atau ahli waris gugat terbit shgb summarecon ptun bandung shgb sebut terbit kepala kantor wilayah atr bpn jawa barat kepala kantor tanah kabupaten bogor proses kantor tanah bogor undang ahli waris laku mediasi ahli waris kemudian aju blokir shgb summarecon cabut gugat ptun bandung jadi komunikasi yaser alfarisi pihak swasta antara summarecon erwin erw pihak swasta duga rupa orang percaya menteri atr bpn erwin sebut sampai sontang coin manurung son selaku kepala kantor tanah kabupaten bogor i mau buka blokir laku pecah hgb dapat arah atas yaser rizal pahlevi lev kemudian dekat erwin bantu komunikasi sontang komunikasi sebut awal agustus muncul informasi buka blokir atau terbit sertifikat tanah summarecon sontana lalu erwin minta fee kode fee kode yang duga jumlah rp miliar kata achmad taufik konferensi pers gedung kpk jakarta selatan selasa pihak summarecon sebut sanggup rp miliar masih ada pihak yang duga dapat fee broker urus sebut agustus direktur utama summarecon adrianto pitojo adi adr lalu yaser rizal duga serah uang rp miliar erwin uang sebut erw kemudian duga serah rp juta sontana uang itu serah buah kafe di jakarta selatan untuk fee buka blokir pecah hgb pihak summarecon,finance
113,scroll guna tombol klik panah sisi kanan jajah feed video rekening bank gratis saldo awal rp ribu warga usia tahun berapa penting perintah siap program untuk luas inklusi uang dukung salur program perintah ada jumlah yang jadi sorot mulai sasar terima risiko rekening dormant hingga anggar rp triliun detikers gimana tanyadetikfinance hadiahpemerintah inklusikeuangan rekeningbank,finance
114,lama tahun pt chandra asri pacific tbk chandra asri group jadi bagi jalan tumbuh industri indonesia usaha pertama operasi naphtha cracker indonesia chandra asri group bangun fondasi industri petrokimia nasional terus layan butuh industri negeri lalu produk produk guna bagai sektor presiden direktur chandra asri group erwin ciputra jelas usaha tumbuh sama indonesia lama tahun lalu bangun kapasitas petrokimia nasional langkah terus sesuai kembang butuh nasional lewat tingkat kapabilitas diversifikasi bisnis lama tahun tumbuh sama indonesia mulai jalan bangun kapasitas petrokimia nasional layan industri lalu produk produk hasil iring waktu butuh indonesia kembang terus bangun kapabilitas baru lalu diversifikasi bisnis ujar erwin terang tulis rabu erwin nilai ekspansi bisnis tingkat regional jadi bagi penting jalan tumbuh chandra asri group ekspansi yakin mampu buka peluang talenta lokal kuat basis bisnis usaha indonesia tumbuh regional rupa bagi jalan sebut bisnis kami kembang kawasan chandra asri group buka peluang talenta indonesia bawa kapabilitas indonesia pasar regional cipta manfaat kuat basis bisnis kami indonesia tutur bahan baku jadi bagi jalan industri indonesia lama lebih tiga dekade produk chandra asri group guna bahan baku bagai sektor industri komoditas topang industri kemas otomotif konstruksi elektronik dukung butuh hari hari masyarakat indonesia peran sebut rupa bagi jalan panjang chandra asri group bangun kapasitas industri petrokimia indonesia sedia bahan baku negeri chandra asri group turut jadi bagi rantai pasok industri nasional dukung kembang industri hilir komitmen terus kuat kapasitas sebut cermin bangun fasilitas chlor alkali ethylene dichloride ca edc cilegon banten hingga juli bangun fasilitas kelola lalu pt chandra asri alkali caa telah capai pasuk fase utama bangun infrastruktur target mulai operasi komersial proyek nilai investasi lebih us juta jadi bagi strategi jangka panjang group kuat andal pasok bahan kimia dasar industri nasional langkah harap mampu kurang gantung impor cipta lapang kerja buka peluang tenaga kerja indonesia sektor industri manufaktur luas kapabilitas energi dukung butuh indonesia tingkat regional akuisisi aster chemicals and energy aster luas pijak usaha sektor energi kimia itu integrasi jaring esso singapura kuat alam group kelola bisnis energi jaring ritel bahan bakar kembang kuat hubung aset kapabilitas grup kelola energi operasional rantai pasok layan langgan lalu aster chandra asri group dukung tahan energi sedia produk petroleum masuk bensin bahan bakar jet gas oil bitumen dukung bagai industri indonesia chandra asri group terus kuat kapabilitas domestik sekaligus luas jangkau operasional pasar regional langkah laku bangun platform energi dukung butuh bisnis jangka panjang infrastruktur hubung rantai nilai industri sektor infrastruktur jadi bagi penting jalan transformasi chandra asri group kembang sebut jalan lalu pt chandra daya investasi tbk cdi cakup layan daya air industri kepelabuhanan hingga logistik kuat posisi platform infrastruktur tingkat regional kembang luas peran group rantai nilai industri kini usaha bangun infrastruktur dukung gera barang simpan utilitas penuh butuh industri demikian bisnis infrastruktur jadi lengkap kuat group bidang energi kimia langkah sekaligus buka peluang besar bangun ekosistem industri makin integrasi tumbuh kawasan bangun kapabilitas indonesia ekspansi chandra asri group kawasan luas skala bisnis buka peluang baru dapat beri manfaat indonesia salah satu lalu pt chandra asri sentral solusi cass mitra strategis dukung operasional entitas group singapura sekaligus bangun proses lebih integrasi standar manfaat teknologi digital kuat operational excellence chandra asri group jadi salah satu bentuk bagaimana tumbuh regional dapat hasil dampak indonesia langkah ini laku luas bisnis pasar regional sembari terus kuat kembang talenta fungsi strategis negeri tumbuh regional juga beri sempat chandra asri group bawa nama kapabilitas indonesia pasar lebih luas iring kembang bisnis group kawasan tahu alam oleh dapat bawa kuat bisnis sumber daya manusia indonesia indonesia kembang regional indonesia tetap jadi tempat chandra asri group bangun fondasi bisnis kembang fasilitas industri cipta lapang kerja tumbuh talenta saat sama ekspansi kawasan beri ruang persero kembang mampu baru luas jaring bawa kapabilitas bangun pasar regional lalu dekat sebut chandra asri group terus bangun hubung makin erat bisnis indonesia operasional regional ini tuju tumbuh satu bagi usaha dapat kuat mampu di bagi lain pasuk tahun kami lihat jalan chandra asri group bukan hanya jalan usaha juga bagai upaya terus relevan butuh indonesia bahan baku guna industri investasi kapasitas baru cipta lapang kerja infrastruktur dukung rantai pasok hingga sempat talenta indonesia untuk kembang dalam bisnis regional kami ingin terus bangun kapabilitas beri manfaat nyata pungkas erwin akn ega,finance
115,fitch ratings indonesia turun peringkat nasional jangka panjang peringkat utang senior jamin pt pos indonesia persero jadi c idn cc idn sebut laku imbas gagal bayar galbay laku pos indonesia bunga sukuk ijarah fitch ratings tidak beri outlook prospek utang pos indonesia pasal predikat c peringkat utang usaha biasa cermin volatilitas sangat tinggi fitch ratings indonesia turun peringkat nasional jangka panjang peringkat utang senior jamin pt pos indonesia persero post jadi c idn cc idn tulis umum fitch ratings indonesia kutip rabu fitch jelas putus susul galbay pos indonesia bunga sukuk ijarah tahap dua jatuh tempo agustus itu fitch turun standalone credit profile scp pos indonesia jadi c idn cc idn proses galbay proses rupa gagal bayar fitch turun standalone credit profile scp post jadi c idn cc idn proses gagal bayar proses rupa gagal bayar mulai jalan pandu bagi lower speculative grade kriteria public policy revenue supported entities rating tulis umum fitch gagal bayar pos indonesia informasi pos indonesia laku tunda bayar bunga sukuk ijarah lanjut i pos indonesia tahap ii tahun seri a c adapun bayar bunga sebut jatuh tempo agustus kutip buka informasi total bunga sukuk ijarah besar rp pos indonesia aku tunda bayar bunga jadi kondisi kas likuiditas persero belum mungkin penuh butuh sebut kondisi yang sebab pangkas peringkat utang pos indonesia perseoran anggap pasuk masa tenggang kontraktual bayar bunga sukuk ijarah post pasuk masa tenggang kontraktual lama hari kerja dasar dokumentasi sukuk jelas umum fitch ahi ara,finance
116,pt labuh indonesia persero pelindo luncur layan onshore power supply ops kapasitas kva terminal pnp dermaga labuh tanjung priok jakarta fasilitas mungkin kapal sandar guna listrik darat guna mesin bantu kapal rang yakin implementasi ops labuh tanjung priok jadi best practice jadi bagi transformasi labuh labuh indonesia tuju labuh lebih hijau efisien daya saing lanjut ujar kepala ksop utama tanjung priok heru susanto terang rabu operasi ops jadi salah satu langkah pelindo dorong transformasi labuh tanjung priok tuju green port kurang konsumsi bahan bakar minyak bbm lama kapal sandar guna listrik darat kurang running hours mesin bantu kapal butuh pelihara emisi gas buang bising getar area dermaga direktur utama pelindo achmad muchtasyar kata kembang ops rupa bagi upaya pelindo bangun ekosistem labuh makin hijau efisien siap hadap kembang standar industri maritim global ops bukan sekadar ganti sumber listrik kapal genset jadi listrik darat rupa langkah konkret transformasi labuh tanjung priok tuju green port hadir energi lebih efisien lebih bersih lebih andal bangun ekosistem labuh tidak makin produktif makin lanjut ungkap achmad itu direktur utama pt pln persero darmawan prasodjo ungkap pihak turut dukung kembang ops dukung jadi bagi kolaborasi sedia ekosistem listrik andal dukung transisi energi kawasan labuh pln siap dukung transformasi sektor kepelabuhanan lalu sedia pasok listrik andal kapal sandar lewat kolaborasi ingin dorong produktivitas lalu hemat laku usaha bidang maritim optimal aktivitas labuh sekaligus tekan emisi hasil jelas ops bantu tekan emisi kapal sandar ops kerja lalu skema shore to ship power kapal sandar hubung fasilitas sebut butuh listrik kapal hotel load reefer pompa butuh operasional lain pasok lalu jaring listrik darat auxiliary engine kapal mati lama guna ops dasar uji laku implementasi ops kira kurang emisi gas buang kapal hingga persen emisi lokal cerobong kapal nitrogen oksida nox sulfur oksida sox partikulat dapat hilang lama kapal sepenuh guna pasok listrik darat sisi efisiensi ukur dua kapal uji tunjuk potensi hemat biaya energi hingga persen banding guna genset kapal gantung jenis mesin bahan bakar guna kurang running hours auxiliary engine dapat tekan butuh pelihara panjang interval overhaul mesin operasi pelindo tugas pt energi labuh indonesia epi kelola layan ops bagi pelindo group epi kelola jaring distribusi listrik internal kawasan labuh sekaligus pasti kesiap andal pasok listrik darat kapal direktur utama pt epi andriyuda siahaan kata fasilitas ops dermaga lalu site acceptance test sat hasil uji coba kapal niaga juli operator pt epi pasti andal pasok listrik kesiap teknis layan dermaga ops juga buka kembang layan energi lebih ukur guna jasa dasar konsumsi listrik tingkat layan butuh ucap andriyuda dorong kembang ops labuh luncur layan ops labuh tanjung priok jadi tahap awal kembang layan lebih luas tahap pilot komersialisasi dermaga pelindo laku kembang tahap terminal lain kapasitas sesuai profil butuh kapal roadmap kembang pelindo arah kembang ops tanjung priok hingga unit dalam jangka panjang model sebut rencana direplikasi tahap terminal multipurpose dermaga umum labuh lain roadmap indikatif kembang nasional hingga unit ops dari tanjung priok kami ingin bangun fondasi luas solusi transisi energi terminal labuh lain indonesia labuh masa depan makin produktif efisien sekaligus mampu tumbuh perhati lanjut lingkung pungkas achmad informasi luncur fasilitas layan ops sebut turut hadir wakil menteri hubung kemenhub menteri energi sumber daya mineral menteri esdm kantor syahbandar otoritas labuh ksop utama tanjung priok polres labuh tanjung priok asosiasi milik kapal insa pt pln persero jajar manajemen pelindo group anl ega,finance
117,direktorat jenderal pajak djp menteri uang terap mungut pajak hasil pph dagang platform toko online alias seller mekanisme dagang lalu sistem elektronik pmse e commerce direktur jenderal pajak bimo wijayanto kata bijak rencana laku efektif mulai oktober belum alami tunda rencana awal agustus siap kan siap benar ada tunda oktober insyaallah segera aktivasi atur implementasi siap sudah siap ujar bimo tanya kait sebab masalah buat tunda tari pph dagang toko online bimo sebut tunda belum rupa arah purbaya yudhi sadewa masih jabat menteri uang menkeu pasti kesiap teknis seluruh pihak bottleneck nya karena pak menteri purbaya putus sementara tunda kesiap lebih matang ujar lebih lanjut tegas djp sama platform digital kait laku uji coba sistem sandbox stabilisasi sejak tahun lalu pasti laksana tari pph dagang online lalu empat platform e commerce oktober dapat jalan lancar hambat empat kan shopee tokopedia lazada blibli proses sudah mulai tahun lalu jadi no dramas lah ada drama pungkas bimo catat detikcom djp resmi tunjuk empat platform e commerce marketplace mungut pajak tokopedia shopee lazada blibli kala djp beri tenggat waktu lama satu bulan platform tunjuk sosialisasi hingga sesuai sistem adapun terap bagai tindak lanjut atur menteri uang pmk nomor tahun tunjuk juli marketplace kemudian akan laku mulai agustus ujar direktur jenderal pajak bimo wijayanto konferensi pers kantor jakarta pusat rabu bimo terang tunjuk laku telah timbang bagai mulai kesiap sistem skala transaksi kapasitas administrasi guna mekanisme rekening escrow tegas kesiap marketplace laku mungut setor lapor pajak elektronik juga jadi timbang adapun empat marketplace tunjuk tokopedia shopee lazada blibli ini tunjuk laku direktur jenderal pajak dasar limpah wenang menteri uang beber bimo igo fdl,finance
118,jaksa agung jagung nyata kesiap awal kolaborasi proses tega hukum kait duga langgar edar beras fortifikasi jagung minta kasus sebut segera tuntas potensi timbul rugi masyarakat cakup luas sebut sampai jaksa agung muda tindak pidana khusus jampidsus kuntadi selasa momen sebut tepat ekspos hasil periksa temu beras fortifikasi kantor pusat tan jakarta prinsip jaksa dukung penuh siap kolaborasi ikut aman cepat proses tega hukum sedang laku kawan kawan satgas pangan maupun polisi ujar kuntadi terang tulis rabu kuntadi tegas tangan kasus sebut larut larut ingat potensi dampak masyarakat luas karena sinergi antar aparat tegak hukum perlu proses dalam hingga tega hukum jalan efektif sesuai wenang masing masing kasus harus segera tuntas ingat potensi rugi masyarakat scope luas tegas jagung pasti kesiap proses tangan perkara temu indikasi tindak pidana langkah jamin jalan sesuai tugas fungsi wewenang milik proses tega hukum indikasi indikasi tindak pidana dalam tentu siap laku tega sesuai tugas fungsi tutur kuntadi dukung jagung sebut kuat langkah perintah menindaklanjuti temu duga langgar produk beras fortifikasi perintah belum laku awas periksa produk pasar beras fortifikasi masuk uji sesuai kandung gizi informasi cantum label kemas uji laboratorium laku empat lembaga saraswanti indo genetech brmp tan laboratorium ipb padu eurofins angler biochemlab hasil uji temu ada duga ketidaksesuaian klaim kandung gizi label produk edar masyarakat besar soal sebut cermin dari potensi rugi konsumen hitung perintah dasar hitung duga ketidaksesuaian produk beras fortifikasi standar tetap potensi rugi konsumen kira capai rp triliun menteri tani tan amran tegas perintah akan biar praktik potensi rugi konsumen langkah nilai penting ingat produk beras fortifikasi untuk kelompok masyarakat butuh asupan gizi tambah triliun sudah hitung cermat sesuai sesuai standar nah rp harus harga untung per kilo kalau truk ton juta memang giur memang giur nah tidak boleh tegas amran perintah temu ada beda signifikan biaya tambah fortifikasi harga jual produk pasar dasar hitung perintah biaya tambah proses fortifikasi kira rp per kilogram harga jual produk penuh tentu kira ada kisar rp per kilogram hasil awas temu produk beras fortifikasi pasar harga rata rata rp per kilogram temu bahkan catat ada produk jual hingga tembus harga rp per kilogram amran jelas beras fortifikasi dasar tuju bantu penuh butuh gizi kelompok masyarakat rentan karena perintah beri perhati serius duga ketidaksesuaian kandung produk maupun informasi sampai konsumen temu sebut lanjut serah aparat tegak hukum laku dalam ditindaklanjuti sesuai tentu laku perintah pasti proses tangan laku depan lindung konsumen pasti hukum dukung jagung kuat kolaborasi lintas lembaga awal kasus sebut polisi republik indonesia lalu inspektur awas umum irwasum polri komjen pol wahyu widada nyata dukung langkah perintah dalam menindaklanjuti temu beras fortifikasi duga tidak penuh tentu standar aman mutu pangan amran belum instruksi tangan tegas produk duga masalah di pasar langkah cakup tari henti edar produk cabut izin usaha hingga tega hukum temu unsur pidana tarik moratorium izin cabut proses pidana pungkas amran perintah tegas tangan kasus beras fortifikasi tuju pasti masyarakat oleh pangan aman mutu sesuai label dukung jagung sinergi lintas lembaga proses periksa tega hukum akan terus kawal hingga oleh jelas dasar hasil dalam alat bukti sesuai wenang masing masing anl ega,finance
119,perintah tindak tegas produsen beras fortifikasi duga sesuai klaim gizi label kemas masyarakat oleh produk beras fortifikasi sesuai klaim produsen bagaimana tera izin edar klaim kandung gizi label kemas laku usaha milik izin edar merek beras fortifikasi sebut beri surat ingat otoritas kompeten aman pangan daerah okkpd koordinasi badan pangan nasional bapanas okkpd libat bapanas lain dki jakarta jawa barat jawa tengah jawa timur d i yogyakarta sumatera utara minggu pertama september seluruh merek beras fortifikasi masalah sebut pantau henti produksi merk sebut kemudian banyak merek beras fortifikasi sebut laku tari stok tempat edar kepala bapanas juga menteri tani andi amran sulaiman sisa merek lain sedang proses tari nyata duga curang beras alih premium fortifikasi kata fortifikasi cek lab lab kredibel cek nyata sesuai label beber amran terang tulis rabu amran praktik tak jujur ekosistem beras biar karena perintah wajib pasti masyarakat konsumen akses produk beras sesuai spesifikasi izin edar tentu harga wajar mungkin agak kasar sedikit tipu susah konsumen kita karena tuju perintah supaya konsumen nikmat harga beras baik petan bisa untung kata amran nada wakil menteri hukum edward omar sharif hiariej jabar tindak pidana tipu jadi manakala praktik jual sesuai kandung akibat rugi konsumen lebih produk sebut jual harga lampau tinggi indikasi duga tindak pidana tipu bagaimana itu atur bab ii nomor pasal kitab undang undang hukum pidana masuk undang undang lindung konsumen inti pasal pasal sebut jual sesuai kandung rugi konsumen papar wamen edward adapun ancam pidana korporasi produsen beras bukti laku praktik culas sebut dapat upa denda tambah ancam pidana cabut izin usaha ini rujuk duga perintah bahwa laku praktik curang ini laku skala korporasi bukan orang bagaimana tahu perintah sama satgas pangan polri baru buka tabir ada temu merek beras pasar beras fortifikasi tetapi duga sesuai standar kandung yang cantum label banyak merek beras fortifikasi penuh kandung mutu sesuai sni kernel beras fortifikan sni beras fortifikasi adapun merek beras yang duga laku langgar wfo tks imf nur tkl hok brv imr ihj iak pbk gnb dtr tkr wjk plk mky imc ptk arp arn skm gnm tar cms bapanas ungkap duga praktik curang dalam edar beras label fortifikasi yang duga penuh standar mutu kandung gizi bagaimana klaim label kemas dasar hasil awas uji sampel potensi rugi konsumen selisih harga produk sebut kira capai rp triliun acd acd,finance
120,direktur jenderal pajak bimo wijayanto kata nama nama ajaib ombak jabat laku purbaya yudhi sadewa jabat menteri uang ombak nilai jadi soal serius jelas nama nama ajaib masuk rotasi lingkung direktorat jenderal pajak djp indikasi masuk lalu prosedur resmi bimo tak sebut siapa nama nama maksud beberapa nama nama ajaib tidak ikut proses assessment talent management kata bimo temu usai acara international pajak conference kantor pusat djp jakarta selatan rabu bimo tegas temu ini kemudian dorong minta tunda batal ombak jabat masalah nilai potensi timbul masalah kemudian hari sinyal bagus pasu ikut susah payah ikut assessment ikut uji ikut talent management ujar bimo tegas jabat nama masuk daftar ombak proses seleksi sebut pasti batal rotasi kembali jabat mula mereka sudah sesuai atur tetap rotasi nggak penuh syarat tadi batal lain lain tetap balik posisi awal iya ucap bimo tahu ombak ratus jabat lingkung kemenkeu akhir laku purbaya kamis september hal mayoritas ombak ditjen bea cukai ditjen pajak ombak jadi jabat pimpin tinggi pratama jabat administrator jabat awas jabat fungsional jabat unit organisasi non eselon kemenkeu kala purabaya kata ubah jabat ini laku bagi proses organisasi pasti kemenkeu lebih adaptif makin baik igo fdl,finance
121,seleksi kompetensi dasar skd sekolah dinas gelar mulai september tahap daftar sendiri selesai akhir agustus menteri panrb rini widyantini pesan seluruh serta siap diri hindar oknum oknum janji kelulus otomatis bayar jumlah uang skd tetap guna sistem computer assisted test cat kelola badan pegawai negara bkn rini tegas perintah biar celah curang proses seleksi celah laku curang tegas menteri rini terang tulis rabu perintah tetap nilai ambang batas passing grade capai masing masing kelompok soal nilai ambang batas tes wawas bangsa twk tes intelegensia umum tiu lalu nilai minimal harus capai serta kelompok soal tes karakteristik pribadi tkp nilai kumulatif tinggi skd rincian twk tiu tkp tetap tuang putus menteri pendayagunaan aparatur negara reformasi birokrasi nomor tahun nilai ambang batas seleksi kompetensi dasar seleksi terima serta didik sekolah dinas tahun anggar nilai ambang batas sebut kecuali serta daerah tentu dapat afirmasi bijak afirmasi belum usul menteri lembaga selenggara sekolah dinas materi soal tiu twk bobot jawab benar nila serta dapat nilai jawab salah tidak jawab sementara soal tkp bobot jawab paling rendah paling tinggi adalah dapat tidak jawab calon praja mahasiswa taruna harus kerja butir soal waktu menit twk diri soal tiu dapat soal soal untuk tkp rini minta serta ikut tahap seleksi dengan jujur sesuai mampu diri masing masing kelompok soal soal laku untuk nilai tahu cenderung serta kuasa serta jawab serta akan tunjuk tahu cenderung nilai nasionalisme analisis hingga silogisme mampu adaptasi hingga tahu anti radikalisme perintah siap butuh calon pegawai negeri sipil cpns lalu jalur sekolah dinas tahun tahun sembilan instansi buka formasi sekolah dinas ada bawah naung ikut skd instansi akan umum hasil resmi september hingga oktober seleksi lanjut atur masing masing instansi selenggara sekolah dinas detail tanggal tahap seleksi lihat akses laman lihat video jppi sorot tata kelola sekolah dinas yang tutup,finance
122,bank bangun asia asi development bank adb tuju pinjam besar us juta sekitar rp triliun kurs rp dukung indonesia modernisasi kelola fiskal perintah pusat daerah pinjam sebut rupa bagi subprogram pertama accelerating decentralization for improved local governance adil program cepat desentralisasi tingkat tata kelola daerah direktur adb indonesia bobur alimov kata program akan dukung platform digital nasional baru integrasi lapor data fiskal nilai pajak properti lebih adil tingkat dapat daerah itu isu isu kait lindung hak hak sipil masuk rencana anggar responsif lindung perempuan anak perempuan integrasi risiko bencana jadi bagi tak pisah kerangka kerja sebut aspirasi perintah indonesia jadi negara hasil tinggi tahun dukung strategis bangun ekonomi bagai provinsi kabupaten desa tempat layan publik esensial beri ujar bobur terang tulis rabu arsitektur fiskal digital negara makin kuat mungkin sedia layan lebih baik masyarakat sambung bobur sampai dari total keluar publik masuk keluar didik awat sehat infrastruktur lokal kelola tingkat subnasional nilai sistem kelola uang publik daerah fragmentasi beda mampu fiskal administratif antarwilayah pengaruh administrasi paja koordinasi bijak hingga sedia layan publik turut program nisa atas tantang struktural sistem fiskal daerah indonesia itu dapat dukung rencana bangun jangka tengah nasional visi indonesia emas cepat tumbuh ekonomi indonesia dorong kurang miskin timpang kuat lanjut lingkung simak video purbaya sebut rasio utang ri masih aman,finance
123,direktur jenderal pajak bimo wijayanto minta tunda ombak jabat lingkung direktorat jenderal pajak djp menteri uang kemenkeu karena dapat jumlah nama jabat masuk ombak ikut prosedur talent management djp kan usul rotasi cuma memang beberapa nama nama ajaib tidak ikut proses assessment talent management kata temu usai acara international pajak conference kantor pusat djp jakarta selatan rabu bimo tegas indikasi simpang prosedur kait muncul jumlah nama lompat proses seleksi ini buat diri minta bijak rotasi ombak susun jabat tunda batal kemudian buat dirjen bea cukai minta tunda batal sinyal bagus pasu ikut susah payah ikut assessment ikut uji ikut talent management tegas bimo namun sampai putus lebih jauh tetap suahasil bimo kata para jabat indikasi lompat proses langsung batal daftar ombak kembali posisi mula nggak penuh syarat tadi batal lain lain tetap jadi balik posisi awal iya jawab luar bimo benar tanya minta tunda ombak kait nyata menkeu baru suahasil nazara lihat lebih putus menteri uang guna landas atur ombak jabat era purbaya iya pak suahasil tegas komitmen untuk laksana talent management laksana birokrasi reform baik baik terang bimo belum menteri uang menkeu suahasil nazara buka buka kait nasib ombak jabat yang laku lama purbaya yudhi sadewa saat jabat ia kata pihak lihat lebih putus menteri uang landas atur lomba kita lihat kemarin memang lantik minggu lalu tentu kita akan lihat lantik apa putus menteri uang apa kita akan tindak lanjut situ beber suahasil usai lantik istana negara jakarta pusat senin ombak ratus jabat lingkung kemenkeu akhir laku oleh purbaya kamis september hal ini mayoritas ombak ditjen bea cukai ditjen pajak ombak jadi jabat pimpin tinggi pratama jabat administrator jabat awas jabat fungsional dan jabat unit organisasi non eselon kemenkeu simak video pakar ungkap deret tantang menteri suahasil usai purbaya lengser igo fdl,finance
124,menteri uang suahasil nazara hari hadir rapat batas pertama kali usai lantik presiden prabowo subianto senin kemarin suahasil lantik jadi bendahara negara ganti purbaya yudhi sadewa tiba istana suahasil cukup lebar beri senyum hampir awak media ingin tanya saja enggan bicara banyak soal rapat apa mau laku suahasil cuma bilang papar kondisi ekonomi kini presiden prabowo subianto bentar kondisi ekonomi selalu sampai rapat dulu sampai ujar suahasil senyum tiba kompleks istana presiden jakarta pusat rabu momen sama menteri esdm bahlil lahadalia hadir istana bahlil bilang rapat sore akan bahas soal bijak energi hari kami akan laku rapat presiden kait beberapa langkah langkah rangka penuh butuh energi dalam negeri kita beber bahlil simak video pakar ungkap deret tantang menteri suahasil usai purbaya lengser,finance
125,indeks harga saham gabung ihsg hari tutup zona merah ihsg gerak arah hingga akhir tutup level an kutip rti rabu ihsg tutup turun besar poin level lemah ihsg buka level level tinggi rendah volume transaksi catat miliar saham turnover rp triliun frekuensi transaksi kali banyak saham kuat saham lemah saham alami gera bursa asia lain hang seng index kuat nikkei naik shanghai composite index kuat lihat video meski merah inflasi ihsg cenderung arah positif acd acd,finance
126,bursa efek indonesia bei mulai terap ubah batas minimum harga saham belum rp jadi rp september implementasi atur tahu sempat tunda jadwal belum dapat anggota bursa ab siap terap bijak sebut direktur utama bei jeffrey hendrik kata tinggal satu ab masih belum siap laku hapus batas minimum harga saham rp pasti ab kait ikut tentu uji coba hari sabtu datang sangat optimis mock hari sabtu satu anggota bursa bisa ikut mock kemudian siap bisa ikut dagang tanggal tidak guna harga minimum rp ungkap jeffrey gedung bei jakarta selatan rabu jeffrey jelas kendala alami ab terap bijak baru sifat teknis tidak perlu khawatir ia sebut ab siap terap tentu baru sebut sisi jeffrey pasti infrastruktur dagang bei siap terap atur ini bahkan uji coba pertama dapat hingga ab siap hapus batas minimum harga saham sebut tahap awal saja waktu siap nah sekarang hampir semua siap paling siap pertama infrastruktur bursa pungkas informasi bei rencana hapus batas minimum harga saham jadi rp saat ini harga saham paling rendah bisa dagang bei rp per saham kenal saham gocap jeffrey kata ubah ini laku beri akses likuiditas proses tentu harga pasar price discovery karena bei hapus batas minimum harga sebut beri akses likuiditas dan price discovery yang lebih baik akan hapus batas harga minimum rp jelas jeffrey terang wartawan kamis belum bei tunda terap bijak yang belum jadwal mulai september tunda laku masih ada ab yang belum siap terap bijak baru sebut lihat juga video dasco kumpul bos bank bumn imbas harga saham anjlok,finance
127,pt pertamina hulu rok phr menandatangani kontrak hasil migas non konvensional mnk zona rok lalu anak usaha pt phe rok nonkonvensional kembang mnk jadi strategi phr jaga lanjut produksi buka sumberdaya migas baru tahan energi nasional jalan mnk rok mulai bor gulamo det lanjut kelok det bagi upaya studi potensi migas non konvensional struktur north aman hasil gulamo det kelok det kuat yakin phr potensi kembang migas non konvensional mnk struktur north aman kira recoverable resources capai juta barel tara minyak mmboe potensi jadi dasar phr lanjut tahap appraisal sekaligus buka peluang kembang struktur seperti south aman rangau balam unggul ekosistem operasional zona rok dukung ada infrastruktur produksi fasilitas dukung akses operasional ekosistem rantai pasok telah kembang zona rok seluruh fasilitas jadi modal penting phr dukung kembang mnk rok tahap kembang mnk butuh terap teknologi kompleks dukung bagai komponen ekosistem mnk putus menteri esdm nomor k mg mem m hadir beri pasti regulasi skema cost recovery split adaptif hingga insentif investasi imbang daya tarik investasi terima negara sekaligus pasti lanjut proyek jangka panjang kepala satu kerja khusus laksana giat usaha hulu minyak gas bumi skk migas djoko siswanto sampai penting kembang mnk rok sektor sektor hulu migas nasional langkah nilai penting buka sumber tumbuh produksi baru tengah turun kerja lapang lapang konvensional rok dorong jadi pionir sekaligus bukti migas non konvensional kembang komersial indonesia ujar djoko terang tulis rabu djoko potensi sumber daya besar segera terjemah jadi cadang produksi nyata upaya butuh cepat appraisal terap teknologi tepat dukung ekonomi regulasi kompetitif potensi lihat regulasi insentif telah siap sekarang paling penting bagaimana seluruh tahap jalan lebih cepat hasil produksi kalau mnk rok hasil buka jalan kembang potensi mnk wilayah jadi sumber baru dukung tingkat produksi tahan energi nasional tutur wakil direktur utama pt pertamina persero oki muraza tegas penting kembang mnk rok masa depan energi nasional langkah jadi langkah awal bangun kapabilitas ekosistem migas non konvensional indonesia kita bangun bukan sumur ekosistem mnk butuh integrasi mampu subsurface drilling completion stimulasi teknologi supply chain sumber daya manusia beda kembang migas konvensional rok jadi starting point pertamina indonesia bangun learning curve sebut jelas oki oki tambah hasil bangun ekosistem tingkat daya saing ekonomi rok jadi model terap potensi mnk lain langkah nilai awal kembang skema mnk skala jauh lebih besar indonesia ekosistem hasil kita bangun ekonomi makin kompetitif model kembang rok direplikasi potensi mnk lain ini langkah awal tuju kembang mnk indonesia skala lebih besar tambah itu direktur utama pt pertamina hulu energi phe sunaryanto nyata optimisme kembang mnk indonesia subholding upstream pertamina yakin langkah akan kontribusi signifikan produksi minyak nasional masa datang kembang mnk milik potensi besar dukung tingkat produksi minyak dalam negeri ujar sunaryanto direktur utama phr muhamad arifin lihat momen penandatanganan kbh mnk rok langkah strategis kuat tahan energi nasional langkah harap mampu kuat tahan energi nasional sekaligus bangun kompetensi baru sektor hulu migas mnk bukan proyek eksplorasi fondasi baru akan jadi investasi strategis tingkat tahan energi nasional bangun kompetensi baru hulu migas indonesia imbuh arifin tambah dukung regulasi ekosistem operasional mumpuni roadmap jelas tuju tahap komersialisasi mnk rok bagai game changer akan buka harap baru industri energi indonesia langkah phr tegas komitmen hadir inovasi kuat tahan energi dan cipta multiplier effect sekaligus jadi referensi kembang sumber migas non konvensional wilayah subholding upstream pertamina terus komitmen kucur investasi bisnis hulu migas lanjut bas prinsip environmental social and governance esg langkah imbang kuat tata kelola usaha budaya patuh serta cegah fraud wujud lingkung kerja profesional transparan dan etika anl ega,finance
128,gubernur dki jakarta pramono anung beri sinyal proyek mrt jakarta koridor east west mulai kerja tahun jalur sebut jadi bagi kembang transportasi bas rel layan wilayah jakarta khusus koridor barat hingga timur pramono kata perintah terus kembang jaring transportasi publik jakarta lrt luas hubung jumlah wilayah koridor barat timur kembang guna mrt jakarta barat kembang barat timur guna mrt tahun mudah mudah groundbreaking bapak presiden prabowo subianto kata pramono resmi panjang jalur lrt jakarta stasiun manggarai jakarta rabu pramono pihak koordinasi perintah pusat garap proyek sebut proyek mrt jakarta kembang sesuai proyek saat operasi lebak bulus bundar hi tadi diskusi perintah pusat kena share berapa perlu share bagi perintah pusat dengan perintah jakarta prinsip lanjut apa sudah atur mrt utara selatan beber proyek mrt jakarta east west line lintas timur barat rencana bentang banten lewat dki jakarta hingga bekas jawa barat fase tahap rute bentang tomang jakarta barat hingga medan satria bekas panjang jalur dari jakarta hingga bekas tangerang sudah muat rencana mrt lintas timur barat rencana bangun sudah masuk dalam daftar proyek strategis nasional psn dasar atur presiden pres nomor tahun mana ujung barat layan mrt akan henti balaraja di ujung timur moda transportasi kereta akan akhir di cikarang panjang jalur rencana akan ada stasiun depo mrt jakarta lihat juga video pramono target mrt kembang balaraja bangun tahun,finance
129,presiden prabowo subianto kumpul beberapa menteri bahas soal bijak energi menteri esdm bahlil lahadalia kepala bp bumn dony oskaria hingga menteri uang suahasil nazara rapat istana hari kami laku rapat presiden kait beberapa langkah langkah rangka penuh butuh energi negeri beber bahlil kompleks istana presiden jakarta pusat rabu bahlil bicara soal manfaat potensi negeri dorong guna biodiesel b mungkin salah satu antara laku kembang manfaat potensi negeri mungkin akan dorong atas b sebut bahlil itu dony kata mungkin pihak pertamina akan beri beberapa lapor tahu wakil dirut pertamina oki muraza hadir dalam rapat biasa update aja kait sama pertamina kan kait energi nanti telah rapat mungkin bisa update lebih lanjut ujar dony simak video pakar ungkap deret tantang menteri suahasil usai purbaya lengser,finance
130,menteri energi sumber daya mineral esdm bahlil lahadalia kata sedang buat atur cegah guna bbm non subsidi alih guna bbm subsidi alias pertamax pertalite bahlil kata alih guna bbm non subsidi bbm subsidi jadi salah satu sebab jadi antre jumlah spbu nasional masuk antre makassar minta masyarakat mampu konsumsi bbm subsidi memang lagi formulasi atur makanya bagai sempat kan anjur saudara saudara mampu mobil bagus tolong jangan pakai bbm subsidi ujar bahlil temu gedung dpr jakarta rabu ada alih konsumsi bahlil bilang faktor buat antre beli bbm subsidi spbu sulawesi sempat bahlil jelas detail sampai ada pihak pihak sengaja antre maksud tentu kemudian jadi sulawesi selatan kemarin jadi antri panjang banyak faktor salah satu antara ada memang pihak pihak kan teman teman media kan udah punya data ngantri pompa bensin hanya untuk ada maksud lah kira kira kata pun pasti tidak ada langka bbm bahlil sampai stok bbm nasional kondisi aman mana bbm nasional ada atas batas minimal ada bbm kan cadang stok nasional kan batas minimal nasional hari terang itu ditjen minyak gas bumi laode sulaeman sampai saat pihak sama aparat tegak hukum pertamina tengah gali ada duga timbun bbm yang ada makassar hal kata laode antre bbm jadi laode jelas timbun bbm ini laku modus besar tangki kendara dia ngisi tangki besar contoh kayak gitu tangki tambah yang harus kapasitas x tambah x plus x plus contoh gitu kata simak video harga pertamax turun bahlil ikut harga dunia,finance
131,laku pasar modal indonesia hadap bagai dinamika global domestik kondisi sebut dorong investor lebih selektif tentu alokasi investasi direktur investasi sucor asset management am mas yusuf kata perhati laku pasar instrumen profil risiko konservatif lihat sebut cermin besar asset under management aum hungga awal september tengah kondisi pasar dinamis lihat investor makin selektif tentu alokasi investasi perhati instrumen profil risiko lebih konservatif lihat cermin aum reksa dana pasar uang sucor am capai rp triliun hingga september tumbuh ytd ujar mas terang tulis rabu aum reksa dana saham sucor am catat besar rp triliun tumbuh ytd hingga september cermin minat pasar saham investor profil agresif horizon investasi jangka panjang umum dana kelola reksa dana kelola sucor am sendiri besar rp triliun jumlah investor aktif lebih ribu single investor identification sid kelas aset milik dinamika karakteristik risiko beda itu selektivitas jadi penting baik tentu alokasi aset maupun pilih instrumen sesuai profil risiko tuju investasi lanjut mas periode lima tahun hingga agustus dana kelola sucor am catat tumbuh tingkat jumlah investor aktif besar usaha mulai bentuk strategi hingga akhir reksa dana saham sucor am fokus pilih emiten fundamental kuat valuasi tarik dividend yield kompetitif prospek tumbuh bisnis jaga obligasi fokus arah kualitas kredit profil risiko likuiditas sesuai durasi reksa dana dapat tetap tahap sesuai kondisi pasar strategi sebut bareng kuat kerja sama mitra distribusi luas edukasi investor komunikasi rutin kena kembang pasar strategi investasi sucor am akan terus kembang produk sesuai profil risiko jangka waktu investasi investor sisi disiplin manajemen risiko tetap jadi prioritas strategi sesuai dasar karakteristik masing masing kelas aset langkah ini laku untuk jaga percaya investor sekaligus penuh butuh investasi terus kembang lihat video reksa dana jalan ninja kelola risiko investasi,finance
132,presiden prabowo subianto aku senang dapat lapor gubernur dki jakarta pramono anung soal tumbuh ekonomi lesat pramono lapor usaha usaha tadi lesu sedang bangkit jakarta investasi lesat lapor gubernur tumbuh ekonomi dki tingkat usaha usaha tadi lesu sekarang bangkit investasi naik luar biasa ujar prabowo resmi lrt jakarta stasiun manggarai jakarta selatan rabu capai baik jadi semua pimpin pusat daerah saling gotong royong yakin bila semua orang kerja ekonomi indonesia bangkit tunjuk bila pimpin pimpin kerja sama gotong royong harus gotong royong dan mau gotong royong mau kerja sama bangsa akan bangkit jadi bangsa luar biasa yakin kata prabowo pramono acara sama papar ekonomi jakarta triwulan ii tumbuh inflasi jaga dan kontribusi tumbuh ekonomi nasional capai gembira bapak presiden kalau dulu tahun lama satu tahun penuh investasi jakarta rp triliun dalam era tahun dalam pimpin bapak jakarta tumbuh tahun investasi jakarta rp triliun bahkan triwulan dua tahun tahun jakarta investasi rp triliun papar pramono simak juga video prabowo ajak ubah rentan jadi kuat ekonomi di ktt brics,finance
133,pertamina patra niaga sebut kondisi salur bahan bakar minyak bbm jumlah spbu kota makassar wilayah sekitar mulai kondusif mana isi bbm spbu jalan lebih tertib antre kendara lagi ganggu arus lalu lintas sekitar spbu kondisi salur bbm makassar gowa takalar maros lebih kondusif tentu rupa hasil kerja sama pertamina perintah daerah aph terus koordinasi laku pantau lapang ujar pjs area manager communication relations csr pertamina patra niaga regional sulawesi okky aditya wibowo terang tulis rabu okky tambah pertamina hanya laku pantau spbu pasti salur bbm lembaga salur terus jalan lanjut distribusi laku timbang butuh kondisi lapang langkah ini laku pasti butuh masyarakat tetap layan distribusi bbm jalan sesuai kondisi butuh masing masing wilayah sisi pertamina terus upaya jaga salur bbm jalan lanjut distribusi lembaga salur terus laku kondisi lapang terus monitor terus koordinasi perintah daerah aph apabila dapat dinamika salur tambah okky pertamina apresiasi dukung perintah daerah aph sama sama jaga tertib sekitar spbu sinergi sebut harap terus jalan layan masyarakat makin baik aktivitas isi bbm langsung tertib pertamina juga imbau masyarakat beli bbm sesuai butuh ikut arah tugas spbu masyarakat harap laku beli lebih salur bbm jalan baik masyarakat lain tetap dapat layan informasi maupun adu kait produk layan pertamina sampai lalu pertamina contact center pcc layan langgan lama jam lihat juga video haykal kamil sorot harga bbm ecer aceh tak masuk akal,finance
134,konfederasi serikat kerja indonesia kspi sama partai buruh koalisi serikat kerja partai buruh ksppb rencana laku gelombang aksi unjuk rasa bulan oktober datang presiden kspi sekaligus presiden partai buruh said iqbal kata waktu unjuk rasa masih tetap masih bahas aksi laku tahap tingkat daerah kantor kantor kepala daerah seluruh indonesia kspi koalisi serikat kerja partai buruh ksppb rencana bulan oktober kapan diskusi lebih lanjut aksi mulai daerah dulu tiap provinsi nanti akan aksi kantor kantor gubernur jelas konferensi pers laku online rabu lebih lanjut said tegas buruh akan laku aksi unjuk rasa bulan september ia ingin aksi laku kait giat isu sifat anarki alias rusuh aksi bulan september karena mau jebak isu istilah black september mau ikut ikut juang isu buruh ikut ikut akibat rusa ricuh ujar said aksi gelombang yang siap bulan oktober sebut kelompok buruh akan bawa lima agenda tuntut utama tuntut naik ump umk tahun besar tuntut dpr segera kesah ruu lindung ketenagakerjaan segera laku revisi ubah permenaker nomor tahun kena kerja alih daya hapus skema sangon kali jadi minimal kali sesuai putus mk nomor minta menteri uang hapus potong pajak jamin hari tua jht jadi menteri uang yang baru ingin ingat pak suahasil minta kaum buruh para anggota masyarakat pajak jamin hari tua adalah sekarang kan pajak kami minta ucap said baca salah satu tuntut buruh ada rencana aksi tapi rencana aksi daerah kota kota industri tidak bulan september nggak mau gera buruh jadi yang kontraproduktif kalau kita laku september pungkas lihat video demo buruh tuntut ump dki naik jadi rp juta,finance
135,perintah provinsi pemprov dki jakarta bakal panjang jalur lrt jakarta stasiun manggar hingga kawasan dukuh atas proyek lrt jakarta manggarai dukuh atas realisasi tahun gubernur dki jakarta pramono anung butuh anggar hingga rp triliun dana proyek sebut dana asal obligasi apbd hingga danantara manggarai dukuh atas rp triliun mulai tahun awal sudah sedia berapa pak dirut udah nggak perlu obligasi jadi inti obligasi apbd danantara terang pramono resmi lrt jakarta manggarai jakarta selatan rabu bangun lrt jakarta juga terus hingga jakarta international stadium jis kawasan stasiun kereta cepat whoosh kembang lrt jakarta lanjut dari kelapa gading tuju jis dari velodrome jalur panjang hingga stasiun whoosh halim bahagia saya happy sesuai arah bapak presiden lanjut dengan jis dari kelapa gading jis dari velodrome whoosh tutur itu kembang transportasi bas rel wilayah jakarta barat akan andal mrt pramono kata mrt akan kembang layan koridor barat timur jakarta memang orang banyak tanya bagaimana dengan jakarta barat lrt untuk jakarta barat kita akan kembang yang dari barat timur guna mrt tutup pramono acd acd,finance
136,menteri uang menkeu suahasil nazara pilih bungkam berondong jumlah tanya awak media peristiwa sebut jadi usai diri hadir sidang paripurna dpd ri kompleks parlemen senayan jakarta rabu itu suahasil tahu hadir kemeja biru muda dasi gar warna putih jas hitam hadir damping jumlah jajar ruang sidang paripurna dpd nusantara v hadap awak media suahasil pilih bungkam jumlah tanya aju cakup bagai tanya jadi isu masa pimpin purbaya yudhi sadewa menteri uang jumlah tanya sebut antara kait putus fitch ratings indonesia sesuai peringkat utang indonesia investment authority s ina jadi bbb outlook negatif hingga nasib selesai utang proyek kereta cepat whoosh tahu limpah menteri uang kemenkeu mulai september sempat tanya kait saldo anggar lebih sal tempat perban nasional suahasil tidak tanggap tanya kait dividen badan kelola investasi bpi daya anagata nusantara danantara akan setor kemenkeu rp triliun beri isyarat jawab jumlah isu sebut agenda rutin kantor kemenkeu apbn agenda sebut rencana gelar waktu dekat suahasil lantik menkeu dasar putus presiden p tahun henti angkat kabinet merah putih sisa masa jabat lantik langsung prabowo ganti purbaya telah jabat menkeu lama satu tahun akhir kemudian selasa purbaya yudhi sadewa resmi lepas jabat menkeu usai satu tahun pimpin menteri uang suahasil nazara proses serah terima jabat sertijab langsung hari aula mezzanine gedung djuanda menteri uang di jakarta pusat simak juga video pakar ungkap deret tantang menteri suahasil usai purbaya lengser ahi ara,finance
137,banyak trainset krl ie cli tengah jalan awat fasilitas pt industri kereta api persero inka proses sebut cakup periksa sistem komponen teknis aspek selamat sarana kembali guna layan vice president corporate communication kai anne purba jelas saat satu trainset krl ie cli sedang tahap akhir kece target siap minggu lanjut enam trainset lain selesai tahap target tiga trainset selesai september tiga trainset ikut selesai oktober trainset selesai seluruh rangkai periksa nyata siap serah kai commuter dukung layan commuter line jabodetabek sesuai butuh operasional ujar anne terang tulis rabu kai pasti kolaborasi kai commuter anak usaha kai inka terus jalan selesai proses awat trainset krl ie cli sesuai target waktu telah tetap kolaborasi sebut jadi bagi penting jaga kesiap layan commuter line jabodetabek dukung butuh mobilitas masyarakat wilayah jabodetabek periksa laku seluruh pasti trainset kembali operasi penuh standar selamat andal sarana butuh operasional commuter line jabodetabek kata anne commuter line jabodetabek jadi salah satu layan transportasi utama masyarakat tingkat mobilitas terus tingkat satu dekade akhir jumlah guna krl jabodetabek tingkat juta langgan jadi juta langgan hingga januari agustus jumlah langgan telah capai juta tingkat mobilitas sebut jalan iring kembang jaring layan krl jabodetabek jumlah stasiun tingkat stasiun jadi stasiun dukung butuh jalan masyarakat kai pasti proses awat sarana terus laku lalu koordinasi kai inka kai commuter pihak kait tahap kerja arah untuk jaga kesiap operasional commuter line jabodetabek utama aspek selamat langgan kai sama seluruh pihak kait terus jaga kualitas layan commuter line jabodetabek lalu kesiap sarana evaluasi lanjut sesuai standar selamat laku tutup anne simak video dpr sorot kurang jalan krl jakarta bogor bikin penuh sesak hrp fdl,finance
138,perintah provinsi pemprov dki jakarta rencana lanjut bangun lrt jakarta hingga koneksi jakarta international stadium jis stasiun kereta cepat whoosh rencana sebut sampai gubernur dki jakarta pramono anung usai resmi proyek sebut pramono kata kembang lrt jakarta lanjut kelapa gading tuju jis velodrome jalur lrt jakarta panjang hingga hubung stasiun whoosh halim bahagia saya happy sesuai arah bapak presiden lanjut jis kelapa gading jis velodrome whoosh kata pramono stasiun manggarai jakarta rabu pramono kembang sebut buat jaring lrt jakarta makin integrasi moda transportasi nanti hubung wilayah utara timur selatan hingga pusat jakarta itu pemprov dki lanjut bangun lrt manggarai tuju dukuh atas pramono sebut proyek sebut butuh anggar rp triliun rencana mulai kerja awal dari manggarai dengan dukuh atas rp triliun mulai tahun awal sudah sedia berapa pak dirut udah nggak perlu obligasi jadi inti dari obligasi dari apbd juga dari danantara terang pramono itu kembang transportasi bas rel wilayah jakarta barat andal mrt pramono kata mrt akan kembang layan koridor barat timur jakarta memang orang banyak tanya bagaimana dengan jakarta barat lrt untuk jakarta barat kita akan kembang yang dari barat timur guna mrt tutup pramono lihat video prabowo jajal lrt rute kelapa gading manggarai bareng pramono acd acd,finance
139,presiden prabowo subianto aku sangat bangga maju sistem transportasi indonesia khusus manggarai jakarta selatan jadi hub transportasi prabowo papar transportasi massal sudah eks lain commuter line krl transjakarta lrt jakarta turut tahun belakang ira sistem transportasi jakarta begitu maju tadi kata tahun lalu tahun lalu siapa ira bisa punya sistem transportasi sekarang manggarai lrt krl transjakarta ada transjabodetabek kan kereta bandara jadi transport hub ujar prabowo resmi lrt jakarta manggarai rabu prabowo sampai bangun huni vertikal masyarakat hasil rendah mbr manggarai yakin jadi pusat ekonomi baru di jakarta akan bangun menara menara rumah rakyat hasil rendah beber prabowo prabowo aku sangat bahagia minta capai harus tingkat karena hari adalah hari sangat bahagia hari ini adalah hari bangga bangsa terus atur mungkin fantastis kita maju setapak setapak setapak beber prabowo simak video prabowo jajal lrt rute kelapa gading manggarai bareng pramono ara,finance
140,konfederasi serikat kerja indonesia kspi sama partai buruh koalisi serikat kerja partai buruh ksppb sampai usul naik upah minimum provinsi ump upah minimum kabupaten kota umk tahun besar presiden kspi sekaligus presiden partai buruh said iqbal jelas hitung usul sebut acu tentu atur perintah nomor tahun guna angka inflasi angka tumbuh ekonomi indeks tentu alpha jelas juang kaum buruh khusus kspi partai buruh gabung koalisi serikat kerja partai buruh ksppb usul kata said konferensi pers laku online rabu hal kata angka guna formula hitung usul ump buruh pilih indeks tentu tinggi besar kemudian tumbuh ekonomi guna rata rata nasional inflasi dasar data bps lihat inflasi dulu oktober agustus rata rata inflasi nasional kemudian bps rata rata tumbuh ekonomi oktober agustus nasional ujar lebih lanjut jelas ali tumbuh ekonomi indeks tentu lalu tambah angka inflasi tadi oleh angka hitung rata rata nasional besar sekarang hitung berapa naik upah minimum rata rata nasional mereka pakai data nasional jadi tambah kali ulang tambah kali indeks tentu ketemu angka jelas said meski turut angka naik ump tadi rupa hitung umum data rata rata nasional guna hitung timbang variasi tumbuh ekonomi daerah said nilai tiap daerah milik hitung naik upah masing masing ia contoh malu utara milik tumbuh ekonomi tinggi capai angka sebut meski naik upah minimum hitung guna indeks tentu nilai naik ump malu utara naik hingga yurisprudensi indonesia naik upah minimum tahun akhir jarang digit paling tinggi satu atur belum tapi sekarang hapus paling tinggi naik upah minimum ini kan malu utara papar tadi kan bilang jarang digit malu utara digit ambil angka bawah tegas said atas dasar ini said tambah angka ambil akomodasi daerah dengan tumbuh ekonomi bawah rata rata nasional batas atas tetap hitung naik upah minimum indonesia jarang sentuh digit jadi sekarang jelas usul buruh naik upah minimum adalah tadi nasional kan dapat hitung turun daerah tentu tumbuh ekonomi lebih rendah nasional jelas said kait usul minimal naik ump saya pakai dengan kenapa karena malu utara tinggi ada dua digit yurisprudensi jarang jadi saya dekat yang dua digit dua digit kan angka saya ambil pungkas simak juga video kabar gembira buat warga dki loker gaji ump nanti igo fdl,finance
141,menteri uang menkeu suahasil nazara hadir sidang paripurna dpd ri kompleks parlemen senayan jakarta rabu hadir suahasil hari lanjut agenda sidang belum tinggal purbaya yudhi sadewa senin senin kemarin purbaya tinggal rapat kerja gabung sama komite iv dpd ri rapat sebut bahas rancang undang undang ruu anggar dapat belanja negara apbn tahun anggar nota uang kala purbaya tahu tinggal rapat dadak tak lama telah tahu terima informasi pecat informasi sebut terima lalu sambung telepon tengah rapat sama dpd siang purbaya sempat sebut sambung telepon datang menteri sekretaris negara prasetyo had informasi suahasil lantik dasar putus presiden p tahun henti angkat kabinet merah putih sisa masa jabat ia lantik langsung prabowo ganti purbaya telah jabat menkeu lama satu tahun akhir kemudian selasa purbaya yudhi sadewa resmi lepas jabat menkeu usai satu tahun pimpin menteri uang suahasil nazara proses serah terima jabat sertijab langsung hari aula mezzanine gedung djuanda menteri uang jakarta pusat balik ganti purbaya suahasil muncul isu masalah internal menteri uang banyak pihak kata masalah internal menteri buat purbaya ganti suahasil khusus soal urus direktorat jenderal pajak bea cukai purbaya menep kabar sebut enggak enggak gesek sih enggak jelas itu hak prerogatif presiden yang beliau udah putus ujar purbaya usai sertijab di menteri uang kemenkeu jakarta pusat selasa simak video blak blakan purbaya soal alas copot ahi ara,finance
142,gubernur dki jakarta pramono anung minta bantu presiden prabowo subianto kembang rute lrt jakarta lrt jakarta kelapa gading manggarai hari resmi prabowo pramono kata lrt jakarta lanjut stadion jakarta international stadium jis halim khusus halim lrt jakarta sambung kereta cepat whoosh gembira lanjut lrt kelapa gading dengan jis kemudian velodrome dengan halim kereta cepat bapak presiden beber pramono saat resmi stasiun lrt manggarai jakarta selatan rabu kata lebih baik bila perintah pusat tugas bpi danantara ikut bantu proses bangun lebih gembira kalau kemudian bapak tugas danaantara ikut bantu kami pak ujar pramono prabowo minta danantara ikut mau pramono niat baik pemprov dki jakarta lanjut bagai ibu kota jakarta rupa kota milik semua orang tadi harap dari gubernur dki danantara ikut bantu kira danantara wajib bantu dki bukan milik orang yang tinggal dki dki milik seluruh bangsa tegas prabowo simak video prabowo jajal lrt rute kelapa gading manggarai bareng pramono ara,finance
143,menteri energi sumber daya mineral esdm buka suara soal pt bayan resources tbk byan umum ada kahar alias force majeure tuju revisi rencana kerja anggar biaya rkab terbit direktur jenderal mineral batu bara tri winarno sampai terbit revisi rkab tahap evaluasi meski tri jelas detail kait evaluasi apa laku kan evaluasi mungkin beberapa perlu laku cermat evaluasi lain kan sudah kelar ujar tri temu gedung dpr jakarta rabu tri sampai evaluasi revisi rkab byan sedang jalan yakin rkab sebut selesai dalam waktu dekat cara spesifik lihat poin sedang proses lah mudah mudah minggu kelar kata belum pt bayan resources tbk byan umum ada kahar alias force majeure kondisi sebut jadi karena tuju ubah rencana kerja anggar biaya rkab terbit kutip buka informasi selasa manajemen byan jelas pada september tiga anak usaha pt tiwa abadi ta pt tanur jaya tj pt fajar sakti prima fsp sampai pemberitahuan ada kahar wajib penuh sedia batubara dasar janji sedia batubara coal supply agreement para langgan akibat rkab belum terbit padahal kata manajemen mohon tuju ubah rkab aju sesuai tentu undang undang laku belum terbit tuju ubah rkab sebut kondisi ini pengaruh mampu bayan resources anak anak usaha penuh wajib pasok batu bara langgan hubung hal sebut persero anak anak usaha memberitahukan ada sebut atas suatu peristiwa ada kahar force majeure para langgan tulis terang tulis kutip buka informasi belum terbit tuju ubah rkab akibat dampak yang cukup material langsung usaha persero demikian laku pemberitahuan ada kahar ini harap meminimalisir risiko atau konsekuensi persero anak anak usaha hrp fdl,finance
144,gubernur dki jakarta pramono anung umum tarif khusus lrt jakarta besar rp lama delapan hari tarif khusus laku mulai hari lrt jakarta rute kelapa gading manggarai resmi presiden prabowo subianto pramono kata bijak tarif rp beri bagi sosialisasi masyarakat tarif sebut harap masyarakat jajal sekaligus rasa nyaman guna lrt jakarta lama hari akan bebas seluruh warga jakarta akan guna mulai sekarang resmi bapak presiden akan operasi sepenuh lama hari tarif rp perak benar hampir gratis pak kata pramono resmi lrt jakarta stasiun manggarai jakarta rabu lrt jakarta kini hubung kelapa gading hingga manggarai milik panjang lintas kilometer proyek sebut sepenuh bangun guna dana apbd dki jakarta hingga bumd nilai investasi capai rp triliun pramono sebut satu rangkai trainset lrt jakarta mampu angkut tumpang telah operasi penuh jumlah tumpang proyeksi capai ribu orang per hari lrt jakarta sepenuh bangun jakpro bumd sepenuh guna dana apbd perintah dki jakarta lrt kelapa gading dengan manggarai panjang km investasi rp triliun jelas pramono panjang jalur buat lrt jakarta kini milik stasiun kelapa gading boulevard utara boulevard selatan pulomas equestrian velodrome rawamangun pramuka matraman proklamasi manggarai lihat video prabowo jajal lrt rute kelapa gading manggarai bareng pramono acd acd,finance
145,presiden prabowo subianto resmi panjang layan lrt jakarta kawasan manggarai kini moda kereta ringan telah resmi sambung kelapa gading jakarta utara hingga manggarai jakarta selatan resmi prabowo sempat jajal lebih kereta lrt jakarta kelapa gading hingga manggarai hari kita kumpul acara bangga resmi lrt jakarta rute velodrome manggarai ujar prabowo stasiun lrt manggarai jakarta selatan rabu prabowo aku nyaman jajal lrt jakarta enak naik lrt kata prabowo lrt jakarta operasi pt jakarta propertindo itu bumn konstruksi pt waskita karya bangun jalur panjang kilometer km velodrome manggarai mula lrt operasi rute cukup pendek dari kelapa gading velodrome sejak km kini jalur lanjut manggarai lengkap lima stasiun cakup rawamangun pramuka matraman proklamasi manggarai semua stasiun lrt jakarta rancang bisa integrasi transportasi umum lain stasiun manggarai integrasi langsung kereta rel listrik krl commuter line layan bus transjakarta kereta bandara tuju bandara soekarno hatta harap langkah dapat tingkat modernisasi sistem transportasi indonesia khusus jakarta pusat giat ekonomi perintah tukar budaya lihat video prabowo jajal lrt rute kelapa gading manggarai bareng pramono ara,finance
146,presiden prabowo subianto resmi lrt jakarta hari belum prabowo jajal langsung lrt jakarta stasiun lrt jakarta kelapa gading tuju stasiun manggarai sempat prabowo damping gubernur dki jakarta pramono anung hingga menteri sekretaris negara prasetyo had prabowo tampak pasuk kereta pukul wib prabowo duduk baris kursi tumpang sama pramono dua tumpang siswa sekolah kereta jalan prabowo bincang pramono bahas proyek sebut pramono sempat minta bantu prabowo kerah danantara dana panjang lrt jakarta proyek memang proyeksi lanjut manggarai dukuh atas akan selesai nah kalo bapak izin benar tinggal bantu sedikit danantara kan lama jakarta sendiri pak ucap pramono prabowo siar youtube sekretariat presiden rabu prabowo lantas timpal minta pramono sebut jakarta golong provinsi kaya jakarta kaya ujar prabowo tertawa informasi panjang jalur lrt jakarta selesai laku jalur belum mulai kelapa gading jakarta utara akhir velodrome jakarta timur kini panjang hingga stasiun manggarai jakarta selatan proyek milik panjang kilometer nilai investasi rp triliun ikut daftar stasiun akan lalu lrt jakarta stasiun kelapa gading stasiun boulevard utara stasiun boulevard selatan stasiun pulomas stasiun equestrian stasiun velodrome stasiun rawamangun stasiun pramuka stasiun matraman stasiun proklamasi stasiun manggarai simak video prabowo jajal lrt rute kelapa gading manggarai bareng pramono acd acd,finance
147,wakil menteri negeri wamendagri bima arya sugiarto sorot soal kepala daerah pertama soal kurang kepala daerah paham desain kota minim peka kondisi lapang jelas salah satu kait transportasi bagai daerah belum sedia baik bima yakin kondisi sedia transportasi belum pada jadi banyak kepala daerah tak pernah rasa apa rasa masyarakat guna transportasi umum mana warga laku mobilitas guna transportasi umum desak desa seringkali kepala daerah masalah utama kurang paham baik urban design dua punya sense apa jadi lapang tiap kunjung daerah sempat diri naik transport publik medan sama pak wali kota medan misal ujar bima sugiarto acara urban climate forum jakarta rabu sangat banyak kepala daerah yakin pernah naik angkot pernah naik bus pernah naik kereta yakin saya sambung bima alam guna transportasi publik langsung penting kepala daerah dapat rasa apa alami masyarakat begitu soal transportasi yang langsung benah perintah daerah sistem transportasi sebut nyaman integrasi jadi bagaimana sense bisa ada bahwa rakyat butuh pernah rasa desa gencet kaleng sarden cendol gitu kadang pergi akan rasa betapa dahaga warga atas urban mobility begitu desak ujar bima nilai urban mobility bisa pandang sedia transportasi ujung lain mobilitas kota jadi bagi rencana kota seluruh apresiasi beberapa daerah maju bangun integrasi tadi sistem subsidi kami dorong semua kepala fokus urban mobility itu ini saja konteks tinggi ujung mulai rencana awal semua integrasi palembang satu contoh ada pr masalah integrasi sana lrt bangun tidak sesuai konsep data ruang seluruh tidak terlalu integrasi kata simak video pramono abad jakarta transum rp tempat wisata gratis hari hrp fdl,finance
148,presiden prabowo subianto jajal lrt jakarta akan resmi hari prabowo berangkat stasiun lrt jakarta kelapa gading jadwal tuju stasiun manggarai tampak damping prabowo gubernur dki jakarta pramono anung hingga menteri sekretaris negara prasetyo had pukul wib prabowo pasuk gerbong kereta prabowo duduk baris kursi tumpang sama pramono dua tumpang siswa sekolah kereta jalan prabowo bincang pramono bahas proyek sebut pramono sempat minta bantu prabowo kerah danantara dana panjang lrt jakarta proyek memang proyeksi lanjut manggarai dukuh atas akan selesai nah kalo bapak izin benar tinggal bantu sedikit danantara kan lama jakarta sendiri pak ucap pramono prabowo siar youtube sekretariat presiden rabu prabowo lantas timpal minta pramono sebut jakarta golong provinsi kaya jakarta kaya ujar prabowo tertawa informasi panjang jalur lrt jakarta selesai laku jalur belum mulai kelapa gading jakarta utara akhir velodrome jakarta timur kini panjang hingga stasiun manggarai jakarta selatan proyek milik panjang kilometer nilai investasi rp triliun ikut daftar stasiun akan lalu lrt jakarta stasiun kelapa gading stasiun boulevard utara stasiun boulevard selatan stasiun pulomas stasiun equestrian stasiun velodrome stasiun rawamangun stasiun pramuka stasiun matraman stasiun proklamasi stasiun manggarai simak video siap resmi bulan lrt kelapa gading manggarai cuma menit acd acd,finance
149,menteri energi sumber daya mineral esdm bahlil lahadalia tegas ubah anggota kabinet merah putih jadi hak prerogatif presiden prabowo subianto sebut tegas susul lantik suahasil nazara menteri uang menkeu ganti purbaya yudhi sadewa bahlil tegas seluruh pihak harga putus prabowo bahkan putus kait ubah menteri wakil menteri sangkut reshuffle adalah hak prerogatif bapak presiden menteri wakil menteri anggota kabinet angkat henti harus harga hak prerogatif bapak presiden ungkap bahlil kompleks parlemen senayan jakarta rabu informasi suahasil lantik dasar putus presiden p tahun henti angkat kabinet merah putih sisa masa jabat lantik langsung prabowo ganti purbaya telah jabat menkeu lama satu tahun akhir kemudian selasa purbaya yudhi sadewa resmi lepas jabat menkeu usai satu tahun pimpin menteri uang suahasil nazara proses serah terima jabat sertijab langsung hari aula mezzanine gedung djuanda menteri uang jakarta pusat balik ganti purbaya suahasil muncul isu masalah internal menteri uang banyak pihak kata masalah internal menteri buat purbaya ganti suahasil khusus soal urus direktorat jenderal pajak bea cukai purbaya menep kabar sebut enggak enggak gesek sih enggak jelas itu hak prerogatif presiden yang beliau udah putus ujar purbaya usai sertijab di menteri uang kemenkeu jakarta pusat selasa simak video blak blakan purbaya soal alas copot ahi ara,finance
150,urus buang sampah sering abai masyarakat kini datang cuan banyak anak muda china layan jelma jadi tren bisnis langgan baru dadak laku keras lansir scmp rabu layan buang sampah ramai promosi media sosial biaya kisar tiga hingga lima yuan rp kurs rp yuan per ambil tawar layan opsi paket bulan harga yuan rp layan bulan cakup kumpul sampah hari harus langgan letak kantong sampah luar pintu rumah mudah ambil bisnis layan langgan jadi aspek baru sektor ekonomi malas banyak sasar jasa layan hemat waktu hemat tenaga nyaman ikut jejak tawar viral lain jemput anak anak sekolah ambil paket langgan kejut banyak orang nyata benar benar butuh layan sektor jasa ekonomi malas buang sampah utama masyarakat tinggal kota kota besar sibuk contoh shanghai kota pertama china terap sistem pilah sampah rumah tangga wajib beberapa kompleks rumah izin kumpul sampah lama jam pagi hari dua jam malam hari padahal banyak duduk sana sibuk kerja hari kerja kantor biasa mudah saya lewat empat jam waktu kumpul sampah jelas selain sibuk kerja orang sedia layan buang sampah jiaxing provinsi zhejiang china bagi timur kenal nama belakang fei kata tim sasar lansia masalah mobilitas yang tinggal di lantai atas apartemen lift langgan fei lapor terima tiga pesan di bulan pertama buka layan buang sampah namun tetap optimis kait potensi tumbuh usaha dan rencana kolaborasi komunitas warga dengan fokus butuh klien lanjut usia itu sedia jasa buang sampah hangzhou zhejiang nama mihan klaim dapat lebih dari pesan hanya dalam tiga hari luncur bisnis layan tambah sekal ambil paket klien kerja kantor sedia keluar sedikit uang hemat waktu kata mihan sembari tekan kunci hasil model bisnis ini adalah jangkau harga lihat juga video robot bionik yang bisa ikut nang pas dengerin curhat fdl fdl,finance
151,menteri energi sumber daya mineral esdm bahlil lahadalia aku operasional bangkit listrik tenaga air plta sulawesi selatan sulsel ganggu kondisi jadi imbas el nino jadi wilayah sebut dasar lapor ia terima ganggu jadi jadi imbas kurang sumber daya air sulsel kondisi dampak operasional plta lapor saya terima sulawesi selatan kan beberapa bangkit memang pakai plta akibat el nino kan daya kuat air kurang ungkap bahlil kompleks parlemen senayan jakarta rabu bahlil tegas perintah cari solusi atas soal sebut salah satu ganti butuh listrik bangkit lain sudah cari solusi ganti bangkit jelas sisi perintah tengah laku baik pasok listrik wilayah kalimantan ganggu pasok listrik di wilayah jadi baik jumlah bangkit tahu di kalimantan ada jadi kurang ada baik power plant nya daerah daerah lain sebentar akan rapat dengan pln kita mitigasi sejak awal pungkas simak video kombo panas global el nino bikin agustus masuk bulan panas ahi ara,finance
152,menteri ketenagakerjaan kemnaker mulai laku seleksi tetap serta magang nasional maganghub batch angkat ii september umum serta jadwal september magang mulai september serta ikut tahap sebut lalu proses rekrutmen usul mitra selenggara seleksi tetap serta laku serta telah usul mitra selenggara sesuai tentu program kata direktur jenderal bina latih vokasi produktivitas binalavotas kemnaker darmawansyah terang tulis rabu darmawansyah kata serta penuh tentu lanjut tetap ikut magang nasional sesuai program telah pilih tetap serta nyata lolos ikut magang mulai september ujar rangkai magang nasional batch angkat ii awal daftar mitra selenggara lowong agustus lanjut verifikasi tayang lowong september lalu daftar serta september rekrutmen usul serta mitra selenggara september pasuk tahap seleksi tetap saat tengah laku acd acd,finance
153,purbaya yudhi sadewa turun jabat menteri uang menkeu ganti suahasil nazara purbaya catat jabat menkeu satu tahun tahu purbaya lantik menteri uang presiden prabowo subianto september tahun kemudian prabowo lantik suahasil jadi menkeu dasar putus presiden nomor p tahun senin meski kerja satu tahun menteri purbaya dapat tunjang umur hidup negara sesuai atur perintah pp tahun hak uang administratif menteri negara bekas menteri negara janda duda atur jelas menteri henti hormat jabat hak oleh pensiun meski besar uang pensiun tetap dasar lama masa jabat sangkut besar pensiun pokok bulan dasar pensiun tiap tiap satu bulan masa jabat tentu besar pensiun pokok kurang kurang dasar pensiun tulis pasal ayat pp tahun asumsi besar pensiun pokok tetap besar dasar pensiun tiap satu bulan masa jabat purbaya genap jabat bulan hak dapat besar pensiun pokok dasar pensiun hal dasar pensiun rupa gaji pokok akhir dasar atur undang undang besar gaji pokok menteri negara tetap rp per bulan dasar pp nomor tahun hitung rp hasil rp per bulan nominal sebut rupa estimasi pensiun pokok dasar tentu persentase masa jabat besar belum masuk tabung hari tua catat detikcom kutip situs resmi menteri pendayagunaan aparatur negara reformasi birokrasi panrb jelas orang mantan menteri negara dapat uang pensiun tunjang hari tua tht selesai masa jabat uang pensiun tht biasa salur perintah lalu pt taspen persero tegas orang mantan menteri hak tidak dapat uang pensiun tht tentu presiden mana uang pensiun tht menteri baru beri dapat tuju dari presiden bentuk sk pensiun besar uang pensiun menteri dasar pp nomor jelas belum tht orang mantan menteri baru dapat tunjang itu jika yang sangkut pernah beri iur lalu gaji pokok ingat purbaya sudah kerja mulai september hingga september otomatis bayar iur tht lalu potong gaji pokok menteri lama kurang lebih bulan jabat begitu ia penuh syarat untuk terima tht ini dari taspen simak video kelakar purbaya mau mancing lamun pecat igo fdl,finance
154,pt industri kereta api persero inka buka suara soal arah baru badan atur bumn bp bumn laku langkah transformasi benah usaha general manager corporate secretary pt inka persero bambang sutrisno sampai arah sebut jadi momentum kuat baik usaha seluruh mulai proses internal hingga efektivitas laksana proyek inka menindaklanjuti arah bp bumn cepat transformasi saat terus jalan fokus adalah bangun fundamental usaha lebih sehat proses bisnis makin efektif mampu makin kuat jalan selesai proyek ujar bambang terang tulis rabu benah inka benah laku kuat kait rencana kelola kontrak laksana proyek proses produksi hingga selesai kerja langgan jalan inka terus laku langkah baik kondisi likuiditas struktur uang usaha bambang disiplin kelola proyek jadi bagi penting kuat kerja usaha baik kendali jadwal biaya risiko maupun penuh komitmen langgan proyek kelola disiplin sejak awal baik aspek teknis kontraktual maupun finansial kelola makin baik kerja mampu beri nilai langgan sekaligus kuat kondisi usaha lanjut bambang saat sama inka terus kuat proses produksi sistem kualitas pasti sarana hasil penuh aspek selamat andal standar syarat transformasi sebut arah jaga kembang kapabilitas industri perkeretaapian nasional mulai mampu engineering manufaktur tenaga kerja terampil teknologi hingga ekosistem industri dukung ingin bangun bukan lanjut usaha mampu industri perkeretaapian indonesia inka makin sehat profesional kualitas kompetitif libat seluruh stakeholder perkeretaapian tutup bambang inka rugi belum kepala badan atur bp badan usaha milik negara bumn sekaligus coo badan kelola investasi bpi daya anagata nusantara danantara dony oskaria dorong baik kerja uang inka sebut rugi alami inka capai rp miliar unsustain loan utang besar rp triliun turut baik laku lewat tata kelola kuat rencana komprehensif benchmark praktik baik industri minta seluruh jajar punya komitmen sama bawa inka jadi lebih baik jadi saya inka tidak kondisi baik baik kan aneh pak masa rugi rp miliar orang usaha manufaktur kemudian jelas servis siapa rugi terus unsustain loan rp triliun itu lawan apa dulu ungkap dony bagaimana kutip unggah instagram bumn id selasa bp bumn dorong transformasi total tubuh inka mulai model bisnis tata kelola budaya kerja kualitas produksi hingga sistem operasional semua itu tingkat kualitas produksi jadi prioritas utama dony minta inka segera susun grand plan transformasi simak juga video nasib alih utang whoosh kemenkeu usai suahasil ganti purbaya ara,finance
155,pt varnion technology semesta varnion gandeng omada by tp link lalu penandatanganan memorandum of understanding mou acara kenal teknologi wi fi kuala lumpur malaysia kerja sama bagi upaya kuat kembang konektivitas generasi baru sektor hospitality enterprise indonesia anak usaha pt sarana menara nusantara tbk towr sebut dapat akses perangkat baru dukung tim kembang omada dukung akan guna dukung riset uji hingga kembang produk layan lewat kolaborasi sebut varnion dapat evaluasi teknologi sesuai butuh operasional langgan sekaligus integrasi ekosistem aplikasi varnion dukung riset kembang jadi alas utama varnion pilih omada mitra strategis omada beri akses perangkat baru dukung langsung tim kembang mungkin uji teknologi beri masuk alam implementasi lapang kembang produk layan makin relevan langgan indonesia ujar founder president director varnion alexander budiman terang tulis rabu itu director tp link indonesia jimmy gu jelas inovasi bukan tentang hadir teknologi baru beri manfaat nyata bisnis turut kolaborasi varnion jadi sempat gabung mampu teknologi omada paham butuh langgan lapang ini varnion tengah kembang wi fi lalu standar ieee bn usung dekat ultra high reliability uhr fokus tingkat andal konsistensi koneksi utama lingkung padat perangkat tinggi interferensi antarsinyal guna terus gerak kembang wi fi cakup teknologi mungkin access point atur guna spektrum sinyal lebih koordinasi teknologi ini tuju kurang ganggu sinyal tekan lonjak latensi hilang data buat pindah koneksi antar access point roaming jadi lebih lancar andal jaring makin penting dukung video aplikasi cloud perangkat iot hingga layan bas ai butuh koneksi cepat stabil hotel kualitas jaring pengaruh alam tamu usaha koneksi stabil bantu jaga produktivitas lancar operasional isp sedia solusi bas aplikasi varnion gabung layan konektivitas aplikasi dalam satu ekosistem layan sebut cakup cloudone megalos kelola konektivitas keponet kerja operasional vlepo layan tv alam digital tamu tuju adalah terjemah kembang teknologi jadi manfaat nyata bagi langgan dukung omada kuat mampu riset untuk hadir jaring andal aplikasi integrasi layan bantu langgan jalan bisnis lebih baik tutup alexander simak video jangan sering cabut kabel wifi malam hari ahi ara,finance
156,jepang alami turun populasi beberapa dekade akhir dapat kelompok usia tentu alami lonjak jumlah lebih banyak belum kutip cnn rabu jumlah orang usia tahun atas jepang lampau jiwa capai kuat rekor jepang negara angka harap hidup tinggi jumlah duduk usia tahun atas catat naik kali turut turut perintah jepang catat kelompok usia capai orang per september tambah hampir orang banding tahun belum jumlah sebut mayoritas rupa perempuan catat banyak orang sekitar total duduk usia tahun ke atas perempuan menteri sehat jepang kenichiro ueno sambut positif kondisi sebut turut tunjuk warga jepang sehat tetap aktif jepang konsisten duduk peringkat atas salah satu negara angka harap hidup panjang dunia bank dunia rata rata harap hidup jepang capai tahun para ilmuwan kait tinggi angka harap hidup jepang pola makan sehat sistem layan sehat maju meski negara kenal milik budaya kerja jam kerja panjang utama kota kota besar bagi masyarakat jepang jalan filosofi ikigai cari nilai bahagia hidup hari hari jepang jadi rumah jumlah orang tua dunia perintah jepang antara fuyo kishimoto perempuan usia tahun asal kyoto hikaru kato pria usia tahun kumamoto meski populasi tua beri tekan besar ekonomi besar empat dunia pasal banyak populasi usia tua turut tingkat biaya awat lansia kurang angkat kerja meski generasi ini milik harap hidup lebih panjang populasi jepang jumlah juta jiwa terus turun iring angka lahir capai rekor rendah negara ini buka pintu kerja terampil buruh beberapa tahun akhir meski perintah baru baru ini ketat syarat visa di tengah tingkat sentimen anti asing lihat juga video warga hilang banjir nepal jepang ambil langkah darurat ahi ara,finance
157,mata uang rupiah lemah hadap dolar amerika serikat as dagang rabu mata uang paman sam gerak kuat level rp an dasar data rti bloomberg dolar as kuat level rp pagi dagang belum selasa dolar as tahu tutup level rp dasar data rti business dolar as pagi kuat level rp mata uang paman sam catat kuat panjang dagang pek akhir besar dolar as gerak variatif jumlah mata uang negara besar lain uer dolar as catat lemah mata uang gbp dolar as lemah kemudian mata uang aud mata uang paman sam lemah lanjut pada mata uang jpy dolar as kuat dolar as kuat mata uang cad besar kemudian hadap mata uang chf dolar as kuat simak video kata menteri umkm soal dampak naik dolar laku usaha acd acd,finance
158,harga emas antam hari tipis dua hari belakang alami turun harga rabu harga emas antam karat naik rp per gram jadi rp per gram dasar situs logam mulia antam selasa satu harga emas hari yang kecil ukur gram ada angka rp harga emas gram jual harga rp ukur emas besar gram kg banderol rp tarik pek akhir harga emas antam ada rentang rp per gram bulan akhir harga emas antam gerak dalam rentang rp per gram harga emas hari buyback emas antam naik besar rp ada level rp per gram harga buyback ingin jual emas antam bel harga sebut sesuai atur menteri uang pmk nomor tahun beli emas batang kena pph besar jika ingin dapat potong pajak lebih rendah besar serta npwp untuk transaksi ikut rincian harga emas hari dari antam gram hingga gram rabu harga emas gram rp harga emas gram rp harga emas gram rp harga emas gram rp harga emas gram rp harga emas gram rp harga emas gram rp harga emas gram rp harga emas gram rp harga emas gram rp harga emas gram rp harga emas gram rp rincian harga emas hari keluar antam gram hingga gram rabu simak video mau tingkat likuiditas bei wacana hapus batas rp saham hrp fdl,finance
159,indeks harga saham gabung ihsg pagi gerak lemah zona merah ihsg pantau terus gerak level an kutip rti rabu ihsg pukul wib ada level turun poin ihsg buka ada level kemudian awal dagang nilai indeks saham garuda catat capai level tinggi rendah volume transaksi catat juta saham turnover rp miliar frekuensi transaksi kali banyak saham kuat saham lemah saham alami ubah ihsg catat lemah minggu nilai indeks saham garuda masih ada zona hijau lama bulan naik lihat per tiga bulan masih naik simak juga video mau tingkat likuiditas bei wacana hapus batas rp saham acd acd,finance
160,berat tempat muat jadi salah satu aspek perlu evaluasi celaka km virgo transport periksa perlu tahu mampu daya apung stabilitas kapal bawa muat anggota dpr ri bambang haryo soekartono sorot soal sebut unjung posko padu celaka km virgo transport labuh tanjung perak bambang usia kapal bisa jadi satu satu dasar lihat sebab celaka km virgo transport sebut usia tahun kapal km virgo transport relatif muda tahun kapal ex jepang punya teknologi tinggi bahkan plat kapal jepang semua guna plat high tensile punya kuat tekuk tekan tarik strength sangat kuat hal nya kapal kapal negara negara maju eropa makanya kapal kapal ex jepang ada indonesia walaupun usia tua kondisi bagus punya layak kapal sesuai standar kelas hubung laut indonesia kata bambang terang rabu bambang minta komite nasional selamat transportasi knkt sidik pegawai negeri sipil pns periksa muat bawa kapal masuk sesuai mampu kapal serah komisi nasional selamat transportasi knkt pegawai negeri sipil selidik muat angkut kapal sebut kapal sebut punya mampu angkut muat sebut kata bhs sisi tumpang bambang sebut jumlah orang jauh bawah kapasitas maksimum kapal capai orang kalau sisi tumpang hanya orang jauh kapasitas maksimum batas kapasitas maksimum nya besar orang turut berat tempat muat jadi penting periksa dapat pengaruh stabilitas kapal utama hadap gelombang besar bambang sorot informasi kena truk muat sangat berat sebut jembatan timbang milik pelindo belum kapasitas ton alami rusa hingga kapasitas naik jadi ton ini sangat bahaya kondisi kapal baik daya apung kapal batas sesuai hitung maupun kuat konstruksi rata rata exceload lebih ton ungkap nilai tempat muat berat dek kendara bagi atas perlu periksa dapat pengaruh stabilitas kapal semua kondisi atas tahu mampu kapal nahkoda jadi data mampu kapal baik daya apung maupun stabilitas sesuai kondisi muat akan naik kapal knkt pns harus teliti maksimal kata bhs simak video nakhoda km virgo selamat kini sedang periksa fdl fdl,finance
161,market overview bursa saham indonesia ada zona merah indeks harga saham gabung ihsg dagang selasa tutup turun level jumlah saham mampu gerak positif bren naik antm kuat klbf catat naik sisi tekan besar datang byan anjlok bbri turun bbca koreksi investor asing catat aksi jual bersih nilai net sell asing capai rp miliar pasar reguler rp miliar hitung dasar seluruh pasar gera negatif jadi bagi besar sektor banyak delapan sektor saham akhir lemah sektor industrial jadi paling koreksi turun sektor health jadi satu satu kelompok kuat tinggi besar tekan datang pasar global tiga indeks utama wall street kompak lemah dow jones turun s p koreksi nasdaq turun saham byan jadi perhati turun beri kontribusi negatif besar poin ihsg turun sebut jadi ada force majeure tiga anak usaha kait tuju rkab belum terbit kondisi turut jadi perhati kait volume produksi kerja dapat persero jalan gera ihsg etf eido turun indeks msci indonesia koreksi berita emiten pt media nusantara citra tbk mncn mncn luas ekosistem bisnis media lalu kerja sama republik media anak bangsa rmab sinergi terang abadi sta kolaborasi sebut cakup kembang ekosistem berita olahraga hubung bagai kanal mulai televisi radio platform digital hingga streaming jumlah aset media mncn masuk kerja sama masuk inews media group inews tv jaring radio milik persero kanal digital ekosistem sebut cakup okezone inews sindonews news idx channel gabung jaring sebut milik juta followers subscribers jumlah views capai miliar per bulan kuat ekosistem audiens jadi salah satu langkah mncn tengah tekan bisnis iklan semester i dapat persero catat rp triliun turun banding rp triliun semester i turun sebut utama pengaruh lemah dapat iklan bisnis konten subscription catat tumbuh kondisi buat kembang kanal digital dapat ulang jadi bagi strategi mncn kembang bisnis media pt cisarua mountain dairy tbk cmry cmry tambah serta modal tahap besar rp miliar anak usaha kendali macrosentra niagaboga tambah modal sebut siap dukung kembang pusat distribusi sekaligus penuh butuh modal kerja usaha transaksi masuk transaksi afiliasi kecuali dasar pojk no pojk pasal macrosentra niagaboga rupa usaha kendali milik saham besar cmry persero nyata transaksi sebut sebab ubah kendali tidak beri dampak material kondisi uang operasional maupun langsung usaha cmry ekspansi distribusi laku kerja cmry semester i catat tumbuh dapat persero capai rp triliun naik tahun rp triliun semester i laba bersih cmry tingkat tahun jadi rp triliun belum rp triliun tambah modal lini distribusi jadi bagi langkah persero luas jangkau produk dukung aktivitas operasional pt putra utama makmur tbk dpum dpum siap belanja modal besar rp miliar rencana sebut muncul rama indonesia bagi unirama group jadi pegang saham kendali baru dpum lalu pengambilalihan miliar saham sama rencana investasi sebut dpum target ebitda dapat tingkat rata rata per tahun panjang ganti kendali jadi kerja dpum hadap tekan semester i dapat persero catat rp miliar turun banding rp miliar periode sama tahun belum dpum buku rugi rp miliar giat usaha persero dampak bakar kondisi neraca tekan realisasi rencana pulih dpum kait dukung kendali baru guna capex rp miliar selesai klaim proses write off nya masih belum final rekomendasi saham hari klbf buy tp sl eral buy tp sl map buy tp sl pgeo buy tp sl cmry buy tp sl disclaimer ingat segala analisis dan rekomendasi saham artikel sifat informatif sekaligus bukan rupa aja beli jual saham tentu ang ang,finance
162,himpun kawasan industri indonesia hki tegas perintah perlu segera laku benah regulasi proses izin birokrasi investasi ini jadi faktor penting jaga percaya investor indonesia tengah saing antarnegara makin ketat ketua umum hki akhmad ma ruf maulana kata tantang besar indonesia ini bukan bagaimana tarik investasi masuk bagaimana cara pasti investasi telah oleh segera realisasi jangan investasi hasil tarik masuk justru tahan birokrasi sendiri minta reformasi birokrasi benar benar jalan ujar akhmad terang resmi rabu hki birokrasi belit belit panjang proses izin tumpang tindih regulasi koordinasi belum efektif menteri lembaga perintah daerah rupa hambat cepat investasi kondisi sebut pandang bagai soal administratif apabila segera benah hambat sebut potensi turun persepsi tingkat percaya investor iklim investasi indonesia terang pasal ini investor ingin masuk suatu negara timbang besar pasar sumber daya maupun insentif tawar lihat berapa cepat investasi dapat realisasi berapa regulasi berapa efektif perintah selesai soal muncul proses investasi kompetisi investasi global indonesia saing insentif cepat pasti usaha jelas akhmad begitu akhmad tegas pasti investasi itu makin penting investor milik banyak pilih tanam modal di negara negara tawar proses investasi lebih sederhana dapat prediksi percaya investor bangun bukan hanya tawar investasi juga alam mereka ketika mulai realisasi investasi kalau izin terlalu panjang regulasi pasti soal lintas instansi kunjung dapat putus ini pengaruh persepsi investor indonesia kata sama itu hki juga cermat ada bagai usul kembang investasi strategis masuk kawasan ekonomi khusus kek proyek strategis nasional psn butuh pasti cepat selesai hki paham tiap usul kek psn maupun proyek investasi strategis penuh syarat lalu evaluasi ketat proyek telah milik investor nyata komitmen investasi jelas kesiap kembang potensi cipta lapang kerja multiplier effect besar perintah perlu sedia mekanisme selesai lebih cepat ukur paling sulit investasi ketika proses jalan terlalu lama pasti tegas akhmad atas kondisi sebut hki dorong perintah bentuk tim cepat awal investasi milik wenang kuat awal investasi end to end mulai masuk komitmen investasi hingga proyek benarbenar realisasi operasi tim sebut tidak harus hanya jadi forum koordinasi tambah perlu milik mandat yang jelas laku debottlenecking tetap target waktu selesai koordinasi menteri lembaga perintah daerah dorong ambil putus ketika investasi hambat soal lintas sektor pungkas acd acd,finance
163,mantan menteri uang purbaya yudhi sadewa tegas seluruh urus kait sepakat alih handover tangan utang proyek kereta cepat jakarta bandung whoosh kini sepenuh serah bendahara negara baru suahasil nazara purbaya nyata copot seluruh rangkai rencana sempat rancang kait alih utang whoosh menteri uang otomatis jadi tanggung jawab suahasil selaku menkeu lanjut gantung menteri baru lah ujar purbaya temu awak media usai acara serah terima jabat menkeu suahasil kantor kemenkeu jakarta pusat selasa kemarin purbaya aku lega tak jabat menteri uang lebih beban utang harus pikir besar cicil utang whoosh sendiri rp triliun per tahun tenor hingga tahun lalu proses restrukturisasi alih bayar danantara kemenkeu kan gue bukan menteri uang alhamdulillah selamat gue ujar tanya lepas beban pikir buat diri kini tidur nyenyak purbaya justru canda soal usia umur nggak sampe tahun tahun udah syukur kalau jadi doa aja doa terus makasih ujar tahu masih jabat menkeu purbaya sampai perintah restrukturisasi utang proyek kereta cepat jakarta bandung whoosh dengan tenor bayar hingga tahun skema sebut buat cicil utang kira rp triliun per tahun kala pun diri sempat gurau lebih dulu tinggal wajib bayar cicil rampung selesai arti kan total utang besar stretch tahun restrukturisasi cicil rp triliun sedikit bawah rp triliun tahun tahun yang tinggi yang rendah kalau lihat masih lah tenor cicil tahun dengar kemarin makanya hebat tuh iya sudah mati santai ujar purbaya susul tawa kawasan sunter jakarta utara selasa purbaya jelas kelola utang whoosh alih badan kelola investasi bpi daya anagata nusantara danantara menteri uang kemenkeu september nanti utang whoosh bayar special mission vehicle smv indonesia investment authority ina mungkin mungkin pakai smv ina jelas turut wajib utang tidak besar bisa tangan satu entitas smv bawah menteri uang pasti butuh anggar bayar wajib sebut sedia jadi gin cuma lihat beban tahun apa sih lihat tahun lihat kalau gin cukup lah tangan satu smv satu usaha smv di bawah departemen uang dua uang cukup lebih pungkas simak juga video nasib alih utang whoosh kemenkeu usai suahasil ganti purbaya acd acd,finance
164,harga minyak mentah dunia terus panas panjang dagang selasa kemarin imbas lapor batal ekspor arab saudi serang drone paksa tutup jalur pipa kirim minyak utama lansir cnbc rabu harga minyak mentah brent jangka kerap jadi patok global naik jadi us per barel sesi dagang kemarin harga minyak west texas intermediate wti lonjak hingga jadi us per barel seluruh harga minyak dunia catat lonjak lebih satu bulan akhir iring tingkat intensitas tempur kawasan teluk sia lonjak harga lama dagang selasa jadi sumber sumber pasar kata arab saudi memberitahu langgan eropa kena batal bagi kirim minyak mentah bulan september batal kirim utama memang sebab tutup pipa timur barat east west pipeline kini jadi jalur utama kirim ekspor minyak arab saudi pasca tutup selat hormuz kapasitas angkut hingga juta barel per hari serang infrastruktur minyak tanda eskalasi konflik signifikan tingkat mungkin jadi skenario naik harga mana harga minyak brent lampau us per barel kata yulia zhestkova grigsby ahli strategi komoditas senior goldman sachs pihak arab saudi sebut tutup pipa sebut langkah cegah sampai beri terang kait nilai rusa atau kira kena berapa lama ganggu operasional akan langsung meski sisi menteri energi amerika serikat as chris wright kata henti operasional jalur pipa sebut kira sementara akan normal dalam beberapa hari akan jadi ganggu singkat sementara kata wright cnbc luar ganggu ekspor minyak saudi tingkat harga komoditas energi satu turut dorong tutup operasi usaha minyak nasional libya dua ladang minyak buah stasiun pompa tengah aksi protes sisi milisi houthi dukung iran yaman lancar terus serang baru arab saudi pekan ini turut juru bicara koalisi militer pimpin arab saudi yaman milisi sebut luncur drone rudal balistik arah kota khamis mushait abha taif kemudian situasi aman selat hormuz masih stabil dua kapal tanker serang sejak hari sabtu dasar lapor insiden pusat operasi dagang maritim inggris ukmto simak video wapres as harga minyak tinggi iran tembak kapal di selat hormuz acd acd,finance
165,posisi menteri uang baru rombak presiden prabowo subianto suahasil nazara ganti posisi purbaya yudhi sadewa bendahara negara ketua umum asosiasi usaha indonesia apindo shinta kamdani kata pihak terima ubah jadi rupa bagi wenang hak prerogatif presiden prabowo subianto pasti efektivitas perintah kata paling penting ganti menteri uang jangan transisi pimpin ganggu kelola fiskal hingga percaya laku usaha investor paling penting proses transisi pimpin jalan baik tetap jaga kredibilitas kelola fiskal pasti arah bijak percaya laku usaha maupun investor ekonomi indonesia ujar shinta hubung detikcom selasa sosok suahasil nazara nilai shinta bukan rupa figur baru hadir kelola bijak fiskal nasional alam panjang menteri uang baik wakil menteri uang maupun belum badan bijak fiskal beri kontinuitas paham institusional penting situasi ekonomi penuh ketidakpastian sekarang kontinuitas sebut kami harap bantu jaga transisi pimpin timbul ubah arah bijak terlalu dadak ujar shinta depan dunia usaha harap menteri uang tetap mampu jaga imbang sehat kredibilitas fiskal butuh dukung tumbuh ekonomi apbn perlu tetap kelola prudent lanjut sama harus efektif instrumen jaga daya beli dorong investasi tingkat produktivitas kuat sektor riil sebut shinta laku usaha prediktabilitas jadi sangat penting utama kait bijak paja pabean insentif investasi belanja perintah bagai bijak fiskal dampak langsung biaya putus bisnis pihak harap ubah bijak laku ukur komunikasi baik ruang dialog pada dunia usaha usaha milik pasti laku rencana investasi ekspansi tantang menteri uang depan ringan perintah perlu biaya bagai prioritas bangun sekaligus jaga ruang fiskal kredibilitas apbn tengah ketidakpastian global kualitas belanja efektivitas terima negara disiplin fiskal mampu jaga percaya pasar jadi sama penting dunia usaha harap bijak terima tidak semata mata orientasi tingkat terima jangka pendek tetap timbang daya saing mampu sektor produktif tumbuh kata shinta terus satgas debottlenecking shinta minta agar suahasil terus salah satu program purbaya program maksud satu tugas cepat program strategis perintah satgas psp nilai program sebut dapat lanjut jauh kemenkeu tunjuk pimpin satgas sebut kami harap program sebut terus lanjut karena kemenkeu institusi tunjuk pimpin satgas debottlenecking perintah ujar shinta sejak desember kanal debottlenecking satgas psp luncur perintah purbaya kala pimpin langsung satgas sebut kanal ini rancang jadi salur resmi laku usaha sampai kendala hadap sekaligus pasti tindak lanjut cepat perintah menteri lembaga k l kait selesai masalah kendala adu usaha laku purbaya bentuk sidang buka wakil usaha undang sidang beberapa wakil menteri nilai hambat usaha hadir sidang perdana laku purbaya satgas debottlenecking desember lama purbaya jabat sekitar bas sidang yang laku selesai masalah usaha beberapa kasus besar pernah sidang salah satu mangkraknya proyek gas abadi masela yang mandek hampir tahun lama sidang laku pada februari lalu ada groundbreaking proyek pada juli simak video blak blakan purbaya soal alas copot ara,finance
166,purbaya yudhi sadewa aku kira pecat diri menteri uang tiba sebut kans peluang diri kena reshuffle tegas diri baru tahu benar benar henti kursi bendahara negara terima panggil telepon tengah rapat sama dpd ri senin siang kita hitung hitung kena reshuffle kira kira lah baru tahu waktu ujar purbaya wartawan usai serah terima jabat purbaya kata kira diri kena reshuffle keluar anggota kabinet bukan dasar asa semata namun hitung tentu buat lihat mungkin sebut feeling nya cuman ada hitung ada yang mungkin kans kata tanya kena dasar hitung muncul purbaya enggan jelas lebih jauh hanya sebut putus reshuffle jajar teter rupa hak prerogatif presiden prabowo subianto tahu mesti nanya pak presiden tapi kan lihat omong ujar lebih lanjut purbaya kata pancing belakang rumah tak jabat bendahara negara sampai kali tanya kait rencana depan habis ini mau pulang mancing belakang rumah ujar purbaya kata halaman belakang rumah ada kolam risi banyak ikan nada sedikit gurau sembari pancing renung diri pecat presiden prabowo subianto menkeu gue punya kolam belakang ya bisa mancing belakang rumah ngelamun pecat gitu ujar sembari tertawa tanya diri akan duduk posisi menteri lembaga atau malah siap posisi menteri di bidang purbaya tegas kata nggak lah baru pecat masa jadi menteri gimana lo ucap sembari tegas diri tidak minat sama sekali jadi jabat negara simak video blak blakan purbaya soal alas copot igo fdl,finance
167,menteri tani tan andi amran sulaiman bongkar edar beras fortifikasi duga sesuai klaim kemas potensi rugi timbul praktik sebut kira capai puluh triliun rupiah papar amran turut tunjuk jumlah merek beras fortifikasi masuk periksa dasar pantau detikcom beberapa nama tampil lain sumo rojolele hingga idola hasil periksa tunjuk total merek beras fortifikasi nyata penuh syarat dua merek lain penuh tentu ketidaksesuaian sebut kait kandung gizi beras temu sesuai klaim produsen amran sorot harga beras fortifikasi capai rp per kilogram kg padahal dasar hitung harga beras sebut sekitar rp kg tambah biaya proses fortifikasi kira rp beras fortifikasi jual tinggi rp mana orang miskin beli harga rp padahal cek harga rp vitamin tadi syarat label sesuai duga tipu selisih rp per kilo tinggi kata amran konferensi pers kantor tan jakarta selatan selasa amran nilai kondisi sebut buat beras fortifikasi lagi tepat sasar pun taksir nilai duga praktik tipu kait beras fortifikasi capai rp triliun sudah tidak tepat sasar kemudian ada praktek tipu beras fortifikasi nilai ini estimasi rp triliun sesuai data bps beras edar premium fortifikasi sekarang premium hilang jelma jadi fortifikasi tutur rata rata harga jual beras sebut rp per kilogram harga wajar rp arti rata rata selisih duga tipu capai rp per kilogram papar amran cantum merek beras fortifikasi duga laku tipu ikut daftar lengkap idola fortifikasi idola high quality whole grain rice idola long grain rice ikan mas cupang aaa wijaya kusuma cantik manis tari bangkok topi koki short grain topi koki setra royale topi koki long grain crystal hok gohan maknyuss pulen gizi anak raja fortifikasi anak raja nusantara top anak raja pms induk ayam sumo rasvit fs nutri rice pelikan rice rojolele super kepala beras premium golden number putri koki wellfarm beras abet simak video tan ungkap merek beras fortifikasi duga abal abal acd acd,finance
168,purbaya yudhi sadewa aku ombak jabat menteri uang laku beberapa waktu lalu jadi salah satu sebab pecat menteri uang sampai purbaya usai serah terima jabat sertijab menteri uang menkeu baru suahasil nazara bagi ombak jabat karena pak bagi iya ujar purbaya usai sertijab menteri uang jakarta selasa purbaya sebut reshuffle kabinet rupa hak prerogatif presiden prabowo subianto tanya ada kait bijak bijak ambil lama pimpin purbaya sebut bijak sebut kait bijak presiden prabowo subianto kan hak prerogatif presiden ikut bijak yang ikutin semua bijak presiden aman lah tambah purbaya kendati ia kira pecat diri tiba ia baru tahu menteri sekretaris negara mensesneg prasetyo had hubung kita udah hitung hitung kira kira fifty fifty lah baru tahu waktu itu jelas purbaya ban pecat ini kait dividen danantara ada tegas simak video blak blakan purbaya soal alas copot acd acd,finance
169,pt freeport indonesia ptfi proyeksi setor negara tahun bisa capai us miliar rp triliun setor sebut asal bayar pajak dividen terima negara bukan pajak pnbp pungut lain presiden direktur ptfi tony wenas kata proyeksi sebut guna asumsi harga tembaga besar us per pound emas us per ounce harga tembaga sebut ada kisar us per pound emas sekitar us per ounce tadi lihat untuk proyeksi tahun itu rencana terima negara us miliar sekitar rp an triliun diri pajak dividen juga pnbp lain ini adalah asumsi harga tembaga us per pound emas us ribu per ounce kata tony rapat komisi xii dpr gedung dpr jakarta selasa terima negara freeport proyeksi tingkat signifikan jadi us miliar naik sebut jalan tingkat produksi usaha iring pulih aktivitas tambang grasberg block cave gbc produksi emas freeport proyeksi tingkat sekitar ribu ounces ton jadi juta ounces sekitar ton sementara produksi tembaga kira naik juta pound jadi miliar pound periode sama kalau lihat kemudian banding rencana tahun jadi naik signifikan terima negara jadi us miliar ini jalan tingkat produksi saya jelas slide belum jelas tony terima negara giat freeport kira lonjak mulai tony kira nilai capai us miliar lebih rp triliun per tahun tahun tahun ikut di tahun tahun terus kira akan bisa capai us miliar sekitar rp triliun lebih per tahun terima negara bentuk pajak pnbp dividen dan pungut pungut lain tutur tony ily hns,finance
170,pt pertamina persero kuat strategi tahan energi nasional lalu kelola portofolio lng makin fleksibel integrasi kombinasi sumber pasok domestik global dukung infrastruktur lng gas bagai wilayah indonesia strategi sebut jadi salah satu fokus bawa pertamina gastech bangkok thailand hadir pertamina forum energi global jadi bagi upaya luas konektivitas laku industri energi dunia sekaligus kuat peluang kembang portofolio bisnis lng tengah ubah lanskap energi global volatilitas pasar dinamika geopolitik tumbuh butuh energi buat tahan energi lagi tentu besar volume pasok mampu oleh sumber energi tepat waktu lokasi tepat biaya kompetitif vp corporate communication pt pertamina persero muhammad baron kata diversifikasi sumber fleksibilitas portofolio jadi bagi penting jaga tahan energi tengah dinamika pasar global pertamina tahan energi bukan kena berapa besar pasok sedia juga mampu dapat energi sumber tepat waktu tepat biaya kompetitif itu diversifikasi sumber fleksibilitas portofolio lng jadi penting kuat tahan energi indonesia ujar baron terang tulis selasa tingkat fleksibilitas sebut pertamina kembang portofolio lng bagai sumber optimal pasok domestik pertamina milik portofolio internasional lain australia amerika serikat diversifikasi beri ruang pertamina sesuai sumber pasok pola kirim sesuai butuh kondisi pasar timbang ekonomi fleksibilitas pasok sebut kuat infrastruktur lng gas pertamina group lain perta arun gas nusantara regas fasilitas terima lng jawa jaring pipa gas pgn sebar bagai wilayah indonesia integrasi sumber pasok infrastruktur terima simpan regasifikasi jaring pipa distribusi jadi fondasi bangun rantai pasok lng lebih adaptif ekosistem sebut lng kelola sesuai butuh mulai terima simpan hingga regasifikasi distribusi bagai wilayah pertamina milik portofolio lng infrastruktur gas saling lengkap integrasi sumber pasok fasilitas terima simpan regasifikasi hingga jaring distribusi beri fleksibilitas pertamina sesuai pasok butuh energi bagai wilayah jelas baron salah satu infrastruktur milik posisi strategis perta arun gas aceh ada selat malaka jadi salah satu jalur dagang energi utama dunia arun milik peluang kembang hub lng regional hubung pasok internasional butuh indonesia maupun pasar asia tenggara posisi sebut beri bagai opsi kelola lng mulai terima simpan lng hingga reload transhipment regasifikasi distribusi fleksibilitas mungkin kelola lng sesuai butuh pasar timbang ekonomi kuat portofolio infrastruktur jadi makin relevan iring ubah lanskap lng indonesia tengah tumbuh butuh energi industri indonesia lama kenal salah satu produsen eksportir lng juga hadap potensi tingkat butuh lng domestik masa datang ubah sebut jadi tantang sekaligus peluang hubung pasok global produksi lng domestik infrastruktur nasional butuh regional pertamina optimal portofolio lng sekaligus kuat posisi indonesia rantai pasok lng baron strategi lng pertamina depan orientasi penuh volume juga mampu kelola optimal pasok fleksibel beri nilai lebih besar depan jadi beda bukan hanya mampu oleh lng mampu kelola optimal salur tempat beri manfaat besar pertamina hubung pasok lng global tahan energi indonesia sekaligus tangkap peluang tumbuh tutup baron akd ega,finance
171,pt bukit asam tbk ptba ungkap besar beban penuh domestic market obligation dmo batu bara tanggung usaha dmo rupa wajib usaha alokasi bagi produksi penuh butuh negeri ptba catat potensi laba hilang akibat penuh dmo atas wajib capai rp triliun panjang direktur utama ptba bambang ismawan realisasi dmo ptba selalu ada atas tentu perintah gambar tahun selalu kali lipat lebih harus pernah coba berapa turun profit kita lebih dmo tahun rp triliun turun profit kita penuh lebih dmo harus kata bambang rapat komisi xii dpr ri kompleks parlemen jakarta selasa bambang sebut porsi dmo ptba bahkan capai lebih besar porsi sebut buat usaha harus alokasi lebih paruh jual batu bara penuh butuh pasar domestik bambang kata soal dmo jadi perhati ptba tahun turut dapat usaha batu bara cenderung kurang patuh wajib dmo ptba jadi tumpu penuh butuh negeri hari yang jadi isu masalah dmo dmo selalu tahun jadi soal sisi lihat usaha usaha batubara usaha cenderung kurang patuh dmo selalu yang jadi tumpu pt bukit asam ujar itu ptba minta penuh butuh batu bara negeri beban lebih rata usaha usaha batu bara bambang harap tanggung jawab pikul sama sama usaha batu bara itu panjang semester i porsi jual batu bara ptba pasar domestik capai batu bara sebut serap jumlah sektor lain pln industri pupuk semen sisa ekspor jumlah negara vietnam bangladesh kamboja india dari sisi kerja produksi ptba semester i alami turun akibat tinggi intensitas hujan panjang januari hingga maret kondisi cuaca turut ganggu aktivitas angkut jual batu bara usaha meski laba bersih ptba semester i catat tingkat sekitar banding periode yang sama tahun belum laba bersih naik dari rp miliar jadi rp triliun cara seluruh laba bersih alami naik yang cukup signifikan sekitar dari tahun lalu rp triliun semester i tahun sudah capai rp triliun tutup bambang simak video polisi periksa saksi kait kasus duga korupsi ily hns,finance
172,menteri hubung kemenhub terbit siar notice to mariners ntm kapal kapal layar sekitar wilayah operasi cari korban kmp virgo transport laut jawa lalu pemberitahuan sebut kapal ada lintas sekitar lokasi minta tingkat waspada turut bantu laku sisir apabila temu korban informasi kait kapal minta segera lapor ksop vessel traffic service vts stasiun radio pantai srop pihak kait lain direktur jenderal hubung laut muhammad masyhud kata seluruh dukung sebut laku kuat koordinasi bantu proses cari korban hingga langsung terus koordinasi seluruh unsur kait optimal dukung milik ditjen hubung laut bantu proses cari selamat seluruh unsur libat tetap jadi perhati utama laksana operasi ujar masyhud terang tulis selasa itu ditjen hubung laut terus laku pantau komunikasi lalu vts srop kapal negara navigasi kn kunyit kerah relay komunikasi radio kapal kapal lokasi operasi srop ingat jarak lokasi sebab bagi kapal laku transmisi radio langsung dukung komunikasi pantau terus optimal koordinasi tukar informasi kapal kapal lokasi tugas darat jalan baik lama proses cari langsung jelas masyhud hingga ini banyak orang total orang temu jumlah sebut orang temu kondisi selamat orang tinggal dunia orang lain proses cari orang temu banyak orang tiba labuh trisakti banjarmasin diri atas orang selamat orang tinggal dunia banyak korban selamat belum ada km cahaya bahari telah evakuasi guna kri nala tiba labuh trisakti banjarmasin tangan korban keluarga usai jadi kemenhub turut damping pt jasa raharja serah santun ahli waris korban tinggal dunia insiden kmp virgo transport alami celaka layar rute surabaya banjarmasin masyhud tegas pihak terus pantau kembang tangan insiden kmp virgo transport sesuai dukung butuh lapang baik dalam dukung proses cari maupun tangan korban keluarga fokus saat ini adalah dukung upaya cari korban masih temu sekaligus pasti tangan korban keluarga dapat jalan baik menteri hubung terus koordinasi seluruh pihak kait tutup masyhud simak video nakhoda km virgo selamat kini sedang periksa hns,finance
173,pt freeport indonesia ptfi proyeksi produksi emas naik iring pulih aktivitas tambang grasberg block cave gbc produksi emas kira tingkat ton jadi ton direktur utama ptfi tony wenas kata freeport produksi juta pound tembaga ribu ounces emas tara ton tahun produksi naik jadi miliar pound tembaga juta ounces emas tara ton kalau grafik bawah lihat produksi emas tingkat tajam tahun jalan grasberg block caving production block sudah mulai operasi tahun kata tony rapat komisi xii dpr gedungn dpr jakarta selasa tahun tahun ikut produksi emas freeport proyeksi capai juta ounces ton produksi tembaga kira capai miliar pound tingkat sebut jadi bagi proses pulih produksi freeport insiden longsor material basah september insiden sebut buat tingkat produksi tambang usaha masih ada bawah kapasitas normal tahun terus tembaga akan capai miliar pound emas juta ounces ton begitu terus naik tingkat produksi jalan pulih gbc kena longsor tahun lalu jelas tony tahun ptfi proyeksi tambang ribu ton bijih per hari angka sebut baru kapasitas normal usaha ada kisar ribu ton bijih per hari volume tambang target tingkat jadi sekitar ribu ton bijih per hari produksi kemudian proyeksi dekat kapasitas penuh dengan capai sekitar ribu ton bijih per hari pulih produksi dampak operasional smelter manyar freeport gresik smelter sebut sempat henti operasi longsor pasok konsentrat sedia cukup butuh pt smelting baru bulan agustus lalu feeding nya smelter baru freeport indonesia mulai mulai bisa produksi bulan september dengan sekitar ribu ton katoda tembaga dan kalau kita lihat bulan oktober ribu ton adalah produksi katodat tembaga smelter baru jelas tony simak juga video bahlil bicara peluang ri tambah saham lebih dari di freeport ily hns,finance
174,perintah optimistis tunjuk suahasil nazara menteri uang mampu jaga momentum tumbuh ekonomi indonesia ungkap kepala badan komunikasi perintah bakom ri muhammad qodari qodari nilai suahasil milik bekal ilmu alam mumpuni jalan tugas sebut turut mampu jaga tumbuh sekaligus stabilitas ekonomi jadi salah satu lebih suahasil sangat yakin pak suahasil sangat hasil jalan tugas menkeu ujar qodari terang selasa qodari sebut dua lebih suahasil buat yakin jaga fiskal tetap sehat pertama suahasil milik latar belakang akademik kuat rupa guru besar bidang ilmu ekonomi universitas indonesia ui dua suahasil paham cara kerja menteri uang belum jabat wakil menteri uang beliau sangat kenal seluk beluk menteri uang sekitar tahun jadi wamenkeu belum beliau pernah jadi kepala badan bijak fiskal sini kata qodari alam sebut qodari yakin suahasil milik kompetensi kelola bijak fiskal tengah dinamika ekonomi ini dapat suahasil mampu bangun tumbuh ekonomi abai upaya jaga stabilitas adalah salah satu lebih pak suahasil utama situasi sekarang ini tentu apbn rupa salah satu instrumen penting gerak ekonomi sekaligus jaga stabilitas ekonomi indonesia jelas qodari qodari lihat indonesia milik potensi ekonomi besar terus kembang kata potensi sebut jalan arah perintah presiden ri prabowo subianto depan amanat pasal uud kait kelola sumber daya alam besar besar makmur rakyat implementasi insyaallah wujud maksimal mungkin bapak suahasil nazara sekali ini jadi suatu manfaat nyata masyarakat indonesia mampu kurang senjang sekaligus tingkat sejahtera masyarakat indonesia luas luas hidup masyarakat indonesia lebih baik depan tutup qodari simak video purbaya resmi serah jabat menkeu suahasil ara,finance
175,direktur utama pt adhi karya persero tbk adhi moeharmein zein chaniago buka buka sebab bagi proyek lrt city garap pt adhi commuter properti tbk adcp masalah dasar meta adhi karya unit jual banyak unit telah diserahterimakan konsumen sekitar unit jumlah proyek lrt city hingga kini terima beli kondisi ungkap rapat direksi pt adhi karya persero tbk sama kepala bp bumn sekaligus coo danantara dony oskaria kemarin senin moeharmein ungkap lambat selesai proyek apartemen lrt city jadi adcp gagal capai target jual timbul masalah arus kas usaha market turun jadi jual jual adcp sesuai ekspektasinya tahu krisis ekonomi hantam covid buat market imbang dia adcp sulit cashflow ujar temu kantor bp bumn selasa sempat sebut adhi minta maaf atas masalah timbul anak usaha diri komitmen awal soal hingga selesai jadi sekali seperti hal tadi minta maaf saya holding dirut usaha induk minta kan jadi wajib betul betul concern awal proyek selesai sesuai timeline tadi tentu kata moeharmein tegas selesai proyek sebut kualitas baik konsumen terzolimi sesuai arah bp bumn danantara pegang saham jelas proyek ini minta tadi pegang saham untuk selesai kualitas baik lagi konsumen korban dizolimi perintah sangat jelas tegas tadi kepala danatara ungkap bagai informasi kepala bp bumn sekaligus coo danantara dony oskaria sudah minta pt adhi karya persero tbk selesai wajib serah terima sekitar unit jumlah proyek lrt city hingga kini terima beli dony tegas selesai soal sebut boleh timbul rugi konsumen khusus masyarakat beli rumah untuk pertama kali boleh rugi konsumen dasar selesai bahwa boleh rugi konsumen konsumen tidak salah kalau orang orang yang itu beli rumah rumah pertama ini salah pihak cara internal ujar dony terang tulis selasa simak juga video siap resmi bulan ini lrt kelapa gading manggarai cuma menit hrp hns,finance
176,ketua dewan komisioner otoritas jasa uang ojk friderica widyasari dewi sambut positif lantik suahasil nazara menteri uang menkeu turut suahasil rupa sosok mumpuni nakhoda menteri uang kemenkeu wanita akrab sapa kiki aku kenal baik sosok suahasil pasal bendahara negara sempat jabat dewan komisioner ojk ex officio kemenkeu pak sua kenal baik beliau pernah jadi salah satu anggota dewan komisioner ojk ex officio menteri uang jadi beliau sudah kerja sama pernah kerja sama satu atap ojk jadi hal pertama ucap selamat beliau figur mumpuni tiga pernah jadi keluarga besar ojk ujar kiki wartawan kompleks parlemen senayan jakarta selasa ojk harap sinergi menteri uang depan terus kuat utama lalu koordinasi komite stabilitas sistem uang kssk kerja sama sebut nilai penting jaga stabilitas sistem uang sekaligus topang tumbuh ekonomi nasional friderica sampai apresiasi purbaya yudhi sadewa atas kolaborasi telah jalin lama turut koordinasi ojk purbaya langsung sangat baik lama masa jabat pak purbaya ucap terima kasih lama juga koordinasi baik beliau sangat baik terima kasih atas semua sumbangsih beliau lama jelas informasi suahasil lantik dasar putus presiden p tahun henti angkat kabinet merah putih sisa masa jabat lantik langsung prabowo ganti purbaya yang telah jabat menkeu lama satu tahun akhir kemudian selasa purbaya yudhi sadewa resmi lepas jabat menkeu usai satu tahun pimpin menteri uang suahasil nazara proses serah terima jabat sertijab langsung hari aula mezzanine gedung djuanda menteri uang di jakarta pusat terima kasih semua atas kerja sama lama satu tahun akhir ujar purbaya singkat ahi ara,finance
177,pt chandra asri pacific tbk chandra asri group gandeng bank mandiri luas akses layan perban langgan kerja sama tanda penandatanganan nota paham memorandum of understanding mou dukung transaksi giat usaha panjang rantai nilai industri petrokimia wisma barito pacific tower jakarta senin kerja sama jadi bagi upaya dua usaha dukung butuh laku usaha ekosistem industri petrokimia nasional lalu layan perban makin integrasi efisien kuat hubung laku industri mitra langgan sektor perban kolaborasi harap dukung lancar transaksi aktivitas usaha panjang rantai nilai industri direktur polymer sales polymer sales director pt chandra asri pacific tbk raymond budhin kata kerja sama bank mandiri lengkap dukung chandra asri group mitra usaha akses solusi uang lebih mudah bantu kembang usaha efektif apresiasi bank mandiri atas kolaborasi dukung beri chandra asri group kerja sama bagi penting rantai nilai petrokimia indonesia lihat dukung langgan hanya henti sedia produk bagaimana bantu ekosistem usaha dukung lancar bisnis ujar raymond terang selasa lalu sinergi bank mandiri luas manfaat ikan mitra langgan lalu akses layan perban relevan butuh usaha harap kolaborasi beri nilai tambah langgan erat hubung bisnis turut dukung lancar aktivitas industri petrokimia indonesia jelas raymond penandatanganan mou sebut turut hadir wakil direktur utama chandra asri pacific baritono pangestu direktur supply chain chandra asri pacific fransiskus ruly aryawan senior executive vice president corporate banking bank mandiri eny kurniasih m mukarromah senior vice president corporate banking bank mandiri heru eko prasetyo senior vice president sme banking bank mandiri romy jhonson sepakat bank mandiri sedia fasilitas terima bayar transaksi perban dukung finansial sesuai butuh mitra langgan chandra asri group cakup sebut rancang mudah kelola uang sekaligus dukung lancar transaksi bisnis chandra asri group kerja sama relevan industri petrokimia lancar transaksi produsen bahan baku langgan bagai sektor manufaktur turut pengaruh aktivitas panjang rantai nilai konektivitas lebih kuat sektor industri uang dapat tingkat efisiensi daya saing usaha senior executive vice president corporate banking bank mandiri eny kurniasih m mukarromah kata sepakat rupa langkah konkret dekat layan uang laku usaha ekosistem chandra asri group hal emiten sandi bursa bmri manfaat kapabilitas jaring milik beri dukung sesuai karakteristik usaha chandra asri group lalu sinergi integrasi kami bantu laku usaha jaga lancar operasional buka ruang tumbuh sehat konektivitas sektor industri uang juga dapat kuat daya saing cipta unggul lanjut industri nasional ujar eny juga tambah mitra jalan semangat hut bank mandiri tumbuh sama maju indonesia semangat wujud hadir manfaat nyata nasabah laku usaha masyarakat bank mandiri terus kuat peran mitra strategis perintah dunia usaha dorong tumbuh ekonomi nasional kami harap inisiatif sama chandra asri group dapat buka lebih banyak sempat laku industri kembang lanjut sempat sama polymer sales director pt chandra asri pacific tbk raymond budhin kata kerja sama bank mandiri lengkap dukung chandra asri group mitra usaha akses solusi uang lebih mudah dapat bantu kembang usaha efektif bagai mitra tumbuh chandra asri group ingin hadir nilai tambah dapat rasa langsung langgan kolaborasi kuat hubung mitra sekaligus jaga sinambung aktivitas industri negeri kata raymond depan dua usaha akan optimal manfaat layan sesuai kembang butuh mitra usaha inisiatif harap hasil efek ganda upa tingkat aktivitas ekonomi luas peluang mitra cipta lapang kerja dalam ekosistem industri jangka panjang akd ega,finance
178,pt aneka tambang tbk antam khawatir konsumen emas lama beli gerai pindah dagang susul terap wajib lapor data transaksi direktorat jenderal pajak wajib sebut atur atur menteri uang pmk nomor tahun antam instansi lembaga asosiasi pihak ilap wajib serah data jual emas perak kantor pajak direktur utama antam untung budiharto kata pihak dukung bijak sebut transparansi jadi bagi penting untung sorot potensi beda wajib lapor antam usaha lain antam dukung bijak karena transparansi transaksi rupa bagi penting tata kelola industri baik harap ada terap adil tara seluruh laku dagang emas jangan antam anak usaha antam ujar untung rapat komisi xii dpr jakarta selasa untung banyak konsumen berat alih transaksi butik antam toko lain singgung soal kondisi jual emas antam sedang alami turun tren jual emas antam sedang alami turun hal dapat jadi perhati kami adalah respons pasar wajib ilap sebut dapat potensi konsumen rasa berat kemudian alih transaksi butik resmi antam toko dagang emas lain tidak milik wajib lapor sama jelas untung alih konsumen bukan potensi dampak jual antam transaksi emas juga khawatir geser kanal formal catat tuju kanal dagang tingkat awas tentu sama hal ini jadi dampak bukan hadap jual antam juga potensi mengeser transaksi kanal formal catat kanal tingkat awas tentu sama tutur untung atur baru ilap wajib sampai data jual emas perak bulan masuk identitas beli upa npwp nik berat jumlah emas harga total transaksi alamat beli lokasi butik beli ily hns,finance
179,pt asuransi tugu pratama indonesia tbk tugu insurance terus jaga momentum tumbuh kuat fundamental bisnis kualitas kerja lanjut tengah dinamika industri asuransi nasional persero konsisten depan kualitas underwriting kelola risiko efektif hingga optimalisasi portofolio bisnis panjang tugu insurance buku dapat jasa asuransi besar rp triliun laba bersih capai rp miliar periode sama hasil jasa asuransi tingkat tahun jadi rp triliun dorong kerja positif jumlah lini bisnis unggul lain fire property offshore aviation kerja sebut lanjut semester i tugu insurance catat dapat jasa asuransi besar rp triliun tumbuh banding periode sama tahun belum itu hasil jasa asuransi capai rp miliar tingkat signifikan besar tahun adapun laba dapat diatribusikan milik entitas induk catat besar rp miliar tumbuh banding semester i sisi uang fundamental persero makin solid raih total aset capai rp triliun per juni tumbuh akhir tahun lalu tumbuh aset cermin mampu persero jaga tahan bisnis sekaligus dukung ekspansi usaha prudensial lanjut direktur uang layan korporat tugu insurance fitri azwar tegas capai sebut jadi bukti hasil persero kerja capai berkat konsistensi persero jaga imbang tumbuh bisnis kelola risiko prioritas adalah pasti sinambung bisnis penuh komitmen seluruh mang penting cipta nilai tambah lanjut lalu langkah langkah ukur konsisten ujar fitri terang tulis selasa konsistensi kerja tunjuk tugu insurance sebut turut oleh apresiasi bagai pihak persero hasil raih harga gengsi bisnis indonesia awards bia emiten unggul sektor asuransi insurance market leaders award media asuransi salah satu market leaders asuransi umum joint venture capai sebut jadi bagi rekam jejak persero jaga kerja kuat fundamental bisnis lanjut jalan hal sebut tugu insurance selalu optimal portofolio bisnis tingkat kualitas layan kuat terap manajemen risiko kembang inovasi selaras butuh langgan langkah sebut rupa bagi upaya persero tahan tumbuh sehat lanjut sekaligus cipta nilai tambah pegang saham nasabah mitra bisnis seluruh mang penting tugu insurance harga raih jadi apresiasi sekaligus motivasi terus tingkat kerja kuat kontribusi kembang industri asuransi nasional akd ega,finance
180,badan atur bumn bp bumn pt adhi karya persero tbk adhi minta maaf para konsumen dampak masalah proyek lrt city sampai wakil kepala bp bumn aminuddin ma ruf direktur utama pt adhi karya persero tbk adhi moeharmein zein chaniago temu wakil konsumen gedung bp bumn jakarta selasa aminuddin pasti soal sebut selesai pertama tentu atas ketidaknyamanan lama mohon maaf dua komitmen selesai semua masalah ujar aminuddin bp bumn inventarisasi seluruh soal aspirasi para konsumen lebih konsumen hingga oktober seluruh soal inventarisasi hingga oktober pihak kembali gelar temu lanjut oktober bahas langkah selesai menteri rumah kawasanm mukim maruarar sirait biasa kenal ara kepala bp bumn dony oskaria bentuk tim awas selesai masalah tadi bentuk pak ara sama pak dony tim awas wakil korban pkp bp bumn sempat pak dony tadi sampai pangku tangan cuci tangan sama sekali tanggung jawab seluruh korban negara hadir komitmen selesai terang aminuddin bos adhi karya minta maaf tempat sama direktur utama pt adhi karya persero tbk adhi moeharmein zein chaniago minta maaf atas masalah timbul anak usaha diri komitmen awal soal hingga selesai jadi sekali seperti hal tadi kami minta maaf saya holding dirut usaha induk juga minta kan jadi wajib kami betul betul concern awal proyek selesai sesuai timeline tadi sudah tentu tutur zein moeharmein tegas selesai proyek sebut kualitas baik konsumen terzolimi sesuai arah bp bumn danantara bagai pegang saham jelas proyek minta tadi pegang saham selesai kualitas baik lagi konsumen korban dizolimi perintah sangat jelas tegas tadi kepala danatara ungkap belum bp bumn danantara minta pt adhi karya persero tbk tuntas wajib serah terima unit jumlah proyek lrt city hingga kini terima beli dasar meta adhi karya sekitar unit jual banyak unit telah diserahterimakan konsumen adapun tahu rapat direksi pt adhi karya persero tbk sama kepala bp bumn sekaligus coo danantara dony oskaria kemarin senin sambung halaman ikut langsung klik proses selesai dony tegas selesai soal sebut timbul rugi konsumen khusus masyarakat beli rumah pertama kali tidak boleh rugi konsumen dasar selesai bahwa tidak boleh rugi konsumen konsumen tidak salah kalau orang orang beli rumah rumah pertama ini salah pihak cara internal ujar dony terang tulis selasa untuk tentu langkah selesai danantara dialog wakil konsumen menteri rumah kawasan mukim temu sebut bahas jumlah opsi selesai konsumen belum terima unit adhi karya minta susun hitung biaya selesai proyek rencana bisnis komprehensif langkah sebut perlu untuk pasti opsi selesai milik dasar hitung yang jelas baik lalu selesai bangun maupun kembali dana konsumen dony tegas soal sebut segera milik selesai konkret tidak boleh biar larut larut kan ini harus selesai mungkin apa rugi konsumen kan jadi saya ini harus selesai baik selesai nanti kembali kita bangun harus selesai itu instruksi saya mau ini dibayarin direfund dulu ini harus selesai bukan arti itu dibiarin mangkrak jelas dony,finance
181,gera saham pt summarecon agung tbk smra anjlok usai komisi berantas korupsi kpk laku operasi tangkap tangan ott badan tanah nasional bpn kabupaten bogor operasi sebut tahu turut jaring presiden direktur smra adrianto pitojo adhi dasar data dagang rti business saham smra catat lemah level rp hingga tutup dagang smra gerak zona merah sejak buka dagang pagi tadi buka level rp per saham catat volume dagang besar juta nilai transaksi besar rp miliar catat frekuensi saham dagang banyak kali hari ini smra catat alami aksi jual bersih investor asing net foreign sell besar rp miliar panjang tahun smra catat net foreign sell besar rp miliar informasi presiden direktur smra adrianto pitojo adhi jadi salah satu pihak jaring ott kpk bpn kabupaten bogor ini benar juru bicara kpk budi prasetyo total orang tangkap kpk salah satu pihak jaring direktur jenderal dirjen kendali tertib tanah ruang pptr lampri kepala kantor tanah kan bogor sontang coin manurung kan tangerang tardi benar presiden direktur pt summarecon agung tbk adrianto pitojo adhi ikut jaring ott kata budi kutip detiknews selasa ahi ara,finance
182,pfi mega life metro department store resmi hadir kolaborasi integrasi lindung celaka diri layan personal accident transaksi beli koper metro inisiatif jadi bagi upaya dua usaha ada bawah ekosistem ct corpora hadir solusi lindung lebih relevan mudah akses dekat butuh masyarakat siap jalan kolaborasi usung konsep embedded insurance hadir manfaat lindung bagi alam langgan laku transaksi produk milik kait langsung butuh jalan lalu konsep langgan dapat produk butuh pergi juga oleh tambah manfaat lindung satu rangkai transaksi pfi mega life metro kolaborasi rupa upaya hadir makna lebih buah siap jalan jalan bukan destinasi ingin capai juga tentang bagaimana langkah siap lebih baik masuk lindung beri rasa aman nyaman langgan tahap awal program luncur metro pondok indah mall lalu program sebut langgan laku beli koper jenis apa metro pondok indah mall dapat informasi kena manfaat lindung personal accident sedia sesuai tentu program proses penuh syarat laku langgan terima informasi polis sesuai mekanisme laku kolaborasi jadi langkah awal pfi mega life metro kembang alam langgan lebih integrasi sekaligus buka peluang luas manfaat lindung rupa jaring metro lain bagai wilayah indonesia lindung masyarakat lalu solusi relevan mudah akses rupa bagi komitmen pfi mega life jalan misi we protect dreams lalu kolaborasi metro ingin hadir lindung momen dekat butuh langgan khusus siap jalan percaya buah jalan milik makna lebih tiap langkah siap baik masuk lindung beri rasa aman nyaman program juga jadi langkah awal kembang model embedded insurance dapat beri nilai tambah manfaat makna langgan kata samdarshi sumit president director pfi mega life terang tulis selasa jalan sebut metro lihat kolaborasi bagi dari komitmen terus beri nilai tambah alam belanja langgan department store hadir bagai butuh fashion lifestyle masuk produk koper travel accessories metro upaya hadir solusi tidak fokus produk juga butuh langgan jalan aktivitas hari hari maupun siap jalan metro alam belanja bukan hanya kena produk langgan dapat juga bagaimana kami dapat beri nilai tambah tiap jalan mereka lalu kolaborasi pfi mega life langgan beli koper di metro pondok indah mall kini dapat oleh tambah manfaat lindung personal accident ujar christopher caesario head of marketing communication metro trans fashion indonesia lindung personal accident satu transaksi lalu program kolaborasi langgan dapat jumlah manfaat lain lindung personal accident integrasi transaksi beli koper beri nilai tambah makna lebih langgan siap butuh jalan proses beri informasi penuh lindung rancang mudah akses langgan program sedia bagi langgan laku beli koper jenis apa di metro pondok indah mall sesuai tentu laku cara dapat lindung langgan laku transaksi beli koper jenis apa di metro pondok indah mall langgan dapat informasi kena program manfaat lindung personal accident sesuai tentu laku langgan ikut proses perlu dapat lindung proses selesai informasi polis beri langgan sesuai mekanisme program rincian manfaat lindung langgan penuh tentu program dapat manfaat lindung bagai ikut manfaat tinggal dunia akibat celaka rp manfaat cacat tetap total akibat celaka rp manfaat awat rumah sakit akibat celaka rp per periode tanggung manfaat lindung beri sesuai syarat tentu periode tanggung laku hal ara,finance
183,menteri atr bpn hormat proses hukum laku kasus korupsi seret instansi sebut wakil menteri atr bpn ossy dermawan tegas pihak komitmen dukung penuh proses sedang langsung pertama menteri atr bpn tentu hormat tindak hukum laku kpk aparat tegak hukum aph siapa dua menteri atr bpn akan sikap kooperatif dukung segala proses tengah laku aph ujar ossy terang selasa ossy kata menteri atr bpn akan spekulasi kena substansi perkara maupun kronologi jadi ada terang resmi pihak wenang karena proses jalan belum terang resmi aph tentu etis elok kemudian menteri atr bpn sampai kait substansi perkara kronologis jadi mana informasi informasi tentu sangat kuasa erti kpk tunggu sama sama aph akan sampai resmi papar ossy layan publik tetap jalan menteri atr bpn tetap pasti selenggara perintah layan publik jalan sebut jadi perhati proses hukum sedang langsung tidak dampak butuh masyarakat atas layan tanah sisi menteri atr bpn terus laksana koordinasi antar pimpin pasti integritas terus tingkat dua layan publik tetap hadir tengah isu tengah gulir tutur ossy pasti layan tetap sedia masyarakat tengah proses periksa menteri atr bpn laku kece layan kantor tanah tadi pagi kami laksana kece kantor tanah kabupaten bogor kota tangerang masih jalan normal sesuai prosedural hari hari kami tekan juga hari jangan isu kemudian korban layan publik masyarakat papar ossy belum kpk laku operasi tangkap tangan kantor tanah nasional bpn kabupaten bogor bas orang tangkap kasus kait duga suap urus hak bangun hgb ott sebut laku senin malam jubir kpk budi prasetyo kata total orang yang hasil aman selidik kpk daftar jabat yang aman kpk ott bpn bogor jauh lampri direktur jenderal kendali tertib tanah ruang menteri atr bpn sontang coin manurung kepala kantor tanah kabupaten bogor tardi kepala kantor tanah kota tangerang fahd el fouz alias fahd a rafiq selaku ketua dpp golkar arif sugiyanto selaku mantan bupati kebumen adrianto pitojo adhi selaku presiden direktur pt summarecon agung tbk hal ara,finance
184,kepala eksekutif awas bursa mineral komoditas strategis otoritas jasa uang ojk sarjito sebut timah jadi komoditas tambang strategis pertama dagang indonesia commodity exchange icomex sebut laku lantar timah jadi barang paling lama dagang bursa komoditas derivatif jakarta futures exchange jfx sarjito kata eksposur dagang timah jfx belum besar lantar batas partisipasi yakin dagang timah icomex lebih besar libat holding badan usaha milik negara bumn tambang mind id ini timah dagang jfx sudah cukup lama kita partisipasi waktu masih batas sekarang effort perintah libat mind id tentu tentu perintah mungkin semua dagang kita lihat bursa ini sesuatu sangat bagus ungkap sarjito rapat kerja sama komisi xi dpr ri kompleks parlemen senayan jakarta selasa sarjito kata arah bijak perintah selenggara icomex dorong transparansi awal operasional maupun skema bb harap depan icomex ramai pihak ikut partisipasi bursa akan jadi makin ramai main banyak apa mau mau main bursa likuiditas akan bentuk jelas sarjito kata icomex akan layan minta industri negeri dorong hilir industri tambah minta pasar peran fasilitas produksi akan makin optimal minta industri domestik akan sangat bagus ini dorong hilir industrialisasi optimal juga smelter misal nikel mungkin proses dalam negeri jadi baterai mobilisit bagai pungkas ahi ara,finance
185,pt gadai persero oleh sertifikasi sistem manajemen mutu iso layan kustodi custody services sertifikasi standar internasional terbit lembaga sertifikasi global qscert akreditasi resmi international accreditation forum iaf slovak national accreditation service snas nomor sertifikat q seremoni serah sertifikasi selenggara gadai tower jumat serah sertifikasi tegas komitmen pt gadai persero implementasi tata kelola fasilitas simpan emas vault percaya transparan daya saing global direktur pasar jual kembang produk pt gadai persero selfie dewiyanti sampai capai jadi wujud nyata gadai beri garansi lindung hukum standar layan tinggi nasabah orang laku industri hingga institusi korporasi percaya simpan aset emas andal infrastruktur fisik gedung teknologi integrasi milik gadai kini bukti tara standar kustodi bullion kelas dunia oleh sertifikasi iso layan kustodi rupa tonggak sejarah penting gadai kuat percaya nasabah laku industri bullion lalu standar mutu internasional kami pasti seluruh proses kelola simpan emas fasilitas vault gadai jalan tingkat presisi tinggi ukur kendali celah lalai operasional ungkap selfie terang tulis selasa hasil raih lalu rangkai audit independen ketat no lapor audit c r qms viii cakup selaras standar operasional prosedur sop kuat teknologi sistem aman modern hingga tingkat kompetensi sumber daya manusia sdm sertifikasi profesional sertifikasi iso cakup ruang lingkup operasional layan kustodi seluruh end to end seluruh alur proses mulai verifikasi terima uji murni kadar emas administrasi simpan vault aman fisik sistem hingga proses serah aset emas kendali ketat minimal potensi risiko hilang rusa maupun simpang operasional pionir bullion bank indonesia langkah strategis makin kokoh posisi pimpin gadai sedia ekosistem emas produk lengkap tanah air sedia fasilitas kustodi akreditasi global makin kuat komitmen gadai dalam fasilitas butuh pasar uang bas emas lalu layan kustodi laku industri korporasi kini optimal tata kelola simpan aset emas fisik nila tinggi jamin aman lap standar mutu uji anl ega,finance
186,presidenprabowosubianto catat kali laku segar posisi menteri uang pertama september srimulyaniindrawati ganti olehpurbayayudhisadewa dua september ketikapurbaya digantikansuahasil figur menteri uang milik bijak unggul kontribusi masing masing dukung capai target ekonomi nasional tiga milik peran penting jaga stabilitas ekonomi dorong tumbuh lebih kuat inklusif tingkat tahan indonesia hadap tantang global segar posisi menteri uang ideal makna momentum pasti sinambung kelola anggar dapat belanja negara apbn konteks sebut alam dekat tiga figur tawar perspektif penting kena arah kelola fiskal indonesia jalan bijak fiskal sri mulyani purbaya hingga suahasil lihat tiga corak saling lengkap hati hati jaga fondasi fiskal berani dorong tumbuh upaya jaga imbang kredibilitas bijak rekam jejak menteri uang figur pertama sri mulyani jabat menteri uang bawah pimpin prabowo sejak oktober hingga september lama bulan hari sri mulyani letak fondasi penting bijak ekonomi perintah baru lain lalu upaya jaga sinambung kredibilitas apbn kendali defisit anggar siap kerangka apbn awal anggar program prioritas perintah lanjut reformasi paja kuat koordinasi bijak fiskal moneter hasil tumbuh ekonomi tetap jaga kisar persen periode sebut sri mulyani awal laksana jumlah program prioritas makan gizi gratis mbg sekolah rakyat sekolah unggul revitalisasi sekolah madrasah periksa sehat gratis itu sri mulyani turut kuat bagai program stimulus ekonomi jaga daya beli masyarakat topang tumbuh ekonomi nasional akhir masa jabat dasar realisasi apbn per agustus kerja fiskal nasional tunjuk kondisi relatif solid dapat negara realisasi besar rp triliun turun persen yoy itu belanja negara realisasi rp triliun naik persen yoy demikian apbn catat defisit besar rp triliun tara persen pdb produk domestik bruto lanjut figur dua purbaya jabat menteri uang sejak september hingga september lama bulan hari purbaya tampil tekan lebih agresif agenda tumbuh ekonomi purbaya bawa pandang bijak fiskal pasti roda ekonomi terus gerak kredit alir sektor produktif investasi tumbuh daya beli masyarakat tetap jaga salah satu terobos tonjol bijak pindah dana saldo anggar lebih sal belum tempat bank indonesia jumlah bank umum milik negara himpun bank milik negara himbara bijak sebut arah tingkat likuiditas perban dorong salur kredit turun biaya dana gerak konsumsi investasi cepat aktivitas sektor riil masa pimpin purbaya tumbuh ekonomi tunjuk kerja relatif kuat triwulan iv ekonomi indonesia tumbuh besar persen tahun lanjut triwulan i tumbuh ekonomi capai persen rupa tinggi tahun akhir triwulan ii tumbuh level persen dorong tumbuh purbaya upaya main apbn shock absorber redam guncang harga minyak dunia tingkat akibat eskalasi geopolitik timur tengah awal jumlah negara naik harga bahan bakar minyak bbm perintah indonesia nyata komitmen naik harga bbm subsidi hingga akhir bijak sebut bukti hasil jaga daya beli masyarakat lindung kelompok hasil rendah tahan momentum tumbuh ekonomi akhir masa jabat dasar realisasi apbn per juli kerja fiskal nasional tunjuk kerja solid dapat negara realisasi besar rp triliun naik persen yoy itu belanja negara realisasi rp triliun naik persen yoy demikian apbn catat defisit besar rp triliun tara persen pdb produk domestik bruto figur tiga suahasil lantik menteri uang september suahasil bukan sosok baru lingkung menteri uang suahasil awal kiprah menteri uang anggota tim ahli desentralisasi fiskal lanjut suahasil percaya jabat kepala badan bijak fiskal sejak suahasil kemudian percaya wakil menteri uang suahasil pasuk posisi menteri uang bekal alam panjang teknokrat rumus bijak fiskal wakil menteri uang karakter pimpin relatif tenang bas kaji institusional jadi modal penting jaga sinambung bijak fiskal situasi ganti menteri uang pasar laku ekonomi butuh pasti bukan sekadar nyata optimisme suahasil hadap tantang jembatan dua butuh kerap tentang jaga kredibilitas apbn pasti anggar tetap jadi mesin bangun saling lengkap kuat beda sri mulyani purbaya suahasil baca tentang mutlak tiga representasi tekan beda satu ekosistem bijak fiskal sri mulyani ingat penting bangun jaga fondasi purbaya tekan urgensi gerak ekonomi itu suahasil peluang satu dua dekat sebut suatu imbang bijak lebih ukur lanjut lanjut rangka dukung agenda prabowo target tumbuh ekonomi besar persen bijak menteri uang suahasil perlu rancang ukur dorong tumbuh jaga kredibilitas apbn capai tuju sebut suahasil mampu imbang berani akselerasi tumbuh ekonomi hati hati kelola risiko fiskal tumbuh ekonomi kuat inklusif tidak cukup topang stimulus ekspansi belanja tumbuh sebut harus bangun lalu tingkat produktivitas kualitas investasi luas lapang kerja kuat terima negara efektivitas belanja kelola utang tanggung jawab pada akhir lanjut fiskal bukan sekadar soal jaga angka defisit pasti tiap rupiah apbn mampu hasil manfaat ekonomi sosial nyata masyarakat kurang ruang fiskal generasi datang kamrussamad juru bicara partai gerindra simak video video reshuffle kabinet suahasil ganti purbaya jadi menkeu gambas video detik ang ang,finance
187,momen ganti tahun jadi sempat emas buat self reward tahun penuh kerja keras entah solo trip lama tahan wishlist quality time dua pasang libur seru bareng keluarga tak heran kalau libur akhir tahun jadi bagi lifestyle banyak orang dasar data badan pusat statistik bps panjang dapat miliar jalan wisatawan nusantara naik bahkan desember catat juta jalan masalah libur udah lama idam idam sering kali cuma akhir jadi wacana malah bikin kantong bolong kalau siap matang nah biar rencana libur akhir tahun kamu beneran wujud blu by bca digital bagi lima langkah cerdas cicil sekarang fix in destinasi kunci tanggal tahu mau mana tentu kapan berapa lama jalan tetap tanggal jalan sejak awal hanya bantu susun itinerary leluasa beri waktu lebih panjang siap dana libur biar tabung libur asa berat akhir kamu mulai tabung jauh jauh hari guna blusaving destinasi tanggal kunci langsung sisih dana libur blusaving rutin tak asa beban cash flow bulan budgeting cerdas libur bebas cemas libur senang bukan arti keluar uang banyak banyak tentu anggar sejak awal dana bagi sesuai butuh mulai tiket akomodasi makan aktivitas hingga hal beli lama jalan khusus buat rencana luar negeri budgeting makin presisi fitur bluvalas lewat fitur kamu mulai nabung mata uang asing jauh jauh hari bluvalas dukung delapan mata uang usd sgd jpy gbp aud eur hkd cny kalau negara tuju guna salah satu delapan mata uang sebut kamu langsung tabung mata uang tidak kamu tabung bentuk usd dolar as nilai tukar mata uang libur nanti lebih stabil susun itinerary tetap spontan itinerary bantu buat jalan lebih arah utama ada banyak tempat ingin kunjung susun lebih aktivitas utama masuk tempat memang sudah lama masuk wishlist tapi nggak semua waktu penuh jadwal sisa ruang temu tempat baru habis waktu lebih lama satu destinasi sekadar nikmat suasana buru buru kejar agenda ikut siap senjata bayar anti ribet tiket itinerary metode bayar perlu masuk daftar siap mulai bayar makan beli kopi hingga belanja oleh bagai transaksi kecil jadi bagi penting alam lama jalan lebih destinasi pilih luar negeri siap metode bayar praktis sejak awal buat transaksi asa lebih nyaman begitu perhati tetap tuju alam libur bukan urus bayar hunter promo benefit biar makin worth it jadi smart traveler bukan cuma soal dapat harga paling murah juga tahu bagaimana maksimal bagai untung jalan mulai promo sesuai butuh hingga benefit metode bayar guna semua bantu buat keluar asa lebih nila salah satu mulai pilih metode bayar beri lebih sekadar mudah transaksi garuda x bludebit card blu by bca digital lebih sekadar kartu debit garuda x bludebit card jadi travel buddy erti butuh jalan jalan saat bebas biaya aju tiap transaksi pakai garuda x bludebit card juga bantu kumpul garudamiles plus akses bagai promo tiket eksklusif fitur bluvalas sudah hubung seluruh jenis bludebit card tabung valas sudah kumpul bisa langsung pakai transaksi luar negeri ribet jalan senang akhir tentang temu cara nikmat waktu kita punya dari kami ingin blu selalu tani hari nasabah masuk jadi partner andal saat mereka wujud wishlist jalan akhir tahun mudah aman penuh untung maksimal momen kami hadir blu travel week akan langsung hingga september nasabah bisa manfaat periode untuk dapat promo cashback pasti sangat tarik jadi buat belum punya garuda x bludebit card yuk segera aju bisa dapetin agam manfaat siap nikmat libur akhir tahun maksimal ujar head of brand communications bca digital duardi prihandiko terang tulis selasa telah semua target capai deadline lewat rutinitas panjang lama tahun selesai kini saat nikmat hasil tinggal jenak layar kerja buka wishlist lalu tentu langkah ikut anl ega,finance
188,otoritas jasa uang ojk cabut tentu batas maksimal nasabah akses dana lalu pinjam daring pindar belum nasabah pindar aju pinjam lebih tiga selenggara peer to peer pp lending kepala eksekutif awas lembaga biaya usaha modal ventura lembaga uang mikro lembaga jasa uang lain ojk agusman sebut bijak laku susul tinggi butuh dana masyarakat timbang dinamika butuh dana masyarakat masih cukup tinggi masuk umkm modal kerja jangka pendek sektor informal perlu dukung akses alternatif biaya inklusif mampu jangkau masyarakat belum layan optimal ungkap agusman terang tulis kutip selasa tegas sebut laku panjang selenggara pindar penuh wajib ojk tentu sebut selenggara pindar tingkat jaga kualitas analisis dana penuh prinsip hati hati tata kelola baik terap manajemen risiko pada jaga risiko kredit macet twp maksimal batas dana selenggara pindar jadi laku panjang selenggara pindar penuh wajib pungkas dasar catat detikcom ojk sempat ketat aju pinjam lalu fintech pp lending alias pinjol bijak atur lalu surat edar otoritas jasa uang seojk nomor tahun belum kepala eksekutif awas lembaga biaya usaha modal ventura lembaga uang mikro lembaga jasa uang lain pvml ojk agusman tegas ketat aju pinjol cipta ekosistem lebih aman masyarakat salah satu bentuk ketat sebut masyarakat boleh aju pinjam maksimal tiga aplikasi pinjol layan pinjol masuk kategori legal alias kantong izin daftar ojk tekan biasa gali lubang tutup lubang pagar perilaku gali lubang tutup lubang hanya boleh maksimal platform kita harap depan kalau paltformnya makin banyak kasi sempat betul betul jadi gali lubang tutup lubang arisan aja kan bahaya kata agusman konferensi pers hotel four season jakarta selatan jumat lihat video utang pinjol warga ri nambah rp t bulan,finance
189,direktorat jenderal bea cukai djbc menteri uang kemenkeu gagal upaya selundup emas ilegal total capai kilogram panjang sejak awal tahun hingga september direktur jenderal bea cukai djaka budhi utama kata ratus kilogram emas hasil aman sebut rupa akumulasi hasil tindak tega hukum batas pintu keluar masuk wilayah indonesia jumlah total dapat atau hasil cegah bawa keluar kurang lebih sekitar kilogram total tanggal september kata djaka konferensi pers tindak ekspor ilegal emas kantor pusat djbc jakarta timur selasa djaka tambah seluruh barang bukti emas sita hasil tindak sudah selesai perkara milik kuat hukum tetap inkracht nanti lelang terima negara apabila sidi sudah lengkap sudah kuat hukum tetap akan laksana mekanisme lalu lelang mekanisme lain rangka terima negara tutur djbc aman kilogram emas ilegal empat bandara internasional ri ratus kilogram emas ilegal hasil aman djbc kilogram antara rupa hasil rangkai tindak empat bandara internasional bandara kualanamu soekarno hatta i gusti ngurah rai sam ratulangi september djaka emas ilegal hasil aman empat bandara tilik nilai seluruh capai rp miliar potensi kerugiaan terima negara hasil selamat upaya selundup sebut capai rp miliar upaya selundup emas laku pihak pihak tentu empat bandara internasional mulai tanggal september bea cukai aman emas bagai jenis total berat kurang lebih kilogram ujar kira nilai barang capai kurang lebih rp miliar aman total potensi rugi negara potensi bea keluar harus pungut besar rp miliar sambung djaka modus temu agam mulai sembunyi logam duga emas alat elektronik bawa emas barang bawa tumpang hingga sembunyi tubuh dengan modus body strapping emas ilegal ri banyak kirim china hingga dubai wakil direktur tindak pidana tentu bareskrim polri bambang wijanarko jelas hasil telusur sidi dalam tugas temu libat jaring selundup emas ilegal internasional beda jaring china india jaring china emas selundup tuju hong kong jaring india bagi rute kirim bangkok manila hingga dubai mana pihak polisi identifikasi beneficial owner modal utama jaring india domisili dubai ungkap atas dalam apa sudah laku rekan rekan bea cukai ada tindak upaya selundup emas ilegal lalu pintu bandara internasional selalu ambil langkah kemudian laku dalam tarik hulu ujar alhamdulillah sudah punya nama nama nama nama jaring china siapa sedang koordinasi dengan imigrasi kemudian buat profiling laku upaya kejar baik lalu red notice jenis sambung bambang luar ia tegas dalam tangan perkara upaya selundup emas ilegal luar negeri bareskrim polri henti tindak pintu bandara internasional polisi saat tengah usut rantai pasok hingga hulu untuk lacak sumber emas duga asal tambang emas izin bagai daerah dapat pasti jaring cina jaring india ini adalah jaring beda dan kendali langsung dari luar negeri kita sedang laku identifikasi dan upaya kejar siapa kemudian suplai emas itu dari tambang ilegal ada bagai provinsi indonesia pungkas lihat video wn china tangkap usai pergok selundup kg emas nila rp m,finance
190,ribu pegawai menteri kerja umum pu indikasi main judi online judol lebih ribu frekuensi transaksi judi online total nilai transaksi capai lebih rp miliar panjang periode atas temu sebut total pegawai menteri pu indikasi laku judi online bagi beri sanksi bagi lain sedang proses jatuh sanksi sesuai tingkat langgar tentu laku temu praktik judi online pegawai sebut jadi perhati serius menteri pu bagi komitmen jaga integritas disiplin profesionalisme aparatur inspektorat jenderal menteri pu laku periksa pasti indikasi ditindaklanjuti dasar data bukti tentu laku menteri pu dody hanggodo kata tangan judi online lingkung menteri pu jadi bagi upaya jaga percaya publik aparatur sipil negara institusi menteri pu menteri pu kelola kerja anggar negara jumlah sangat besar itu tuntut orang orang dalam milik disiplin integritas padan tanggung jawab sebut kata dody terang resmi selasa menteri pu pandang judi online bukan sekadar soal pribadi beri dampak hidup keluarga kondisi sosial kerja disiplin pegawai itu upaya tangan laku hanya lalu tega disiplin juga kuat bina langkah langkah cegah lingkung menteri pu sekretaris jenderal menteri pu apri artoto kata temu sebut jadi bahan evaluasi menteri pu terus kuat sistem bina awas internal pegawai laku tangan pegawai bukti laku langgar sesuai tentu laku juga laku evaluasi seluruh sistem awas bina pegawai lihat area mana perlu kuat bagaimana upaya bina laku lebih efektif langkah langkah cegah perlu tingkat potensi risiko rupa identifikasi tangan din mungkin tutur apri itu inspektur jenderal menteri pu maulidya indah junica jelas pegawai bukti laku langgar kena sanksi sesuai tingkat langgar langgar ringan sanksi upa tegur lisan tegur tulis hingga nyata puas tulis langgar sedang sanksi beri upa tunda naik gaji kala tunda naik pangkat hingga turun pangkat lama satu tahun langgar berat kena sanksi upa turun jabat bebas jabat hingga henti pegawai sesuai tentu laku kata maulidya lihat juga video kemensos telusur juta kpm indikasi judol bansosnya tahan,finance
191,posisi utang luar negeri uln indonesia juli tembus us miliar sekitar rp triliun kurs rp bank indonesia bi catat tumbuh uln tahun kembang jadi utama pengaruh tingkat uln publik tengah turun uln swasta uln stabil tak banyak ubah banding posisi juni besar us miliar uln sisi perintah juli catat us miliar tumbuh besar tahun kembang uln perintah sebut utama pengaruh alir masuk surat harga negara sbn internasional cermin percaya investor prospek ekonomi indonesia tetap jaga perintah tetap komitmen jaga kredibilitas penuh wajib bayar pokok bunga utang tepat waktu kelola uln pruden ukur fleksibel wujud biaya efisien optimal tulis direktur eksekutif departemen komunikasi bi ramdan denny prakoso terang selasa salah satu komponen instrumen biaya anggar dapat belanja negara apbn manfaat uln terus arah dukung biaya sektor produktif tetap perhati aspek sustainabilitas kelola uln dasar sektor ekonomi uln perintah manfaat dukung sektor jasa sehat giat sosial besar total uln perintah lalu administrasi perintah tahan jamin sosial wajib besar kemudian jasa didik sektor konstruksi besar sektor transportasi gudang besar posisi uln perintah relatif aman kendali ingat hampir seluruh uln perintah rupa utang jangka panjang lanjut ramdan denny sisi lain uln swasta turun posisi uln swasta juli catat besar us miliar atau alami kontraksi besar tahun kembang sebut dorong uln kelompok pinjam bukan lembaga uang nonfinancial corporations lembaga uang financial corporations masing masing alami kontraksi dasar sektor ekonomi posisi uln swasta utama asal sektor industri olah jasa uang asuransi ada listrik gas tambang gali pangsa capai total uln swasta uln swasta tetap dominasi utang jangka panjang struktur uln indonesia tetap sehat dukung terap prinsip hati hati kelola ini cermin rasio uln indonesia produk domestik bruto pdb catat besar juli dominasi uln jangka panjang lihat video utang luar negeri indonesia tambah banyak kini sentuh rp triliun,finance
192,otoritas jasa uang ojk resmi indonesia commodity exchange icomex bursa mineral komoditas strategis kamis bentuk icomex nanti masuk atur ojk pojk rencana sah pasar hari sama kepala eksekutif awas bmks ojk sarjito jelas dapat pojk sah september datang alih awas badan awas dagang jangka komoditi bappebti regulasi tentang selenggara bmks tanggal september hari sangat penting mana rpojk alih bursa mineral komunitas strategis rpojk kena selenggara bursa mineral komunitas strategis undang rencana ada bentuk icomex ungkap sarjito rapat kerja sama komisi xi kompleks parlemen senayan jakarta selasa kemudian panjang september hingga november ojk laku bagai siap internal bangun koordinasi seluruh stakeholder kait siap sebut cakup susun atur hingga laksana teknis bmks lanjut januari perintah terbit izin ikut operasional bmks kemudian januari icomex baru mulai operasional dagang kemudian awal januari tanggal januari harap dagang bursa mineral komoditas strategis pertama kali progres lalu entitas icomex jelas sarjito sebut rinci apa komoditas tambang gali akan masuk skema dagang icomex pasal komoditas sebut nanti masuk atur presiden pres dapat bab rpojk selenggara bmks tentu umum selenggara bmks selenggara infrastruktur bmks laku giat dagang tahap dagang hingga selenggara transaksi itu dapat bab muat manajemen risiko lindung guna jasa integritas pasar koordinasi tukar data interoperabilitas sistem kembang produk inovasi pasar atur awas tega patuh dan sanksi administratif lihat juga video ojk luas literasi uang hingga ujung selatan indonesia,finance
193,direktorat jenderal bea cukai djbc menteri uang kemenkeu nyata tunggu putus tindak lanjut resmi kait proses ombak personel jabat lingkung sebut sampai direktur jenderal bea cukai djaka budhi utama respons tanya ombak internal kemenkeu purbaya yudhi sadewa jabat menteri uang menkeu kamis lalu sedang tunggu apa laku kantor pusat menteri uang kait personil pindah baik khusus bea bea cukai saja mungkin saya jelas jawab djaka singkat konferensi pers kantor pusat djbc jakarta timur selasa belum menteri uang menkeu suahasil nazara buka buka kait nasib ombak jabat laku lama purbaya yudhi sadewa ia jabat bendahara negara soal nasib ombak sudah laku purbaya suahasil kata pihak lihat lebih putus menteri uang landas atur lomba kita lihat kemarin memang lantik minggu lalu tentu kita lihat lantik apa putus menteri uang apa kita akan tindak lanjut situ beber suahasil usai lantik istana negara jakarta pusat senin ombak ratus jabat lingkung kemenkeu akhir laku oleh purbaya kamis september hal mayoritas ombak ditjen bea cukai ditjen pajak ombak jadi jabat pimpin tinggi pratama jabat administrator jabat awas jabat fungsional jabat unit organisasi non eselon kemenkeu kala purabaya kata ubah jabat laku bagi dari proses organisasi pasti kemenkeu lebih adaptif banyak pihak sebut ombak ratus jabat jadi salah satu masalah besar buat posisi purbaya ganti suahasil suahasil menep kabar sebut nyata internal menteri aman tidak masalah aman aman kata yakin konfirmasi soal ribut ribut ombak jabat simak video purbaya soal isu dirjen bea cukai bakal copot lihat minggu depan,finance
194,direktur utama mind id maroef sjamsoeddin ungkap sebab insiden bakar kantor pt timah belitung agustus lalu maroef salah satu picu bayar jasa tambang masyarakat laku maroef sebut bayar kendala lantar kuota rencana kerja anggar biaya rkab pt timah belitung habis sisi giat jasa tambang masyarakat terus langsung adapun tidak laksana bayar sebut akibat dampak kuota rkab pt timah belitung telah habis pakai saat giat jasa tambang tetap langsung jelas maroef rapat komisi xii dpr ri kompleks parlemen jakarta selasa atas soal sebut mind id sama pt timah koordinasi bagai pihak masuk perintah masyarakat perintah kemudian terbit atur presiden pres nomor tahun beleid sebut jadi dasar hukum pt timah laku baik tata kelola tambang timah belitung beberapa atur lain baik tata kelola wilayah izin usaha tambang iup pt timah hingga cepat kuat tata kelola pres atur oleh komoditas timah luar wilayah iup pt timah produksi atas kuota rkab khusus belitung lama proses benah langsung tiga tentu oleh komoditas timah luar wilayah izin usaha tambang pt timah empat tentu produksi atas kuota rkab khusus wilayah belitung lama proses baik tata kelola ujar berita belum masyarakat tambang pasir timah sampai unjuk rasa kantor operasional pt timah camat gantung kabupaten belitung timur beltim tuntut pihak usaha beli pasir timah hasil tambang masyarakat yang beberapa minggu akhir beli sendat lokasi unjuk rasa langsung tepat desa lenggang belum sempat temu pihak usaha emosi massa tak bendung buat anarkis tampak bakar jumlah barang hingga api rembet gedung unit pt timah bakar simak video pt timah buka suara soal aksi demo ricuh tambang belitung timur,finance
195,purbaya yudhi sadewa tolak tempat posisi menteri lembaga atau malah siap posisi menteri bidang ia tegas diri tidak minat sama sekali jadi jabat negara lah baru pecat masa jadi menteri ujar usai serah terima jabat kantor kemenkeu jakarta pusat selasa pula tanya kena prosesi depan jadi ekonom atau gubernur pusat financial internasional indonesia pfii yang rumor purbaya elak mau mancing belakang rumah tambah purbaya justru usai tak jabat bendahara negara purbaya kata halaman belakang rumah kolam risi banyak ikan habis mau pulang mancing belakang rumah kata purbaya informasi lantik suahasil menkeu baru jadi ganti main dua jabat bendahara negara mana purbaya catat jabat menkeu lama tahun sejak lantik prabowo september ganti sri mulyani simak video kelakar purbaya mau mancing lamun pecat,finance
196,purbaya yudhi sadewa laku proses serah terima jabat sertijab menteri uang menkeu suahasil nazara balik ganti purbaya suahasil muncul isu masalah internal menteri uang banyak pihak kata masalah internal menteri buat purbaya ganti suahasil khusus soal urus direktorat jenderal pajak bea cukai purbaya menep kabar sebut enggak enggak gesek sih enggak jelas itu hak prerogatif presiden yang beliau udah putus ujar purbaya usai sertijab menteri uang kemenkeu selasa nada gurau purbaya kata satu tahun jabat menteri uang cukup tahun kan udah cukup dulu kan udah tanda tangan dulu kontrak tahun ikutin tambah pisah direktur jenderal bea cukai djbc djaka budhi utama ban kabar sebut tegas kabar masalah internal bohong kata siapa lu ngarang ngarang aja nggak benar bohong bohong kata djaka simak video blak blakan purbaya soal alas copot,finance
197,pt bayan resources tbk byan umum ada kahar alias force majeure kondisi sebut jadi tuju ubah rencana kerja anggar biaya rkab terbit kutip buka informasi selasa manajemen byan jelas pada september tiga anak usaha pt tiwa abadi ta pt tanur jaya tj pt fajar sakti prima fsp sampai pemberitahuan ada kahar wajib penuh sedia batubara dasar janji sedia batubara coal supply agreement para langgan akibat rkab terbit padahal kata manajemen mohon tuju ubah rkab aju sesuai tentu undang undang laku belum terbit tuju ubah rkab sebut kondisi pengaruh mampu bayan resources anak anak usaha penuh wajib pasok batu bara langgan hubung hal sebut persero anak anak usaha memberitahukan ada sebut atas suatu peristiwa ada kahar force majeure para langgan tulis terang tulis kutip buka informasi belum terbit tuju ubah rkab akibat dampak cukup material langsung usaha persero demikian laku pemberitahuan ada kahar harap meminimalisir risiko atau konsekuensi persero anak anak usaha simak video prabowo hapus utang kur tani korban banjir aceh ini force majeure hrp fdl,finance
198,bp bumn danantara dorong selesai soal lrt city laku seluruh tetap utama hak penting konsumen adhi karya minta tuntas wajib serah terima unit hingga kini terima beli kepala bp bumn sekaligus coo danantara dony oskaria tegas selesai soal sebut timbul rugi konsumen khusus masyarakat beli rumah pertama kali boleh rugi konsumen dasar selesai bahwa boleh rugi konsumen ujar dony terang tulis selasa konsumen salah kalau orang orang beli rumah rumah pertama salah pihak cara internal sambung dasar meta adhi karya unit jual banyak unit telah diserahterimakan konsumen dapat sekitar unit belum diserahterimakan sebar jumlah proyek lrt city tentu langkah selesai danantara dialog wakil konsumen menteri rumah kawasan mukim temu sebut bahas jumlah opsi selesai konsumen belum terima unit adhi karya minta susun hitung biaya selesai proyek rencana bisnis komprehensif langkah sebut perlu pasti opsi selesai milik dasar hitung jelas baik lalu selesai bangun maupun kembali dana konsumen dony tegas soal sebut segera milik selesai konkret boleh biar larut larut kan selesai mungkin apa rugi konsumen kan jadi saya harus selesai baik selesai nanti kembali kita bangun jelas dony itu harus selesai itu instruksi saya mau dibayarin direfund dulu ini harus selesai bukan arti itu dibiarin mangkrak imbuh bp bumn danantara tegas selesai lrt city harus beri pasti konsumen sekaligus pasti proyek masalah tidak kembali jadi beban masyarakat telah penuh wajib hnu ega,finance
199,direktur jenderal pajak djp bimo wijayanto pasti cair restitusi wajib pajak sesuai standar operasional prosedur sop sampai bimo tengah ganti pucuk pimpin menteri uang bimo kata cair restitusi laku selektif ukur rencana arah sektor patuh jadi resitusi memang selektif lebih ukur lebih rencana arah sesuai sektor memang betul betul patuh lain dalam periksa ujar bimo temu menteri uang jakarta selasa bimo kata restitusi pajak cair lalu sop sudah tetap depan bijak restitusi pajak laksana sesuai arah menteri uang menkeu baru suahasil nazara periksa standar sop nya direkturat jenderal pajak pada posisi langgar sop sesuai arah pak sua bagaimana segala macemnya kan sesuai butuh dana bangun kemudian juga manage defisit apbn tetap postur kuat sehat tangguh lanjut beber bagai informasi restitusi pajak jadi salah satu hambat sorot usaha ketua umum asosiasi usaha indonesia apindo shinta kamdani harap restitusi pajak selesai hal sebut jadi salah satu beban usaha harap tentu ada mekanisme selesai harap moga juga selesai tentu sangat beban usaha utama segi arus kas restitusi sangat penting mereka jalan usaha ujar shinta kemenkeu tahu restitusi pajak mekanisme kembali dana wajib pajak mereka bayar pajak lebih besar turut terang direktorat jenderal pajak djp restitusi dapat laku atas kondisi kembali lebih bayar pajak yang utang kondisi jadi wajib pajak bayar pajak padahal harus tidak utang pajak kembali lebih bayar pajak pph ppn atau ppnbm kondisi ini jadi wajib pajak bayar pajak lebih besar yang mesti acd acd,finance
200,pertamina new renewable energy pertamina nre resmi luncur bioethanol development center tegineneng kabupaten sawar lampung senin fasilitas kembang platform kembang uji bioetanol skala pilot mulai kembang bahan baku feedstock budidaya uji teknologi hingga validasi proses produksi bioetanol direktur utama pertamina nre john anis papar tuju bangun bioethanol development center sisi teknologi kembang depan dekat multi feedstock multi generation technology manfaat agam potensi bahan baku teknologi produksi bioetanol generasi pertama g maupun generasi dua g dekat sebut harap optimal potensi sumber daya lokal sekaligus dukung kembang ekosistem bioetanol nasional lebih lanjut john anis papar terang sorgum jadi salah satu bahan baku tarik kembang milik potensi produktivitas siklus panen kompetitif tarik sorgum selain produktivitas siklus bisa tiga kali panen tahun ujar john anis terang selasa kembang sorgum lampung arah terap dekat multi generation manfaat nira bahan baku bioetanol generasi pertama g batang bagi biomassa sisa ambil nira kembang bahan baku bioetanol generasi dua g john jelas bioethanol development center lampung kembang fasilitas pilot kapasitas produksi bioetanol hingga kiloliter per tahun fasilitas guna uji bagai kombinasi bahan baku teknologi mulai pre treatment hidrolisis fermentasi distilasi hingga dehidrasi masuk tahap pre treatment olah bahan baku g pertamina nre sangat komitmen dukung program presiden cita cita besar capai produksi juta kiloliter bioetanol per tahun sistem multi generation kata john anis momentum luncur tanda penandatanganan nota paham pertama sepakat sama pertamina nre perintah provinsi lampung kembang agribisnis tahan energi pangan provinsi lampung dua nota paham pertamina nre toyota group jajak potensi teknis komersial produksi manfaat bioetanol lanjut indonesia masuk lalu kaji layak kembang manfaat teknologi tukar tahu alam wakil menteri investasi hilir wakil kepala badan koordinasi tanam modal bkpm todotua pasaribu sampai kembang bioetanol bentuk ekosistem temu tani industri teknologi investasi masyarakat satu rantai ekonomi bas energi baru lampung milik ribu kl strategi utama reaktivasi sinergi ptpn kembang sorgum integrasi generasi pertama g generasi dua g pilot bioethanol development center pusat kembang contoh biomassa hilir singkong hilir jagung konversi pabrik dapat dukung tahan energi ujar todotua itu komisaris utama pt pertamina persero mochammad iriawan sambut dukung luncur terima kasih atas dukung beri todotua gubernur lampung rahmat mirzani djausal sukses bangun bioethanol development center luncur bioethanol development center sekaligus tanda mula kembang lampung salah satu pusat kembang bioetanol end to end mulai kembang budidaya bahan baku hingga olah validasi teknologi depan hasil uji skala pilot akan jadi dasar technical economic and commercial assessment tentu kembang tuju skala demonstrasi komersial informasi giat luncur hadir jumlah mang penting dari perintah pertamina industri akademisi mitra strategis hadir lain wakil menteri investasi hilir wakil kepala badan koordinasi tanam modal bkpm todotua pasaribu komisaris utama pt pertamina persero mochamad iriawan direktur manajemen risiko pt pertamina persero ahmad siddik badruddin direktur utama pertamina nre john anis gubernur provinsi lampung rahmat mirzani djausal presiden direktur pt toyota motor manufacturing indonesia tmmin nandi julyanto dan presiden direktur toyota tsusho indonesia tti toru murakami anl ega,finance
